latitude,longitude,elevation,utc_offset_seconds,timezone,timezone_abbreviation
21.968365,78.981476,696.0,19800,Asia/Kolkata,GMT+5:30

time,temperature_2m (°C),relative_humidity_2m (%),apparent_temperature (°C),precipitation (mm),rain (mm),snowfall (cm)
2025-01-24T00:00,16.6,73,16.3,0.00,0.00,0.00
2025-01-24T01:00,15.6,79,15.5,0.00,0.00,0.00
2025-01-24T02:00,15.7,79,15.4,0.00,0.00,0.00
2025-01-24T03:00,15.4,81,15.1,0.00,0.00,0.00
2025-01-24T04:00,14.9,83,14.7,0.00,0.00,0.00
2025-01-24T05:00,14.8,82,14.0,0.00,0.00,0.00
2025-01-24T06:00,14.2,88,13.9,0.00,0.00,0.00
2025-01-24T07:00,14.6,87,13.8,0.00,0.00,0.00
2025-01-24T08:00,17.5,77,17.1,0.00,0.00,0.00
2025-01-24T09:00,20.9,66,21.1,0.00,0.00,0.00
2025-01-24T10:00,23.3,56,23.6,0.00,0.00,0.00
2025-01-24T11:00,24.6,51,26.1,0.00,0.00,0.00
2025-01-24T12:00,25.6,49,27.8,0.00,0.00,0.00
2025-01-24T13:00,26.2,48,28.4,0.00,0.00,0.00
2025-01-24T14:00,26.9,44,28.5,0.00,0.00,0.00
2025-01-24T15:00,27.1,40,27.5,0.00,0.00,0.00
2025-01-24T16:00,26.8,39,26.8,0.00,0.00,0.00
2025-01-24T17:00,24.5,54,25.1,0.00,0.00,0.00
2025-01-24T18:00,22.1,61,23.1,0.00,0.00,0.00
2025-01-24T19:00,20.9,65,20.1,0.00,0.00,0.00
2025-01-24T20:00,20.0,69,19.4,0.00,0.00,0.00
2025-01-24T21:00,18.9,73,18.2,0.00,0.00,0.00
2025-01-24T22:00,18.1,77,17.7,0.00,0.00,0.00
2025-01-24T23:00,17.2,82,17.1,0.00,0.00,0.00
2025-01-25T00:00,16.8,83,16.5,0.00,0.00,0.00
2025-01-25T01:00,16.3,84,15.8,0.00,0.00,0.00
2025-01-25T02:00,15.5,87,14.7,0.00,0.00,0.00
2025-01-25T03:00,14.9,89,14.0,0.00,0.00,0.00
2025-01-25T04:00,14.4,90,13.5,0.00,0.00,0.00
2025-01-25T05:00,14.0,89,13.3,0.00,0.00,0.00
2025-01-25T06:00,13.5,93,13.0,0.00,0.00,0.00
2025-01-25T07:00,13.9,89,13.0,0.00,0.00,0.00
2025-01-25T08:00,16.5,78,15.9,0.00,0.00,0.00
2025-01-25T09:00,19.8,65,19.5,0.00,0.00,0.00
2025-01-25T10:00,22.4,57,22.6,0.00,0.00,0.00
2025-01-25T11:00,24.1,53,25.8,0.00,0.00,0.00
2025-01-25T12:00,25.3,51,27.5,0.00,0.00,0.00
2025-01-25T13:00,26.1,48,28.3,0.00,0.00,0.00
2025-01-25T14:00,27.1,44,28.4,0.00,0.00,0.00
2025-01-25T15:00,27.6,40,27.6,0.00,0.00,0.00
2025-01-25T16:00,27.3,37,26.6,0.00,0.00,0.00
2025-01-25T17:00,24.8,52,25.8,0.00,0.00,0.00
2025-01-25T18:00,22.0,63,23.0,0.00,0.00,0.00
2025-01-25T19:00,20.5,59,20.5,0.00,0.00,0.00
2025-01-25T20:00,19.4,61,18.4,0.00,0.00,0.00
2025-01-25T21:00,18.2,69,17.4,0.00,0.00,0.00
2025-01-25T22:00,17.7,72,16.8,0.00,0.00,0.00
2025-01-25T23:00,17.1,75,16.3,0.00,0.00,0.00
2025-01-26T00:00,16.2,80,15.7,0.00,0.00,0.00
2025-01-26T01:00,15.2,85,14.6,0.00,0.00,0.00
2025-01-26T02:00,14.4,87,13.6,0.00,0.00,0.00
2025-01-26T03:00,13.6,89,12.8,0.00,0.00,0.00
2025-01-26T04:00,13.1,89,12.1,0.00,0.00,0.00
2025-01-26T05:00,12.8,89,11.8,0.00,0.00,0.00
2025-01-26T06:00,12.6,91,11.9,0.00,0.00,0.00
2025-01-26T07:00,13.3,86,12.5,0.00,0.00,0.00
2025-01-26T08:00,16.3,74,15.8,0.00,0.00,0.00
2025-01-26T09:00,19.5,61,19.2,0.00,0.00,0.00
2025-01-26T10:00,22.2,52,22.1,0.00,0.00,0.00
2025-01-26T11:00,24.0,47,25.3,0.00,0.00,0.00
2025-01-26T12:00,25.5,44,27.3,0.00,0.00,0.00
2025-01-26T13:00,27.0,36,27.8,0.00,0.00,0.00
2025-01-26T14:00,27.9,27,26.7,0.00,0.00,0.00
2025-01-26T15:00,27.6,26,24.9,0.00,0.00,0.00
2025-01-26T16:00,26.6,27,23.9,0.00,0.00,0.00
2025-01-26T17:00,23.9,36,22.1,0.00,0.00,0.00
2025-01-26T18:00,21.2,50,19.6,0.00,0.00,0.00
2025-01-26T19:00,20.0,50,17.9,0.00,0.00,0.00
2025-01-26T20:00,18.2,55,16.9,0.00,0.00,0.00
2025-01-26T21:00,17.1,60,15.5,0.00,0.00,0.00
2025-01-26T22:00,16.4,63,15.0,0.00,0.00,0.00
2025-01-26T23:00,15.8,66,14.4,0.00,0.00,0.00
2025-01-27T00:00,14.8,69,13.2,0.00,0.00,0.00
2025-01-27T01:00,13.9,71,12.5,0.00,0.00,0.00
2025-01-27T02:00,13.2,72,11.8,0.00,0.00,0.00
2025-01-27T03:00,12.8,72,11.2,0.00,0.00,0.00
2025-01-27T04:00,12.7,71,10.9,0.00,0.00,0.00
2025-01-27T05:00,12.6,70,10.8,0.00,0.00,0.00
2025-01-27T06:00,12.3,72,10.7,0.00,0.00,0.00
2025-01-27T07:00,13.0,69,11.2,0.00,0.00,0.00
2025-01-27T08:00,16.7,58,15.1,0.00,0.00,0.00
2025-01-27T09:00,19.9,50,18.8,0.00,0.00,0.00
2025-01-27T10:00,22.8,41,21.9,0.00,0.00,0.00
2025-01-27T11:00,24.7,38,24.9,0.00,0.00,0.00
2025-01-27T12:00,26.2,35,26.7,0.00,0.00,0.00
2025-01-27T13:00,27.1,31,27.3,0.00,0.00,0.00
2025-01-27T14:00,27.5,30,27.1,0.00,0.00,0.00
2025-01-27T15:00,27.5,30,26.1,0.00,0.00,0.00
2025-01-27T16:00,27.0,31,25.7,0.00,0.00,0.00
2025-01-27T17:00,24.4,48,24.5,0.00,0.00,0.00
2025-01-27T18:00,21.3,42,19.7,0.00,0.00,0.00
2025-01-27T19:00,19.1,45,17.3,0.00,0.00,0.00
2025-01-27T20:00,17.7,51,16.1,0.00,0.00,0.00
2025-01-27T21:00,16.7,55,14.9,0.00,0.00,0.00
2025-01-27T22:00,16.3,56,14.3,0.00,0.00,0.00
2025-01-27T23:00,15.5,59,13.6,0.00,0.00,0.00
2025-01-28T00:00,14.5,64,12.6,0.00,0.00,0.00
2025-01-28T01:00,13.8,66,12.1,0.00,0.00,0.00
2025-01-28T02:00,13.6,65,11.7,0.00,0.00,0.00
2025-01-28T03:00,13.4,65,11.5,0.00,0.00,0.00
2025-01-28T04:00,13.1,66,11.3,0.00,0.00,0.00
2025-01-28T05:00,12.6,68,11.1,0.00,0.00,0.00
2025-01-28T06:00,12.8,66,11.3,0.00,0.00,0.00
2025-01-28T07:00,13.5,64,11.6,0.00,0.00,0.00
2025-01-28T08:00,16.9,55,15.1,0.00,0.00,0.00
2025-01-28T09:00,20.6,45,19.0,0.00,0.00,0.00
2025-01-28T10:00,23.2,39,22.0,0.00,0.00,0.00
2025-01-28T11:00,24.9,38,25.5,0.00,0.00,0.00
2025-01-28T12:00,26.1,38,27.3,0.00,0.00,0.00
2025-01-28T13:00,26.9,38,28.1,0.00,0.00,0.00
2025-01-28T14:00,27.5,36,28.0,0.00,0.00,0.00
2025-01-28T15:00,27.6,35,27.1,0.00,0.00,0.00
2025-01-28T16:00,27.1,36,26.4,0.00,0.00,0.00
2025-01-28T17:00,24.3,53,24.4,0.00,0.00,0.00
2025-01-28T18:00,21.6,54,21.2,0.00,0.00,0.00
2025-01-28T19:00,21.5,53,21.3,0.00,0.00,0.00
2025-01-28T20:00,20.6,56,20.8,0.00,0.00,0.00
2025-01-28T21:00,18.4,60,17.2,0.00,0.00,0.00
2025-01-28T22:00,17.1,57,16.0,0.00,0.00,0.00
2025-01-28T23:00,17.0,52,15.1,0.00,0.00,0.00
2025-01-29T00:00,16.3,51,14.4,0.00,0.00,0.00
2025-01-29T01:00,16.0,51,14.2,0.00,0.00,0.00
2025-01-29T02:00,16.1,50,14.6,0.00,0.00,0.00
2025-01-29T03:00,16.0,49,14.4,0.00,0.00,0.00
2025-01-29T04:00,15.7,50,14.1,0.00,0.00,0.00
2025-01-29T05:00,15.9,51,14.7,0.00,0.00,0.00
2025-01-29T06:00,16.2,60,15.7,0.00,0.00,0.00
2025-01-29T07:00,16.8,66,16.8,0.00,0.00,0.00
2025-01-29T08:00,19.5,62,20.0,0.00,0.00,0.00
2025-01-29T09:00,22.4,56,22.5,0.00,0.00,0.00
2025-01-29T10:00,24.4,54,24.4,0.00,0.00,0.00
2025-01-29T11:00,25.9,50,26.2,0.00,0.00,0.00
2025-01-29T12:00,27.0,46,27.4,0.00,0.00,0.00
2025-01-29T13:00,27.6,44,28.2,0.00,0.00,0.00
2025-01-29T14:00,27.9,44,28.3,0.00,0.00,0.00
2025-01-29T15:00,27.8,45,27.8,0.00,0.00,0.00
2025-01-29T16:00,27.5,46,27.7,0.00,0.00,0.00
2025-01-29T17:00,25.8,55,26.5,0.00,0.00,0.00
2025-01-29T18:00,23.2,64,24.2,0.00,0.00,0.00
2025-01-29T19:00,21.9,69,23.0,0.00,0.00,0.00
2025-01-29T20:00,21.6,69,22.7,0.00,0.00,0.00
2025-01-29T21:00,21.2,69,22.0,0.00,0.00,0.00
2025-01-29T22:00,20.3,72,21.2,0.00,0.00,0.00
2025-01-29T23:00,19.4,74,20.4,0.00,0.00,0.00
2025-01-30T00:00,18.7,77,19.3,0.00,0.00,0.00
2025-01-30T01:00,18.4,79,19.0,0.00,0.00,0.00
2025-01-30T02:00,18.4,78,18.8,0.00,0.00,0.00
2025-01-30T03:00,18.4,77,18.6,0.00,0.00,0.00
2025-01-30T04:00,18.5,76,18.6,0.00,0.00,0.00
2025-01-30T05:00,18.2,77,18.4,0.00,0.00,0.00
2025-01-30T06:00,17.7,79,18.0,0.00,0.00,0.00
2025-01-30T07:00,18.3,77,18.6,0.00,0.00,0.00
2025-01-30T08:00,21.3,68,21.8,0.00,0.00,0.00
2025-01-30T09:00,24.0,58,24.3,0.00,0.00,0.00
2025-01-30T10:00,25.9,51,25.7,0.00,0.00,0.00
2025-01-30T11:00,27.5,46,28.1,0.00,0.00,0.00
2025-01-30T12:00,28.5,43,29.4,0.00,0.00,0.00
2025-01-30T13:00,29.2,40,29.9,0.00,0.00,0.00
2025-01-30T14:00,29.8,36,29.8,0.00,0.00,0.00
2025-01-30T15:00,30.0,31,28.4,0.00,0.00,0.00
2025-01-30T16:00,28.8,31,26.3,0.00,0.00,0.00
2025-01-30T17:00,26.6,36,24.9,0.00,0.00,0.00
2025-01-30T18:00,24.0,43,23.0,0.00,0.00,0.00
2025-01-30T19:00,21.7,55,21.6,0.00,0.00,0.00
2025-01-30T20:00,20.7,60,20.6,0.00,0.00,0.00
2025-01-30T21:00,20.7,59,19.9,0.00,0.00,0.00
2025-01-30T22:00,20.4,60,19.2,0.00,0.00,0.00
2025-01-30T23:00,19.8,59,18.2,0.00,0.00,0.00
2025-01-31T00:00,19.2,55,17.4,0.00,0.00,0.00
2025-01-31T01:00,18.4,47,16.4,0.00,0.00,0.00
2025-01-31T02:00,17.7,43,15.4,0.00,0.00,0.00
2025-01-31T03:00,17.8,37,15.2,0.00,0.00,0.00
2025-01-31T04:00,17.5,36,14.9,0.00,0.00,0.00
2025-01-31T05:00,16.8,40,14.6,0.00,0.00,0.00
2025-01-31T06:00,15.9,46,13.9,0.00,0.00,0.00
2025-01-31T07:00,16.3,47,14.4,0.00,0.00,0.00
2025-01-31T08:00,19.1,49,17.8,0.00,0.00,0.00
2025-01-31T09:00,22.9,37,22.0,0.00,0.00,0.00
2025-01-31T10:00,25.4,33,24.4,0.00,0.00,0.00
2025-01-31T11:00,26.9,30,26.2,0.00,0.00,0.00
2025-01-31T12:00,28.0,29,27.4,0.00,0.00,0.00
2025-01-31T13:00,28.7,30,28.0,0.00,0.00,0.00
2025-01-31T14:00,28.7,31,27.7,0.00,0.00,0.00
2025-01-31T15:00,28.5,33,26.9,0.00,0.00,0.00
2025-01-31T16:00,28.0,34,26.5,0.00,0.00,0.00
2025-01-31T17:00,26.2,43,25.5,0.00,0.00,0.00
2025-01-31T18:00,23.5,54,23.4,0.00,0.00,0.00
2025-01-31T19:00,22.5,53,22.1,0.00,0.00,0.00
2025-01-31T20:00,21.9,50,20.9,0.00,0.00,0.00
2025-01-31T21:00,20.9,54,20.1,0.00,0.00,0.00
2025-01-31T22:00,19.8,59,18.9,0.00,0.00,0.00
2025-01-31T23:00,19.0,64,18.6,0.00,0.00,0.00
2025-02-01T00:00,18.0,69,17.9,0.00,0.00,0.00
2025-02-01T01:00,17.3,73,17.4,0.00,0.00,0.00
2025-02-01T02:00,17.2,73,17.0,0.00,0.00,0.00
2025-02-01T03:00,16.8,74,16.5,0.00,0.00,0.00
2025-02-01T04:00,16.3,75,16.1,0.00,0.00,0.00
2025-02-01T05:00,16.0,76,15.7,0.00,0.00,0.00
2025-02-01T06:00,16.8,75,17.4,0.00,0.00,0.00
2025-02-01T07:00,18.2,70,18.9,0.00,0.00,0.00
2025-02-01T08:00,21.2,61,21.7,0.00,0.00,0.00
2025-02-01T09:00,23.8,56,24.4,0.00,0.00,0.00
2025-02-01T10:00,25.7,51,26.3,0.00,0.00,0.00
2025-02-01T11:00,27.2,44,27.7,0.00,0.00,0.00
2025-02-01T12:00,28.2,39,27.9,0.00,0.00,0.00
2025-02-01T13:00,28.6,38,27.9,0.00,0.00,0.00
2025-02-01T14:00,28.8,38,28.1,0.00,0.00,0.00
2025-02-01T15:00,29.0,37,27.6,0.00,0.00,0.00
2025-02-01T16:00,28.5,37,27.0,0.00,0.00,0.00
2025-02-01T17:00,26.9,42,26.6,0.00,0.00,0.00
2025-02-01T18:00,23.9,51,23.9,0.00,0.00,0.00
2025-02-01T19:00,23.1,50,22.6,0.00,0.00,0.00
2025-02-01T20:00,22.2,51,21.6,0.00,0.00,0.00
2025-02-01T21:00,20.6,57,19.8,0.00,0.00,0.00
2025-02-01T22:00,19.3,71,19.4,0.00,0.00,0.00
2025-02-01T23:00,19.0,74,19.1,0.00,0.00,0.00
2025-02-02T00:00,18.2,76,18.6,0.00,0.00,0.00
2025-02-02T01:00,18.0,75,18.0,0.00,0.00,0.00
2025-02-02T02:00,17.9,74,17.5,0.00,0.00,0.00
2025-02-02T03:00,17.4,74,17.0,0.00,0.00,0.00
2025-02-02T04:00,16.7,74,16.3,0.00,0.00,0.00
2025-02-02T05:00,16.3,72,15.8,0.00,0.00,0.00
2025-02-02T06:00,16.1,71,15.7,0.00,0.00,0.00
2025-02-02T07:00,16.8,67,15.9,0.00,0.00,0.00
2025-02-02T08:00,19.8,56,19.1,0.00,0.00,0.00
2025-02-02T09:00,23.1,47,22.6,0.00,0.00,0.00
2025-02-02T10:00,25.3,45,25.2,0.00,0.00,0.00
2025-02-02T11:00,26.5,45,27.7,0.00,0.00,0.00
2025-02-02T12:00,27.5,44,29.2,0.00,0.00,0.00
2025-02-02T13:00,28.4,40,29.8,0.00,0.00,0.00
2025-02-02T14:00,29.0,37,29.4,0.00,0.00,0.00
2025-02-02T15:00,29.0,36,28.1,0.00,0.00,0.00
2025-02-02T16:00,28.4,38,27.8,0.00,0.00,0.00
2025-02-02T17:00,26.7,47,27.0,0.00,0.00,0.00
2025-02-02T18:00,24.8,50,24.8,0.00,0.00,0.00
2025-02-02T19:00,23.5,53,23.5,0.00,0.00,0.00
2025-02-02T20:00,22.3,59,21.6,0.00,0.00,0.00
2025-02-02T21:00,21.4,63,20.9,0.00,0.00,0.00
2025-02-02T22:00,20.5,65,20.0,0.00,0.00,0.00
2025-02-02T23:00,19.9,66,19.5,0.00,0.00,0.00
2025-02-03T00:00,19.6,66,19.1,0.00,0.00,0.00
2025-02-03T01:00,19.0,67,18.6,0.00,0.00,0.00
2025-02-03T02:00,18.2,70,18.0,0.00,0.00,0.00
2025-02-03T03:00,17.5,72,17.4,0.00,0.00,0.00
2025-02-03T04:00,17.5,71,17.3,0.00,0.00,0.00
2025-02-03T05:00,17.3,71,17.1,0.00,0.00,0.00
2025-02-03T06:00,17.3,71,17.1,0.00,0.00,0.00
2025-02-03T07:00,17.9,69,17.8,0.00,0.00,0.00
2025-02-03T08:00,21.2,63,21.7,0.00,0.00,0.00
2025-02-03T09:00,24.6,51,25.7,0.00,0.00,0.00
2025-02-03T10:00,26.9,46,27.4,0.00,0.00,0.00
2025-02-03T11:00,28.4,42,29.1,0.00,0.00,0.00
2025-02-03T12:00,29.3,39,30.0,0.00,0.00,0.00
2025-02-03T13:00,29.7,38,30.4,0.00,0.00,0.00
2025-02-03T14:00,29.8,38,30.4,0.00,0.00,0.00
2025-02-03T15:00,29.8,38,29.5,0.00,0.00,0.00
2025-02-03T16:00,29.3,39,29.0,0.00,0.00,0.00
2025-02-03T17:00,27.6,47,28.1,0.00,0.00,0.00
2025-02-03T18:00,25.0,54,25.6,0.00,0.00,0.00
2025-02-03T19:00,23.8,57,24.4,0.00,0.00,0.00
2025-02-03T20:00,23.8,57,25.0,0.00,0.00,0.00
2025-02-03T21:00,22.2,60,22.9,0.00,0.00,0.00
2025-02-03T22:00,21.0,66,21.6,0.00,0.00,0.00
2025-02-03T23:00,20.8,67,21.7,0.00,0.00,0.00
2025-02-04T00:00,20.1,71,21.1,0.00,0.00,0.00
2025-02-04T01:00,19.2,75,20.0,0.00,0.00,0.00
2025-02-04T02:00,18.7,77,19.4,0.00,0.00,0.00
2025-02-04T03:00,18.5,78,19.0,0.00,0.00,0.00
2025-02-04T04:00,18.1,79,18.6,0.00,0.00,0.00
2025-02-04T05:00,18.0,79,18.6,0.00,0.00,0.00
2025-02-04T06:00,18.4,78,19.6,0.00,0.00,0.00
2025-02-04T07:00,19.7,74,21.2,0.00,0.00,0.00
2025-02-04T08:00,22.5,65,24.1,0.00,0.00,0.00
2025-02-04T09:00,25.6,53,26.7,0.00,0.00,0.00
2025-02-04T10:00,27.8,44,27.7,0.00,0.00,0.00
2025-02-04T11:00,29.0,39,28.7,0.00,0.00,0.00
2025-02-04T12:00,29.7,36,29.5,0.00,0.00,0.00
2025-02-04T13:00,30.1,34,29.6,0.00,0.00,0.00
2025-02-04T14:00,30.2,32,29.1,0.00,0.00,0.00
2025-02-04T15:00,30.2,32,28.4,0.00,0.00,0.00
2025-02-04T16:00,29.6,31,27.6,0.00,0.00,0.00
2025-02-04T17:00,27.7,37,26.7,0.00,0.00,0.00
2025-02-04T18:00,25.3,41,24.3,0.00,0.00,0.00
2025-02-04T19:00,24.0,43,23.1,0.00,0.00,0.00
2025-02-04T20:00,23.1,46,22.2,0.00,0.00,0.00
2025-02-04T21:00,22.3,47,21.0,0.00,0.00,0.00
2025-02-04T22:00,21.6,52,20.2,0.00,0.00,0.00
2025-02-04T23:00,20.9,56,20.1,0.00,0.00,0.00
2025-02-05T00:00,19.9,61,19.7,0.00,0.00,0.00
2025-02-05T01:00,19.5,63,19.3,0.00,0.00,0.00
2025-02-05T02:00,19.1,66,18.6,0.00,0.00,0.00
2025-02-05T03:00,19.3,65,18.6,0.00,0.00,0.00
2025-02-05T04:00,19.7,62,18.5,0.00,0.00,0.00
2025-02-05T05:00,19.4,63,18.4,0.00,0.00,0.00
2025-02-05T06:00,18.4,70,17.9,0.00,0.00,0.00
2025-02-05T07:00,18.9,69,18.2,0.00,0.00,0.00
2025-02-05T08:00,22.1,60,21.8,0.00,0.00,0.00
2025-02-05T09:00,24.7,50,24.6,0.00,0.00,0.00
2025-02-05T10:00,26.8,42,27.1,0.00,0.00,0.00
2025-02-05T11:00,28.2,38,29.9,0.00,0.00,0.00
2025-02-05T12:00,29.2,34,30.8,0.00,0.00,0.00
2025-02-05T13:00,30.0,31,30.3,0.00,0.00,0.00
2025-02-05T14:00,30.2,29,28.9,0.00,0.00,0.00
2025-02-05T15:00,29.7,30,27.8,0.00,0.00,0.00
2025-02-05T16:00,29.2,31,27.6,0.00,0.00,0.00
2025-02-05T17:00,27.1,43,27.5,0.00,0.00,0.00
2025-02-05T18:00,24.9,50,25.7,0.00,0.00,0.00
2025-02-05T19:00,23.7,48,22.1,0.00,0.00,0.00
2025-02-05T20:00,22.3,61,21.3,0.00,0.00,0.00
2025-02-05T21:00,21.2,65,20.3,0.00,0.00,0.00
2025-02-05T22:00,20.8,64,19.7,0.00,0.00,0.00
2025-02-05T23:00,20.3,67,19.3,0.00,0.00,0.00
2025-02-06T00:00,19.2,73,18.6,0.00,0.00,0.00
2025-02-06T01:00,18.4,77,17.4,0.00,0.00,0.00
2025-02-06T02:00,17.8,79,16.6,0.00,0.00,0.00
2025-02-06T03:00,17.3,80,16.1,0.00,0.00,0.00
2025-02-06T04:00,16.8,82,15.6,0.00,0.00,0.00
2025-02-06T05:00,16.4,82,14.9,0.00,0.00,0.00
2025-02-06T06:00,15.6,87,14.0,0.00,0.00,0.00
2025-02-06T07:00,15.6,80,13.6,0.00,0.00,0.00
2025-02-06T08:00,17.1,64,14.5,0.00,0.00,0.00
2025-02-06T09:00,19.5,51,16.5,0.00,0.00,0.00
2025-02-06T10:00,21.9,40,18.6,0.00,0.00,0.00
2025-02-06T11:00,23.7,34,21.2,0.00,0.00,0.00
2025-02-06T12:00,25.0,32,23.1,0.00,0.00,0.00
2025-02-06T13:00,25.8,30,24.2,0.00,0.00,0.00
2025-02-06T14:00,26.1,29,24.2,0.00,0.00,0.00
2025-02-06T15:00,25.8,29,23.2,0.00,0.00,0.00
2025-02-06T16:00,25.2,30,22.4,0.00,0.00,0.00
2025-02-06T17:00,23.6,32,20.8,0.00,0.00,0.00
2025-02-06T18:00,21.1,37,18.2,0.00,0.00,0.00
2025-02-06T19:00,19.6,35,16.1,0.00,0.00,0.00
2025-02-06T20:00,18.5,36,14.7,0.00,0.00,0.00
2025-02-06T21:00,17.7,37,14.0,0.00,0.00,0.00
2025-02-06T22:00,17.2,37,13.3,0.00,0.00,0.00
2025-02-06T23:00,16.8,38,12.9,0.00,0.00,0.00
2025-02-07T00:00,16.4,40,12.3,0.00,0.00,0.00
2025-02-07T01:00,16.1,42,12.1,0.00,0.00,0.00
2025-02-07T02:00,15.7,43,11.8,0.00,0.00,0.00
2025-02-07T03:00,15.2,45,11.3,0.00,0.00,0.00
2025-02-07T04:00,14.8,46,11.1,0.00,0.00,0.00
2025-02-07T05:00,14.5,46,11.0,0.00,0.00,0.00
2025-02-07T06:00,14.8,47,11.2,0.00,0.00,0.00
2025-02-07T07:00,15.3,45,11.4,0.00,0.00,0.00
2025-02-07T08:00,17.2,42,13.2,0.00,0.00,0.00
2025-02-07T09:00,19.3,38,15.3,0.00,0.00,0.00
2025-02-07T10:00,21.4,33,17.6,0.00,0.00,0.00
2025-02-07T11:00,23.4,30,21.1,0.00,0.00,0.00
2025-02-07T12:00,24.9,30,23.8,0.00,0.00,0.00
2025-02-07T13:00,25.9,31,25.6,0.00,0.00,0.00
2025-02-07T14:00,26.4,31,26.1,0.00,0.00,0.00
2025-02-07T15:00,26.7,31,25.4,0.00,0.00,0.00
2025-02-07T16:00,26.8,31,25.3,0.00,0.00,0.00
2025-02-07T17:00,25.1,40,24.3,0.00,0.00,0.00
2025-02-07T18:00,22.2,50,21.8,0.00,0.00,0.00
2025-02-07T19:00,20.9,51,20.2,0.00,0.00,0.00
2025-02-07T20:00,19.8,42,17.3,0.00,0.00,0.00
2025-02-07T21:00,18.4,39,15.7,0.00,0.00,0.00
2025-02-07T22:00,17.7,41,15.0,0.00,0.00,0.00
2025-02-07T23:00,17.2,43,14.5,0.00,0.00,0.00
2025-02-08T00:00,16.9,45,14.2,0.00,0.00,0.00
2025-02-08T01:00,16.4,46,13.7,0.00,0.00,0.00
2025-02-08T02:00,15.9,46,13.2,0.00,0.00,0.00
2025-02-08T03:00,15.5,45,12.7,0.00,0.00,0.00
2025-02-08T04:00,15.4,43,12.2,0.00,0.00,0.00
2025-02-08T05:00,15.2,44,11.9,0.00,0.00,0.00
2025-02-08T06:00,14.7,49,11.6,0.00,0.00,0.00
2025-02-08T07:00,15.2,49,12.2,0.00,0.00,0.00
2025-02-08T08:00,17.9,44,15.5,0.00,0.00,0.00
2025-02-08T09:00,21.2,39,19.3,0.00,0.00,0.00
2025-02-08T10:00,24.1,37,23.0,0.00,0.00,0.00
2025-02-08T11:00,25.8,38,26.5,0.00,0.00,0.00
2025-02-08T12:00,27.0,37,29.1,0.00,0.00,0.00
2025-02-08T13:00,28.1,36,29.9,0.00,0.00,0.00
2025-02-08T14:00,29.1,34,29.8,0.00,0.00,0.00
2025-02-08T15:00,29.3,30,27.8,0.00,0.00,0.00
2025-02-08T16:00,28.6,29,26.2,0.00,0.00,0.00
2025-02-08T17:00,27.2,34,25.7,0.00,0.00,0.00
2025-02-08T18:00,24.0,44,23.5,0.00,0.00,0.00
2025-02-08T19:00,22.5,46,21.1,0.00,0.00,0.00
2025-02-08T20:00,21.0,46,19.3,0.00,0.00,0.00
2025-02-08T21:00,19.5,46,17.4,0.00,0.00,0.00
2025-02-08T22:00,18.7,46,16.5,0.00,0.00,0.00
2025-02-08T23:00,18.2,46,15.8,0.00,0.00,0.00
2025-02-09T00:00,17.6,47,15.2,0.00,0.00,0.00
2025-02-09T01:00,17.2,47,14.7,0.00,0.00,0.00
2025-02-09T02:00,16.7,48,14.1,0.00,0.00,0.00
2025-02-09T03:00,16.3,47,13.8,0.00,0.00,0.00
2025-02-09T04:00,16.0,46,13.5,0.00,0.00,0.00
2025-02-09T05:00,15.6,44,13.1,0.00,0.00,0.00
2025-02-09T06:00,15.2,49,13.0,0.00,0.00,0.00
2025-02-09T07:00,16.2,47,13.9,0.00,0.00,0.00
2025-02-09T08:00,19.6,39,17.4,0.00,0.00,0.00
2025-02-09T09:00,23.0,31,20.9,0.00,0.00,0.00
2025-02-09T10:00,25.4,29,24.1,0.00,0.00,0.00
2025-02-09T11:00,26.8,32,27.2,0.00,0.00,0.00
2025-02-09T12:00,27.8,33,29.2,0.00,0.00,0.00
2025-02-09T13:00,28.7,32,30.3,0.00,0.00,0.00
2025-02-09T14:00,29.4,31,30.3,0.00,0.00,0.00
2025-02-09T15:00,29.5,30,28.7,0.00,0.00,0.00
2025-02-09T16:00,28.9,30,27.4,0.00,0.00,0.00
2025-02-09T17:00,27.3,39,27.4,0.00,0.00,0.00
2025-02-09T18:00,24.0,47,23.9,0.00,0.00,0.00
2025-02-09T19:00,22.6,52,23.0,0.00,0.00,0.00
2025-02-09T20:00,21.5,52,21.0,0.00,0.00,0.00
2025-02-09T21:00,21.1,54,20.4,0.00,0.00,0.00
2025-02-09T22:00,20.1,55,19.4,0.00,0.00,0.00
2025-02-09T23:00,19.1,57,18.5,0.00,0.00,0.00
2025-02-10T00:00,19.0,57,18.2,0.00,0.00,0.00
2025-02-10T01:00,18.1,63,18.0,0.00,0.00,0.00
2025-02-10T02:00,18.3,62,18.3,0.00,0.00,0.00
2025-02-10T03:00,18.2,62,18.0,0.00,0.00,0.00
2025-02-10T04:00,17.6,65,17.4,0.00,0.00,0.00
2025-02-10T05:00,17.4,65,17.2,0.00,0.00,0.00
2025-02-10T06:00,17.2,67,17.5,0.00,0.00,0.00
2025-02-10T07:00,18.2,67,18.6,0.00,0.00,0.00
2025-02-10T08:00,21.9,54,21.7,0.00,0.00,0.00
2025-02-10T09:00,25.1,44,24.8,0.00,0.00,0.00
2025-02-10T10:00,27.0,39,26.3,0.00,0.00,0.00
2025-02-10T11:00,28.3,36,27.9,0.00,0.00,0.00
2025-02-10T12:00,29.2,34,29.1,0.00,0.00,0.00
2025-02-10T13:00,29.4,35,28.9,0.10,0.10,0.00
2025-02-10T14:00,29.7,33,28.3,0.00,0.00,0.00
2025-02-10T15:00,29.9,31,28.4,0.00,0.00,0.00
2025-02-10T16:00,29.5,31,27.8,0.00,0.00,0.00
2025-02-10T17:00,28.0,34,26.4,0.00,0.00,0.00
2025-02-10T18:00,25.1,41,24.2,0.00,0.00,0.00
2025-02-10T19:00,24.0,44,22.8,0.00,0.00,0.00
2025-02-10T20:00,23.1,47,21.7,0.00,0.00,0.00
2025-02-10T21:00,22.0,52,21.0,0.00,0.00,0.00
2025-02-10T22:00,21.2,57,20.7,0.00,0.00,0.00
2025-02-10T23:00,20.3,62,20.1,0.00,0.00,0.00
2025-02-11T00:00,20.0,64,19.7,0.00,0.00,0.00
2025-02-11T01:00,20.0,62,19.1,0.00,0.00,0.00
2025-02-11T02:00,19.6,62,18.6,0.00,0.00,0.00
2025-02-11T03:00,18.9,64,18.0,0.00,0.00,0.00
2025-02-11T04:00,18.1,67,17.4,0.00,0.00,0.00
2025-02-11T05:00,17.6,71,17.3,0.00,0.00,0.00
2025-02-11T06:00,16.9,78,17.3,0.00,0.00,0.00
2025-02-11T07:00,18.8,72,19.4,0.00,0.00,0.00
2025-02-11T08:00,22.6,63,23.8,0.00,0.00,0.00
2025-02-11T09:00,26.2,44,26.5,0.00,0.00,0.00
2025-02-11T10:00,27.8,38,27.5,0.00,0.00,0.00
2025-02-11T11:00,28.9,34,28.8,0.00,0.00,0.00
2025-02-11T12:00,29.7,31,29.8,0.00,0.00,0.00
2025-02-11T13:00,30.6,29,30.5,0.00,0.00,0.00
2025-02-11T14:00,31.1,25,29.4,0.00,0.00,0.00
2025-02-11T15:00,31.0,22,27.8,0.00,0.00,0.00
2025-02-11T16:00,30.0,22,26.3,0.00,0.00,0.00
2025-02-11T17:00,28.3,28,25.8,0.00,0.00,0.00
2025-02-11T18:00,25.0,36,23.6,0.00,0.00,0.00
2025-02-11T19:00,23.1,43,22.4,0.00,0.00,0.00
2025-02-11T20:00,22.1,45,21.2,0.00,0.00,0.00
2025-02-11T21:00,21.3,50,20.3,0.00,0.00,0.00
2025-02-11T22:00,20.1,56,19.4,0.00,0.00,0.00
2025-02-11T23:00,19.9,52,18.1,0.00,0.00,0.00
2025-02-12T00:00,20.8,36,17.3,0.00,0.00,0.00
2025-02-12T01:00,20.6,33,16.7,0.00,0.00,0.00
2025-02-12T02:00,20.1,33,16.4,0.00,0.00,0.00
2025-02-12T03:00,19.2,36,15.9,0.00,0.00,0.00
2025-02-12T04:00,18.4,38,15.4,0.00,0.00,0.00
2025-02-12T05:00,17.8,39,14.8,0.00,0.00,0.00
2025-02-12T06:00,17.4,43,14.6,0.00,0.00,0.00
2025-02-12T07:00,17.5,46,15.0,0.00,0.00,0.00
2025-02-12T08:00,20.4,42,18.8,0.00,0.00,0.00
2025-02-12T09:00,24.2,36,22.8,0.00,0.00,0.00
2025-02-12T10:00,26.2,28,24.7,0.00,0.00,0.00
2025-02-12T11:00,27.7,24,27.0,0.00,0.00,0.00
2025-02-12T12:00,28.9,21,28.2,0.00,0.00,0.00
2025-02-12T13:00,29.8,18,28.3,0.00,0.00,0.00
2025-02-12T14:00,29.9,17,27.2,0.00,0.00,0.00
2025-02-12T15:00,29.6,16,25.7,0.00,0.00,0.00
2025-02-12T16:00,28.7,16,24.2,0.00,0.00,0.00
2025-02-12T17:00,26.7,21,23.0,0.00,0.00,0.00
2025-02-12T18:00,24.4,24,20.7,0.00,0.00,0.00
2025-02-12T19:00,22.5,31,19.1,0.00,0.00,0.00
2025-02-12T20:00,21.4,33,17.9,0.00,0.00,0.00
2025-02-12T21:00,21.1,31,17.3,0.00,0.00,0.00
2025-02-12T22:00,20.4,34,16.7,0.00,0.00,0.00
2025-02-12T23:00,19.6,41,16.4,0.00,0.00,0.00
2025-02-13T00:00,19.3,45,16.3,0.00,0.00,0.00
2025-02-13T01:00,19.2,47,16.3,0.00,0.00,0.00
2025-02-13T02:00,18.5,51,15.8,0.00,0.00,0.00
2025-02-13T03:00,17.7,56,15.3,0.00,0.00,0.00
2025-02-13T04:00,17.0,60,14.8,0.00,0.00,0.00
2025-02-13T05:00,16.7,62,14.4,0.00,0.00,0.00
2025-02-13T06:00,15.5,66,12.8,0.00,0.00,0.00
2025-02-13T07:00,15.7,62,12.7,0.00,0.00,0.00
2025-02-13T08:00,18.0,51,15.0,0.00,0.00,0.00
2025-02-13T09:00,21.0,34,17.3,0.00,0.00,0.00
2025-02-13T10:00,23.1,26,19.5,0.00,0.00,0.00
2025-02-13T11:00,24.5,24,22.1,0.00,0.00,0.00
2025-02-13T12:00,25.6,23,24.2,0.00,0.00,0.00
2025-02-13T13:00,26.7,21,25.7,0.00,0.00,0.00
2025-02-13T14:00,27.5,19,26.1,0.00,0.00,0.00
2025-02-13T15:00,27.7,17,25.0,0.00,0.00,0.00
2025-02-13T16:00,27.1,16,23.5,0.00,0.00,0.00
2025-02-13T17:00,25.2,19,21.9,0.00,0.00,0.00
2025-02-13T18:00,21.5,25,18.3,0.00,0.00,0.00
2025-02-13T19:00,20.3,26,16.5,0.00,0.00,0.00
2025-02-13T20:00,19.2,29,15.5,0.00,0.00,0.00
2025-02-13T21:00,18.4,34,14.9,0.00,0.00,0.00
2025-02-13T22:00,17.8,37,14.3,0.00,0.00,0.00
2025-02-13T23:00,17.2,41,13.8,0.00,0.00,0.00
2025-02-14T00:00,16.8,45,13.7,0.00,0.00,0.00
2025-02-14T01:00,16.3,47,13.2,0.00,0.00,0.00
2025-02-14T02:00,16.1,48,12.8,0.00,0.00,0.00
2025-02-14T03:00,15.7,48,12.5,0.00,0.00,0.00
2025-02-14T04:00,15.3,49,12.1,0.00,0.00,0.00
2025-02-14T05:00,15.0,50,11.6,0.00,0.00,0.00
2025-02-14T06:00,13.9,60,11.2,0.00,0.00,0.00
2025-02-14T07:00,14.4,59,11.5,0.00,0.00,0.00
2025-02-14T08:00,18.1,50,15.7,0.00,0.00,0.00
2025-02-14T09:00,22.0,36,19.5,0.00,0.00,0.00
2025-02-14T10:00,24.5,23,21.8,0.00,0.00,0.00
2025-02-14T11:00,26.1,20,24.3,0.00,0.00,0.00
2025-02-14T12:00,27.2,18,26.0,0.00,0.00,0.00
2025-02-14T13:00,28.1,16,26.7,0.00,0.00,0.00
2025-02-14T14:00,28.5,15,26.1,0.00,0.00,0.00
2025-02-14T15:00,28.1,16,24.4,0.00,0.00,0.00
2025-02-14T16:00,27.2,17,23.0,0.00,0.00,0.00
2025-02-14T17:00,25.5,20,21.6,0.00,0.00,0.00
2025-02-14T18:00,22.9,22,19.2,0.00,0.00,0.00
2025-02-14T19:00,21.5,24,17.8,0.00,0.00,0.00
2025-02-14T20:00,20.4,26,16.3,0.00,0.00,0.00
2025-02-14T21:00,19.8,27,15.8,0.00,0.00,0.00
2025-02-14T22:00,19.2,28,15.3,0.00,0.00,0.00
2025-02-14T23:00,18.4,30,14.7,0.00,0.00,0.00
2025-02-15T00:00,17.8,32,14.1,0.00,0.00,0.00
2025-02-15T01:00,17.3,34,14.1,0.00,0.00,0.00
2025-02-15T02:00,16.6,37,13.8,0.00,0.00,0.00
2025-02-15T03:00,16.1,40,13.5,0.00,0.00,0.00
2025-02-15T04:00,15.9,41,13.4,0.00,0.00,0.00
2025-02-15T05:00,16.0,41,13.3,0.00,0.00,0.00
2025-02-15T06:00,15.1,46,12.5,0.00,0.00,0.00
2025-02-15T07:00,16.7,45,14.2,0.00,0.00,0.00
2025-02-15T08:00,21.4,38,19.2,0.00,0.00,0.00
2025-02-15T09:00,25.2,28,23.3,0.00,0.00,0.00
2025-02-15T10:00,27.0,25,25.0,0.00,0.00,0.00
2025-02-15T11:00,28.4,23,26.7,0.00,0.00,0.00
2025-02-15T12:00,29.5,21,27.9,0.00,0.00,0.00
2025-02-15T13:00,30.1,20,28.2,0.00,0.00,0.00
2025-02-15T14:00,29.9,21,27.3,0.00,0.00,0.00
2025-02-15T15:00,29.8,20,26.6,0.00,0.00,0.00
2025-02-15T16:00,29.2,21,25.9,0.00,0.00,0.00
2025-02-15T17:00,27.5,25,25.0,0.00,0.00,0.00
2025-02-15T18:00,24.3,30,21.6,0.00,0.00,0.00
2025-02-15T19:00,23.3,32,20.5,0.00,0.00,0.00
2025-02-15T20:00,22.7,31,19.6,0.00,0.00,0.00
2025-02-15T21:00,22.0,30,18.9,0.00,0.00,0.00
2025-02-15T22:00,20.7,32,17.9,0.00,0.00,0.00
2025-02-15T23:00,19.4,36,16.6,0.00,0.00,0.00
2025-02-16T00:00,19.7,34,16.5,0.00,0.00,0.00
2025-02-16T01:00,19.9,33,16.4,0.00,0.00,0.00
2025-02-16T02:00,19.7,33,16.4,0.00,0.00,0.00
2025-02-16T03:00,19.3,34,16.1,0.00,0.00,0.00
2025-02-16T04:00,19.4,34,15.9,0.00,0.00,0.00
2025-02-16T05:00,19.5,35,15.8,0.00,0.00,0.00
2025-02-16T06:00,17.8,41,15.0,0.00,0.00,0.00
2025-02-16T07:00,18.7,43,15.9,0.00,0.00,0.00
2025-02-16T08:00,22.3,39,19.9,0.00,0.00,0.00
2025-02-16T09:00,25.9,31,23.4,0.00,0.00,0.00
2025-02-16T10:00,27.8,25,25.3,0.00,0.00,0.00
2025-02-16T11:00,29.0,22,27.2,0.00,0.00,0.00
2025-02-16T12:00,29.9,20,28.3,0.00,0.00,0.00
2025-02-16T13:00,30.5,18,28.4,0.00,0.00,0.00
2025-02-16T14:00,30.7,16,27.4,0.00,0.00,0.00
2025-02-16T15:00,30.4,16,26.3,0.00,0.00,0.00
2025-02-16T16:00,29.5,20,25.4,0.00,0.00,0.00
2025-02-16T17:00,27.6,26,24.4,0.00,0.00,0.00
2025-02-16T18:00,25.4,31,22.4,0.00,0.00,0.00
2025-02-16T19:00,23.9,35,21.6,0.00,0.00,0.00
2025-02-16T20:00,22.4,40,20.3,0.00,0.00,0.00
2025-02-16T21:00,21.0,43,19.3,0.00,0.00,0.00
2025-02-16T22:00,20.2,46,18.4,0.00,0.00,0.00
2025-02-16T23:00,19.9,45,17.9,0.00,0.00,0.00
2025-02-17T00:00,19.4,45,17.4,0.00,0.00,0.00
2025-02-17T01:00,18.6,48,16.5,0.00,0.00,0.00
2025-02-17T02:00,17.8,50,15.6,0.00,0.00,0.00
2025-02-17T03:00,17.8,49,15.6,0.00,0.00,0.00
2025-02-17T04:00,17.6,49,15.6,0.00,0.00,0.00
2025-02-17T05:00,17.1,51,15.1,0.00,0.00,0.00
2025-02-17T06:00,16.2,57,14.6,0.00,0.00,0.00
2025-02-17T07:00,17.3,55,15.6,0.00,0.00,0.00
2025-02-17T08:00,21.9,47,20.9,0.00,0.00,0.00
2025-02-17T09:00,25.4,37,24.6,0.00,0.00,0.00
2025-02-17T10:00,27.3,33,27.0,0.00,0.00,0.00
2025-02-17T11:00,28.4,32,28.9,0.00,0.00,0.00
2025-02-17T12:00,29.3,31,30.0,0.00,0.00,0.00
2025-02-17T13:00,30.0,28,30.2,0.00,0.00,0.00
2025-02-17T14:00,30.6,26,29.9,0.00,0.00,0.00
2025-02-17T15:00,30.8,24,29.0,0.00,0.00,0.00
2025-02-17T16:00,30.6,22,28.5,0.00,0.00,0.00
2025-02-17T17:00,28.3,34,28.2,0.00,0.00,0.00
2025-02-17T18:00,24.9,41,24.8,0.00,0.00,0.00
2025-02-17T19:00,23.6,36,21.9,0.00,0.00,0.00
2025-02-17T20:00,23.8,30,21.0,0.00,0.00,0.00
2025-02-17T21:00,22.7,37,20.2,0.00,0.00,0.00
2025-02-17T22:00,21.5,46,19.4,0.00,0.00,0.00
2025-02-17T23:00,20.6,49,19.1,0.00,0.00,0.00
2025-02-18T00:00,19.8,51,18.3,0.00,0.00,0.00
2025-02-18T01:00,19.2,51,17.6,0.00,0.00,0.00
2025-02-18T02:00,18.9,51,17.1,0.00,0.00,0.00
2025-02-18T03:00,18.4,53,16.7,0.00,0.00,0.00
2025-02-18T04:00,17.6,57,16.2,0.00,0.00,0.00
2025-02-18T05:00,17.4,58,16.1,0.00,0.00,0.00
2025-02-18T06:00,16.9,62,15.8,0.00,0.00,0.00
2025-02-18T07:00,18.0,59,16.7,0.00,0.00,0.00
2025-02-18T08:00,21.6,50,20.8,0.00,0.00,0.00
2025-02-18T09:00,24.7,41,24.1,0.00,0.00,0.00
2025-02-18T10:00,27.0,34,26.8,0.00,0.00,0.00
2025-02-18T11:00,28.3,31,29.1,0.00,0.00,0.00
2025-02-18T12:00,29.4,29,31.0,0.00,0.00,0.00
2025-02-18T13:00,30.6,25,31.5,0.00,0.00,0.00
2025-02-18T14:00,31.4,22,29.6,0.00,0.00,0.00
2025-02-18T15:00,30.6,23,27.4,0.00,0.00,0.00
2025-02-18T16:00,30.1,24,27.3,0.00,0.00,0.00
2025-02-18T17:00,28.7,26,26.5,0.00,0.00,0.00
2025-02-18T18:00,26.0,33,24.9,0.00,0.00,0.00
2025-02-18T19:00,24.6,34,22.8,0.00,0.00,0.00
2025-02-18T20:00,23.1,40,21.9,0.00,0.00,0.00
2025-02-18T21:00,21.7,45,20.6,0.00,0.00,0.00
2025-02-18T22:00,21.2,47,19.9,0.00,0.00,0.00
2025-02-18T23:00,21.2,47,19.6,0.00,0.00,0.00
2025-02-19T00:00,20.7,49,19.1,0.00,0.00,0.00
2025-02-19T01:00,20.1,51,18.6,0.00,0.00,0.00
2025-02-19T02:00,19.2,54,17.5,0.00,0.00,0.00
2025-02-19T03:00,18.9,55,17.1,0.00,0.00,0.00
2025-02-19T04:00,18.4,56,16.9,0.00,0.00,0.00
2025-02-19T05:00,18.1,56,16.6,0.00,0.00,0.00
2025-02-19T06:00,17.9,59,16.6,0.00,0.00,0.00
2025-02-19T07:00,18.9,57,17.5,0.00,0.00,0.00
2025-02-19T08:00,22.0,48,21.0,0.00,0.00,0.00
2025-02-19T09:00,25.0,40,23.9,0.00,0.00,0.00
2025-02-19T10:00,27.3,33,26.4,0.00,0.00,0.00
2025-02-19T11:00,28.6,30,28.7,0.00,0.00,0.00
2025-02-19T12:00,29.6,29,30.9,0.00,0.00,0.00
2025-02-19T13:00,30.0,27,29.6,0.00,0.00,0.00
2025-02-19T14:00,30.5,25,28.9,0.00,0.00,0.00
2025-02-19T15:00,30.1,26,27.3,0.00,0.00,0.00
2025-02-19T16:00,29.1,29,26.7,0.00,0.00,0.00
2025-02-19T17:00,28.2,33,27.0,0.00,0.00,0.00
2025-02-19T18:00,25.6,36,24.5,0.00,0.00,0.00
2025-02-19T19:00,24.3,39,23.1,0.00,0.00,0.00
2025-02-19T20:00,24.0,40,22.7,0.00,0.00,0.00
2025-02-19T21:00,23.3,42,21.5,0.00,0.00,0.00
2025-02-19T22:00,22.0,46,20.4,0.00,0.00,0.00
2025-02-19T23:00,21.0,50,19.5,0.00,0.00,0.00
2025-02-20T00:00,20.3,53,19.1,0.00,0.00,0.00
2025-02-20T01:00,19.4,57,18.6,0.00,0.00,0.00
2025-02-20T02:00,19.8,55,18.6,0.00,0.00,0.00
2025-02-20T03:00,19.0,56,17.7,0.00,0.00,0.00
2025-02-20T04:00,18.6,57,17.2,0.00,0.00,0.00
2025-02-20T05:00,17.9,60,16.6,0.00,0.00,0.00
2025-02-20T06:00,17.6,63,16.5,0.00,0.00,0.00
2025-02-20T07:00,18.4,61,17.2,0.00,0.00,0.00
2025-02-20T08:00,21.9,51,21.4,0.00,0.00,0.00
2025-02-20T09:00,24.9,42,24.6,0.00,0.00,0.00
2025-02-20T10:00,27.0,36,27.4,0.00,0.00,0.00
2025-02-20T11:00,28.4,30,29.3,0.00,0.00,0.00
2025-02-20T12:00,29.5,27,30.3,0.00,0.00,0.00
2025-02-20T13:00,30.3,24,30.6,0.00,0.00,0.00
2025-02-20T14:00,30.9,20,29.2,0.00,0.00,0.00
2025-02-20T15:00,30.6,19,27.1,0.00,0.00,0.00
2025-02-20T16:00,29.8,19,25.9,0.00,0.00,0.00
2025-02-20T17:00,28.3,21,24.6,0.00,0.00,0.00
2025-02-20T18:00,25.9,27,22.6,0.00,0.00,0.00
2025-02-20T19:00,24.7,31,21.3,0.00,0.00,0.00
2025-02-20T20:00,23.6,35,20.5,0.00,0.00,0.00
2025-02-20T21:00,22.4,38,19.6,0.00,0.00,0.00
2025-02-20T22:00,21.4,41,18.7,0.00,0.00,0.00
2025-02-20T23:00,20.7,41,18.2,0.00,0.00,0.00
2025-02-21T00:00,19.9,43,17.4,0.00,0.00,0.00
2025-02-21T01:00,19.0,45,16.6,0.00,0.00,0.00
2025-02-21T02:00,18.6,44,16.1,0.00,0.00,0.00
2025-02-21T03:00,18.5,43,15.8,0.00,0.00,0.00
2025-02-21T04:00,18.2,44,15.4,0.00,0.00,0.00
2025-02-21T05:00,18.1,44,15.4,0.00,0.00,0.00
2025-02-21T06:00,17.5,50,15.3,0.00,0.00,0.00
2025-02-21T07:00,18.7,48,16.4,0.00,0.00,0.00
2025-02-21T08:00,22.8,40,21.1,0.00,0.00,0.00
2025-02-21T09:00,26.0,31,24.5,0.00,0.00,0.00
2025-02-21T10:00,28.0,18,26.0,0.00,0.00,0.00
2025-02-21T11:00,29.0,17,27.9,0.00,0.00,0.00
2025-02-21T12:00,29.8,17,28.9,0.00,0.00,0.00
2025-02-21T13:00,30.4,17,28.9,0.00,0.00,0.00
2025-02-21T14:00,30.6,17,27.9,0.00,0.00,0.00
2025-02-21T15:00,30.1,17,26.0,0.00,0.00,0.00
2025-02-21T16:00,29.1,17,24.2,0.00,0.00,0.00
2025-02-21T17:00,27.4,21,23.0,0.00,0.00,0.00
2025-02-21T18:00,25.4,24,21.4,0.00,0.00,0.00
2025-02-21T19:00,24.2,29,20.2,0.00,0.00,0.00
2025-02-21T20:00,22.8,34,19.7,0.00,0.00,0.00
2025-02-21T21:00,22.0,36,18.9,0.00,0.00,0.00
2025-02-21T22:00,21.7,35,18.4,0.00,0.00,0.00
2025-02-21T23:00,21.2,35,18.1,0.00,0.00,0.00
2025-02-22T00:00,20.4,36,17.4,0.00,0.00,0.00
2025-02-22T01:00,19.8,38,16.9,0.00,0.00,0.00
2025-02-22T02:00,19.1,40,16.5,0.00,0.00,0.00
2025-02-22T03:00,18.7,41,16.0,0.00,0.00,0.00
2025-02-22T04:00,18.7,42,15.8,0.00,0.00,0.00
2025-02-22T05:00,18.3,46,15.8,0.00,0.00,0.00
2025-02-22T06:00,18.4,49,16.1,0.00,0.00,0.00
2025-02-22T07:00,18.9,49,16.6,0.00,0.00,0.00
2025-02-22T08:00,21.6,44,20.0,0.00,0.00,0.00
2025-02-22T09:00,24.6,36,22.6,0.00,0.00,0.00
2025-02-22T10:00,26.9,29,24.9,0.00,0.00,0.00
2025-02-22T11:00,28.0,26,26.6,0.00,0.00,0.00
2025-02-22T12:00,28.9,25,27.9,0.00,0.00,0.00
2025-02-22T13:00,29.6,22,27.9,0.00,0.00,0.00
2025-02-22T14:00,29.6,21,26.8,0.00,0.00,0.00
2025-02-22T15:00,29.2,21,25.5,0.00,0.00,0.00
2025-02-22T16:00,28.3,23,24.4,0.00,0.00,0.00
2025-02-22T17:00,26.8,26,23.4,0.00,0.00,0.00
2025-02-22T18:00,24.6,32,22.1,0.00,0.00,0.00
2025-02-22T19:00,23.0,36,20.6,0.00,0.00,0.00
2025-02-22T20:00,21.8,39,19.5,0.00,0.00,0.00
2025-02-22T21:00,21.2,42,19.0,0.00,0.00,0.00
2025-02-22T22:00,20.5,44,18.3,0.00,0.00,0.00
2025-02-22T23:00,19.6,45,17.3,0.00,0.00,0.00
2025-02-23T00:00,19.0,45,16.6,0.00,0.00,0.00
2025-02-23T01:00,18.1,48,15.9,0.00,0.00,0.00
2025-02-23T02:00,17.3,50,15.2,0.00,0.00,0.00
2025-02-23T03:00,16.6,51,14.6,0.00,0.00,0.00
2025-02-23T04:00,16.0,53,14.2,0.00,0.00,0.00
2025-02-23T05:00,15.7,54,13.8,0.00,0.00,0.00
2025-02-23T06:00,15.0,58,13.2,0.00,0.00,0.00
2025-02-23T07:00,16.6,53,14.5,0.00,0.00,0.00
2025-02-23T08:00,20.1,44,18.3,0.00,0.00,0.00
2025-02-23T09:00,23.5,36,21.8,0.00,0.00,0.00
2025-02-23T10:00,26.1,28,24.8,0.00,0.00,0.00
2025-02-23T11:00,27.5,23,26.5,0.00,0.00,0.00
2025-02-23T12:00,28.4,22,28.1,0.00,0.00,0.00
2025-02-23T13:00,29.3,20,29.3,0.00,0.00,0.00
2025-02-23T14:00,29.7,19,28.9,0.00,0.00,0.00
2025-02-23T15:00,29.7,19,27.5,0.00,0.00,0.00
2025-02-23T16:00,29.1,20,26.0,0.00,0.00,0.00
2025-02-23T17:00,27.8,22,24.7,0.00,0.00,0.00
2025-02-23T18:00,24.4,28,22.2,0.00,0.00,0.00
2025-02-23T19:00,23.0,28,20.7,0.00,0.00,0.00
2025-02-23T20:00,21.9,32,18.4,0.00,0.00,0.00
2025-02-23T21:00,20.9,33,18.2,0.00,0.00,0.00
2025-02-23T22:00,19.7,37,17.1,0.00,0.00,0.00
2025-02-23T23:00,18.6,40,16.3,0.00,0.00,0.00
2025-02-24T00:00,18.5,40,15.6,0.00,0.00,0.00
2025-02-24T01:00,18.0,42,15.4,0.00,0.00,0.00
2025-02-24T02:00,17.5,43,15.1,0.00,0.00,0.00
2025-02-24T03:00,17.2,45,14.6,0.00,0.00,0.00
2025-02-24T04:00,16.7,49,14.0,0.00,0.00,0.00
2025-02-24T05:00,16.3,53,13.8,0.00,0.00,0.00
2025-02-24T06:00,16.1,57,14.1,0.00,0.00,0.00
2025-02-24T07:00,17.3,55,15.0,0.00,0.00,0.00
2025-02-24T08:00,20.5,47,18.7,0.00,0.00,0.00
2025-02-24T09:00,23.6,37,21.6,0.00,0.00,0.00
2025-02-24T10:00,26.2,29,24.3,0.00,0.00,0.00
2025-02-24T11:00,27.6,25,26.7,0.00,0.00,0.00
2025-02-24T12:00,28.4,24,28.2,0.00,0.00,0.00
2025-02-24T13:00,28.9,23,28.8,0.00,0.00,0.00
2025-02-24T14:00,29.2,23,28.4,0.00,0.00,0.00
2025-02-24T15:00,29.3,23,27.3,0.00,0.00,0.00
2025-02-24T16:00,29.0,22,25.7,0.00,0.00,0.00
2025-02-24T17:00,26.9,27,23.5,0.00,0.00,0.00
2025-02-24T18:00,24.7,31,22.4,0.00,0.00,0.00
2025-02-24T19:00,23.4,33,21.8,0.00,0.00,0.00
2025-02-24T20:00,22.4,35,19.5,0.00,0.00,0.00
2025-02-24T21:00,21.4,36,18.8,0.00,0.00,0.00
2025-02-24T22:00,20.8,37,17.8,0.00,0.00,0.00
2025-02-24T23:00,20.0,39,17.1,0.00,0.00,0.00
2025-02-25T00:00,19.5,40,16.1,0.00,0.00,0.00
2025-02-25T01:00,19.1,42,15.9,0.00,0.00,0.00
2025-02-25T02:00,18.3,45,15.4,0.00,0.00,0.00
2025-02-25T03:00,17.8,49,14.8,0.00,0.00,0.00
2025-02-25T04:00,17.4,51,14.5,0.00,0.00,0.00
2025-02-25T05:00,17.0,52,14.3,0.00,0.00,0.00
2025-02-25T06:00,16.6,57,14.4,0.00,0.00,0.00
2025-02-25T07:00,17.8,54,15.2,0.00,0.00,0.00
2025-02-25T08:00,20.8,45,18.5,0.00,0.00,0.00
2025-02-25T09:00,23.7,35,20.9,0.00,0.00,0.00
2025-02-25T10:00,25.9,29,23.6,0.00,0.00,0.00
2025-02-25T11:00,27.3,27,26.0,0.00,0.00,0.00
2025-02-25T12:00,28.2,25,28.1,0.00,0.00,0.00
2025-02-25T13:00,28.7,25,29.1,0.00,0.00,0.00
2025-02-25T14:00,29.1,24,28.8,0.00,0.00,0.00
2025-02-25T15:00,29.2,24,27.9,0.00,0.00,0.00
2025-02-25T16:00,29.0,24,26.9,0.00,0.00,0.00
2025-02-25T17:00,27.9,26,25.7,0.00,0.00,0.00
2025-02-25T18:00,24.6,35,22.3,0.00,0.00,0.00
2025-02-25T19:00,23.4,35,21.8,0.00,0.00,0.00
2025-02-25T20:00,22.9,36,20.9,0.00,0.00,0.00
2025-02-25T21:00,22.2,36,19.5,0.00,0.00,0.00
2025-02-25T22:00,21.0,38,18.3,0.00,0.00,0.00
2025-02-25T23:00,20.4,39,17.7,0.00,0.00,0.00
2025-02-26T00:00,19.7,39,17.0,0.00,0.00,0.00
2025-02-26T01:00,19.2,39,16.3,0.00,0.00,0.00
2025-02-26T02:00,18.7,40,15.7,0.00,0.00,0.00
2025-02-26T03:00,18.2,44,15.5,0.00,0.00,0.00
2025-02-26T04:00,17.6,48,15.1,0.00,0.00,0.00
2025-02-26T05:00,17.1,50,14.8,0.00,0.00,0.00
2025-02-26T06:00,16.7,55,14.4,0.00,0.00,0.00
2025-02-26T07:00,17.8,52,15.4,0.00,0.00,0.00
2025-02-26T08:00,21.1,43,19.0,0.00,0.00,0.00
2025-02-26T09:00,24.2,35,21.8,0.00,0.00,0.00
2025-02-26T10:00,26.6,27,24.2,0.00,0.00,0.00
2025-02-26T11:00,28.4,21,26.5,0.00,0.00,0.00
2025-02-26T12:00,29.7,19,28.2,0.00,0.00,0.00
2025-02-26T13:00,30.4,19,29.0,0.00,0.00,0.00
2025-02-26T14:00,30.8,18,29.1,0.00,0.00,0.00
2025-02-26T15:00,30.8,18,28.2,0.00,0.00,0.00
2025-02-26T16:00,30.4,18,27.1,0.00,0.00,0.00
2025-02-26T17:00,29.1,20,25.9,0.00,0.00,0.00
2025-02-26T18:00,26.0,26,23.3,0.00,0.00,0.00
2025-02-26T19:00,24.6,28,21.7,0.00,0.00,0.00
2025-02-26T20:00,23.3,32,20.5,0.00,0.00,0.00
2025-02-26T21:00,22.3,35,19.6,0.00,0.00,0.00
2025-02-26T22:00,21.5,37,18.9,0.00,0.00,0.00
2025-02-26T23:00,20.9,38,18.3,0.00,0.00,0.00
2025-02-27T00:00,20.3,40,17.8,0.00,0.00,0.00
2025-02-27T01:00,19.5,43,17.3,0.00,0.00,0.00
2025-02-27T02:00,18.9,47,16.7,0.00,0.00,0.00
2025-02-27T03:00,18.5,49,16.4,0.00,0.00,0.00
2025-02-27T04:00,18.4,49,16.2,0.00,0.00,0.00
2025-02-27T05:00,18.3,49,16.0,0.00,0.00,0.00
2025-02-27T06:00,17.6,56,15.8,0.00,0.00,0.00
2025-02-27T07:00,18.9,53,17.0,0.00,0.00,0.00
2025-02-27T08:00,22.1,45,20.6,0.00,0.00,0.00
2025-02-27T09:00,25.4,36,23.9,0.00,0.00,0.00
2025-02-27T10:00,28.1,28,27.0,0.00,0.00,0.00
2025-02-27T11:00,29.8,24,29.6,0.00,0.00,0.00
2025-02-27T12:00,30.7,21,30.5,0.00,0.00,0.00
2025-02-27T13:00,31.2,20,30.5,0.00,0.00,0.00
2025-02-27T14:00,31.4,19,30.2,0.00,0.00,0.00
2025-02-27T15:00,31.3,19,29.1,0.00,0.00,0.00
2025-02-27T16:00,30.7,19,27.6,0.00,0.00,0.00
2025-02-27T17:00,29.2,22,26.1,0.00,0.00,0.00
2025-02-27T18:00,26.0,29,24.2,0.00,0.00,0.00
2025-02-27T19:00,24.6,33,22.9,0.00,0.00,0.00
2025-02-27T20:00,24.3,34,22.8,0.00,0.00,0.00
2025-02-27T21:00,23.2,34,21.8,0.00,0.00,0.00
2025-02-27T22:00,21.7,38,20.1,0.00,0.00,0.00
2025-02-27T23:00,21.7,38,20.6,0.00,0.00,0.00
2025-02-28T00:00,21.2,38,19.4,0.00,0.00,0.00
2025-02-28T01:00,20.5,40,19.2,0.00,0.00,0.00
2025-02-28T02:00,20.4,40,19.0,0.00,0.00,0.00
2025-02-28T03:00,20.5,40,19.4,0.00,0.00,0.00
2025-02-28T04:00,19.7,41,18.5,0.00,0.00,0.00
2025-02-28T05:00,19.6,41,18.5,0.00,0.00,0.00
2025-02-28T06:00,19.5,40,17.4,0.00,0.00,0.00
2025-02-28T07:00,21.1,39,18.8,0.00,0.00,0.00
2025-02-28T08:00,24.3,34,22.4,0.00,0.00,0.00
2025-02-28T09:00,26.9,28,24.5,0.00,0.00,0.00
2025-02-28T10:00,28.7,25,26.4,0.00,0.00,0.00
2025-02-28T11:00,30.0,23,28.2,0.00,0.00,0.00
2025-02-28T12:00,31.0,22,29.6,0.00,0.00,0.00
2025-02-28T13:00,31.7,21,30.4,0.00,0.00,0.00
2025-02-28T14:00,32.1,20,30.5,0.00,0.00,0.00
2025-02-28T15:00,32.2,20,29.9,0.00,0.00,0.00
2025-02-28T16:00,31.9,19,29.3,0.00,0.00,0.00
2025-02-28T17:00,30.2,24,27.9,0.00,0.00,0.00
2025-02-28T18:00,26.8,30,24.8,0.00,0.00,0.00
2025-02-28T19:00,25.1,35,24.1,0.00,0.00,0.00
2025-02-28T20:00,24.5,36,23.7,0.00,0.00,0.00
2025-02-28T21:00,23.9,36,23.0,0.00,0.00,0.00
2025-02-28T22:00,23.6,36,22.8,0.00,0.00,0.00
2025-02-28T23:00,23.0,37,22.2,0.00,0.00,0.00
2025-03-01T00:00,22.3,39,21.4,0.00,0.00,0.00
2025-03-01T01:00,21.3,41,20.1,0.00,0.00,0.00
2025-03-01T02:00,20.5,42,19.1,0.00,0.00,0.00
2025-03-01T03:00,20.3,42,18.5,0.00,0.00,0.00
2025-03-01T04:00,21.1,39,19.0,0.00,0.00,0.00
2025-03-01T05:00,21.2,37,19.0,0.00,0.00,0.00
2025-03-01T06:00,20.9,44,18.7,0.00,0.00,0.00
2025-03-01T07:00,22.2,41,19.8,0.00,0.00,0.00
2025-03-01T08:00,26.0,35,24.1,0.00,0.00,0.00
2025-03-01T09:00,28.6,31,26.3,0.00,0.00,0.00
2025-03-01T10:00,30.0,28,27.8,0.00,0.00,0.00
2025-03-01T11:00,30.9,27,29.1,0.00,0.00,0.00
2025-03-01T12:00,31.5,26,29.6,0.00,0.00,0.00
2025-03-01T13:00,32.1,24,29.8,0.00,0.00,0.00
2025-03-01T14:00,32.2,23,29.5,0.00,0.00,0.00
2025-03-01T15:00,32.4,23,29.6,0.00,0.00,0.00
2025-03-01T16:00,31.8,23,28.9,0.00,0.00,0.00
2025-03-01T17:00,30.6,25,28.4,0.00,0.00,0.00
2025-03-01T18:00,27.6,32,26.3,0.00,0.00,0.00
2025-03-01T19:00,25.8,35,24.7,0.00,0.00,0.00
2025-03-01T20:00,24.7,36,23.4,0.00,0.00,0.00
2025-03-01T21:00,23.9,37,22.2,0.00,0.00,0.00
2025-03-01T22:00,23.8,40,21.9,0.00,0.00,0.00
2025-03-01T23:00,23.3,44,21.7,0.00,0.00,0.00
2025-03-02T00:00,22.6,45,21.2,0.00,0.00,0.00
2025-03-02T01:00,21.3,48,20.1,0.00,0.00,0.00
2025-03-02T02:00,20.4,50,19.5,0.00,0.00,0.00
2025-03-02T03:00,20.0,50,19.5,0.00,0.00,0.00
2025-03-02T04:00,19.6,50,18.7,0.00,0.00,0.00
2025-03-02T05:00,19.7,49,18.8,0.00,0.00,0.00
2025-03-02T06:00,19.7,54,19.1,0.00,0.00,0.00
2025-03-02T07:00,20.4,53,19.3,0.00,0.00,0.00
2025-03-02T08:00,24.4,44,24.0,0.00,0.00,0.00
2025-03-02T09:00,27.5,35,27.2,0.00,0.00,0.00
2025-03-02T10:00,29.2,31,29.4,0.00,0.00,0.00
2025-03-02T11:00,30.4,30,31.3,0.00,0.00,0.00
2025-03-02T12:00,31.9,27,32.6,0.00,0.00,0.00
2025-03-02T13:00,32.9,23,32.2,0.00,0.00,0.00
2025-03-02T14:00,33.1,19,30.4,0.00,0.00,0.00
2025-03-02T15:00,32.5,16,28.2,0.00,0.00,0.00
2025-03-02T16:00,31.7,16,27.2,0.00,0.00,0.00
2025-03-02T17:00,30.2,19,26.2,0.00,0.00,0.00
2025-03-02T18:00,28.2,26,25.3,0.00,0.00,0.00
2025-03-02T19:00,26.4,31,24.4,0.00,0.00,0.00
2025-03-02T20:00,25.1,34,23.1,0.00,0.00,0.00
2025-03-02T21:00,24.8,33,21.9,0.00,0.00,0.00
2025-03-02T22:00,24.1,33,21.1,0.00,0.00,0.00
2025-03-02T23:00,23.6,30,20.3,0.00,0.00,0.00
2025-03-03T00:00,22.8,31,19.7,0.00,0.00,0.00
2025-03-03T01:00,21.9,33,19.4,0.00,0.00,0.00
2025-03-03T02:00,21.6,35,18.9,0.00,0.00,0.00
2025-03-03T03:00,21.3,37,18.8,0.00,0.00,0.00
2025-03-03T04:00,20.5,40,18.1,0.00,0.00,0.00
2025-03-03T05:00,19.6,43,17.2,0.00,0.00,0.00
2025-03-03T06:00,18.7,51,16.8,0.00,0.00,0.00
2025-03-03T07:00,20.3,47,18.0,0.00,0.00,0.00
2025-03-03T08:00,23.7,40,22.0,0.00,0.00,0.00
2025-03-03T09:00,26.5,35,25.0,0.00,0.00,0.00
2025-03-03T10:00,28.7,28,28.1,0.00,0.00,0.00
2025-03-03T11:00,30.3,24,30.2,0.00,0.00,0.00
2025-03-03T12:00,31.6,20,31.3,0.00,0.00,0.00
2025-03-03T13:00,32.4,17,31.4,0.00,0.00,0.00
2025-03-03T14:00,32.7,16,30.9,0.00,0.00,0.00
2025-03-03T15:00,32.6,15,29.7,0.00,0.00,0.00
2025-03-03T16:00,32.0,16,28.3,0.00,0.00,0.00
2025-03-03T17:00,30.5,19,26.8,0.00,0.00,0.00
2025-03-03T18:00,28.0,22,25.2,0.00,0.00,0.00
2025-03-03T19:00,26.1,26,23.7,0.00,0.00,0.00
2025-03-03T20:00,24.5,30,22.3,0.00,0.00,0.00
2025-03-03T21:00,23.4,34,21.1,0.00,0.00,0.00
2025-03-03T22:00,22.5,38,20.7,0.00,0.00,0.00
2025-03-03T23:00,21.4,43,20.0,0.00,0.00,0.00
2025-03-04T00:00,20.6,46,19.3,0.00,0.00,0.00
2025-03-04T01:00,20.1,47,19.0,0.00,0.00,0.00
2025-03-04T02:00,19.8,48,18.6,0.00,0.00,0.00
2025-03-04T03:00,19.7,48,18.6,0.00,0.00,0.00
2025-03-04T04:00,19.6,48,18.6,0.00,0.00,0.00
2025-03-04T05:00,19.1,49,18.0,0.00,0.00,0.00
2025-03-04T06:00,19.2,52,18.1,0.00,0.00,0.00
2025-03-04T07:00,21.6,44,19.7,0.00,0.00,0.00
2025-03-04T08:00,25.8,33,23.9,0.00,0.00,0.00
2025-03-04T09:00,28.2,29,25.4,0.00,0.00,0.00
2025-03-04T10:00,29.5,27,27.1,0.00,0.00,0.00
2025-03-04T11:00,30.8,24,29.3,0.00,0.00,0.00
2025-03-04T12:00,31.8,22,31.0,0.00,0.00,0.00
2025-03-04T13:00,32.6,21,31.5,0.00,0.00,0.00
2025-03-04T14:00,32.7,20,30.8,0.00,0.00,0.00
2025-03-04T15:00,32.3,19,29.3,0.00,0.00,0.00
2025-03-04T16:00,31.6,19,27.8,0.00,0.00,0.00
2025-03-04T17:00,30.2,21,26.8,0.00,0.00,0.00
2025-03-04T18:00,27.6,27,24.7,0.00,0.00,0.00
2025-03-04T19:00,25.8,31,22.8,0.00,0.00,0.00
2025-03-04T20:00,24.7,31,21.2,0.00,0.00,0.00
2025-03-04T21:00,24.1,32,20.6,0.00,0.00,0.00
2025-03-04T22:00,23.4,33,19.7,0.00,0.00,0.00
2025-03-04T23:00,22.4,33,19.1,0.00,0.00,0.00
2025-03-05T00:00,21.1,34,17.8,0.00,0.00,0.00
2025-03-05T01:00,20.2,34,16.6,0.00,0.00,0.00
2025-03-05T02:00,19.1,36,15.7,0.00,0.00,0.00
2025-03-05T03:00,18.0,38,14.8,0.00,0.00,0.00
2025-03-05T04:00,17.3,39,14.0,0.00,0.00,0.00
2025-03-05T05:00,16.7,39,13.1,0.00,0.00,0.00
2025-03-05T06:00,16.1,39,12.0,0.00,0.00,0.00
2025-03-05T07:00,17.0,31,12.5,0.00,0.00,0.00
2025-03-05T08:00,19.0,20,13.8,0.00,0.00,0.00
2025-03-05T09:00,21.2,18,15.8,0.00,0.00,0.00
2025-03-05T10:00,23.5,16,19.4,0.00,0.00,0.00
2025-03-05T11:00,25.8,14,22.7,0.00,0.00,0.00
2025-03-05T12:00,27.9,11,25.0,0.00,0.00,0.00
2025-03-05T13:00,29.1,8,25.5,0.00,0.00,0.00
2025-03-05T14:00,29.0,9,24.9,0.00,0.00,0.00
2025-03-05T15:00,28.2,12,23.6,0.00,0.00,0.00
2025-03-05T16:00,27.2,14,22.1,0.00,0.00,0.00
2025-03-05T17:00,25.9,14,20.8,0.00,0.00,0.00
2025-03-05T18:00,23.4,17,19.4,0.00,0.00,0.00
2025-03-05T19:00,21.8,20,17.8,0.00,0.00,0.00
2025-03-05T20:00,20.5,21,16.5,0.00,0.00,0.00
2025-03-05T21:00,19.5,23,15.4,0.00,0.00,0.00
2025-03-05T22:00,18.9,24,14.8,0.00,0.00,0.00
2025-03-05T23:00,18.2,25,14.2,0.00,0.00,0.00
2025-03-06T00:00,17.3,27,13.6,0.00,0.00,0.00
2025-03-06T01:00,16.7,27,12.8,0.00,0.00,0.00
2025-03-06T02:00,16.5,27,12.4,0.00,0.00,0.00
2025-03-06T03:00,16.1,26,11.8,0.00,0.00,0.00
2025-03-06T04:00,15.5,26,11.0,0.00,0.00,0.00
2025-03-06T05:00,14.9,27,10.2,0.00,0.00,0.00
2025-03-06T06:00,14.6,32,10.0,0.00,0.00,0.00
2025-03-06T07:00,16.3,30,11.7,0.00,0.00,0.00
2025-03-06T08:00,20.1,25,15.8,0.00,0.00,0.00
2025-03-06T09:00,23.3,16,18.0,0.00,0.00,0.00
2025-03-06T10:00,25.5,13,21.4,0.00,0.00,0.00
2025-03-06T11:00,27.4,11,24.7,0.00,0.00,0.00
2025-03-06T12:00,28.9,10,26.7,0.00,0.00,0.00
2025-03-06T13:00,29.9,8,27.7,0.00,0.00,0.00
2025-03-06T14:00,30.5,8,27.4,0.00,0.00,0.00
2025-03-06T15:00,30.4,7,25.7,0.00,0.00,0.00
2025-03-06T16:00,29.5,7,23.5,0.00,0.00,0.00
2025-03-06T17:00,27.7,8,22.2,0.00,0.00,0.00
2025-03-06T18:00,24.9,10,19.9,0.00,0.00,0.00
2025-03-06T19:00,23.1,12,18.3,0.00,0.00,0.00
2025-03-06T20:00,22.2,15,17.4,0.00,0.00,0.00
2025-03-06T21:00,21.1,18,16.6,0.00,0.00,0.00
2025-03-06T22:00,19.8,20,15.9,0.00,0.00,0.00
2025-03-06T23:00,18.8,22,14.8,0.00,0.00,0.00
2025-03-07T00:00,18.2,24,14.1,0.00,0.00,0.00
2025-03-07T01:00,17.5,26,13.6,0.00,0.00,0.00
2025-03-07T02:00,16.8,27,13.1,0.00,0.00,0.00
2025-03-07T03:00,16.0,29,12.3,0.00,0.00,0.00
2025-03-07T04:00,15.6,30,11.6,0.00,0.00,0.00
2025-03-07T05:00,15.9,28,11.8,0.00,0.00,0.00
2025-03-07T06:00,15.2,31,11.3,0.00,0.00,0.00
2025-03-07T07:00,17.8,28,13.5,0.00,0.00,0.00
2025-03-07T08:00,22.9,22,19.1,0.00,0.00,0.00
2025-03-07T09:00,26.2,13,21.5,0.00,0.00,0.00
2025-03-07T10:00,28.1,12,24.3,0.00,0.00,0.00
2025-03-07T11:00,29.5,12,27.2,0.00,0.00,0.00
2025-03-07T12:00,30.7,11,29.6,0.00,0.00,0.00
2025-03-07T13:00,31.5,11,30.6,0.00,0.00,0.00
2025-03-07T14:00,32.1,10,30.3,0.00,0.00,0.00
2025-03-07T15:00,32.0,10,28.8,0.00,0.00,0.00
2025-03-07T16:00,31.4,11,27.2,0.00,0.00,0.00
2025-03-07T17:00,30.1,13,26.5,0.00,0.00,0.00
2025-03-07T18:00,26.5,17,22.8,0.00,0.00,0.00
2025-03-07T19:00,24.8,20,20.6,0.00,0.00,0.00
2025-03-07T20:00,23.3,22,19.4,0.00,0.00,0.00
2025-03-07T21:00,22.5,22,18.6,0.00,0.00,0.00
2025-03-07T22:00,22.0,22,18.1,0.00,0.00,0.00
2025-03-07T23:00,21.0,23,17.2,0.00,0.00,0.00
2025-03-08T00:00,20.3,24,16.5,0.00,0.00,0.00
2025-03-08T01:00,19.6,25,15.6,0.00,0.00,0.00
2025-03-08T02:00,19.2,25,15.3,0.00,0.00,0.00
2025-03-08T03:00,19.1,25,15.2,0.00,0.00,0.00
2025-03-08T04:00,19.1,26,15.4,0.00,0.00,0.00
2025-03-08T05:00,19.1,26,15.4,0.00,0.00,0.00
2025-03-08T06:00,18.6,32,15.2,0.00,0.00,0.00
2025-03-08T07:00,21.4,28,17.8,0.00,0.00,0.00
2025-03-08T08:00,25.7,23,22.6,0.00,0.00,0.00
2025-03-08T09:00,28.9,17,25.1,0.00,0.00,0.00
2025-03-08T10:00,30.7,15,27.6,0.00,0.00,0.00
2025-03-08T11:00,31.8,14,29.7,0.00,0.00,0.00
2025-03-08T12:00,32.6,13,30.9,0.00,0.00,0.00
2025-03-08T13:00,33.0,13,31.1,0.00,0.00,0.00
2025-03-08T14:00,33.0,14,30.7,0.00,0.00,0.00
2025-03-08T15:00,32.9,14,29.9,0.00,0.00,0.00
2025-03-08T16:00,32.5,14,29.0,0.00,0.00,0.00
2025-03-08T17:00,30.9,16,27.6,0.00,0.00,0.00
2025-03-08T18:00,27.1,20,24.1,0.00,0.00,0.00
2025-03-08T19:00,25.6,22,22.1,0.00,0.00,0.00
2025-03-08T20:00,24.6,24,20.9,0.00,0.00,0.00
2025-03-08T21:00,23.9,25,20.2,0.00,0.00,0.00
2025-03-08T22:00,23.3,26,19.9,0.00,0.00,0.00
2025-03-08T23:00,22.5,27,19.3,0.00,0.00,0.00
2025-03-09T00:00,21.7,29,18.5,0.00,0.00,0.00
2025-03-09T01:00,21.4,29,17.5,0.00,0.00,0.00
2025-03-09T02:00,20.4,31,16.8,0.00,0.00,0.00
2025-03-09T03:00,19.8,33,16.4,0.00,0.00,0.00
2025-03-09T04:00,19.4,36,16.2,0.00,0.00,0.00
2025-03-09T05:00,18.9,38,16.1,0.00,0.00,0.00
2025-03-09T06:00,19.0,40,16.4,0.00,0.00,0.00
2025-03-09T07:00,20.6,37,17.9,0.00,0.00,0.00
2025-03-09T08:00,24.4,29,21.8,0.00,0.00,0.00
2025-03-09T09:00,27.8,24,25.1,0.00,0.00,0.00
2025-03-09T10:00,30.2,18,28.3,0.00,0.00,0.00
2025-03-09T11:00,31.5,16,30.8,0.00,0.00,0.00
2025-03-09T12:00,32.4,15,32.0,0.00,0.00,0.00
2025-03-09T13:00,33.0,14,32.2,0.00,0.00,0.00
2025-03-09T14:00,33.2,14,31.9,0.00,0.00,0.00
2025-03-09T15:00,33.1,14,31.0,0.00,0.00,0.00
2025-03-09T16:00,32.7,14,29.4,0.00,0.00,0.00
2025-03-09T17:00,31.7,15,28.0,0.00,0.00,0.00
2025-03-09T18:00,28.4,20,25.4,0.00,0.00,0.00
2025-03-09T19:00,25.9,24,23.4,0.00,0.00,0.00
2025-03-09T20:00,24.6,24,21.6,0.00,0.00,0.00
2025-03-09T21:00,23.3,25,20.4,0.00,0.00,0.00
2025-03-09T22:00,22.9,24,19.6,0.00,0.00,0.00
2025-03-09T23:00,22.8,24,18.7,0.00,0.00,0.00
2025-03-10T00:00,22.3,25,18.1,0.00,0.00,0.00
2025-03-10T01:00,21.5,27,17.5,0.00,0.00,0.00
2025-03-10T02:00,21.2,28,17.5,0.00,0.00,0.00
2025-03-10T03:00,20.5,30,17.1,0.00,0.00,0.00
2025-03-10T04:00,20.1,31,16.6,0.00,0.00,0.00
2025-03-10T05:00,19.8,32,16.4,0.00,0.00,0.00
2025-03-10T06:00,19.8,32,16.3,0.00,0.00,0.00
2025-03-10T07:00,21.1,30,17.7,0.00,0.00,0.00
2025-03-10T08:00,24.2,25,21.0,0.00,0.00,0.00
2025-03-10T09:00,27.5,21,24.5,0.00,0.00,0.00
2025-03-10T10:00,29.4,21,27.0,0.00,0.00,0.00
2025-03-10T11:00,30.9,20,29.4,0.00,0.00,0.00
2025-03-10T12:00,31.9,19,31.3,0.00,0.00,0.00
2025-03-10T13:00,32.5,18,32.7,0.00,0.00,0.00
2025-03-10T14:00,32.8,17,32.5,0.00,0.00,0.00
2025-03-10T15:00,32.9,17,31.2,0.00,0.00,0.00
2025-03-10T16:00,32.5,17,29.8,0.00,0.00,0.00
2025-03-10T17:00,31.5,18,28.5,0.00,0.00,0.00
2025-03-10T18:00,28.2,24,26.5,0.00,0.00,0.00
2025-03-10T19:00,27.0,25,25.5,0.00,0.00,0.00
2025-03-10T20:00,25.5,27,23.3,0.00,0.00,0.00
2025-03-10T21:00,24.6,28,21.8,0.00,0.00,0.00
2025-03-10T22:00,23.3,28,20.3,0.00,0.00,0.00
2025-03-10T23:00,22.8,27,19.3,0.00,0.00,0.00
2025-03-11T00:00,22.4,28,19.0,0.00,0.00,0.00
2025-03-11T01:00,21.5,31,18.4,0.00,0.00,0.00
2025-03-11T02:00,20.7,33,17.9,0.00,0.00,0.00
2025-03-11T03:00,19.9,35,17.4,0.00,0.00,0.00
2025-03-11T04:00,19.6,37,17.1,0.00,0.00,0.00
2025-03-11T05:00,19.5,37,17.0,0.00,0.00,0.00
2025-03-11T06:00,19.0,41,16.9,0.00,0.00,0.00
2025-03-11T07:00,21.4,36,18.9,0.00,0.00,0.00
2025-03-11T08:00,25.2,29,22.8,0.00,0.00,0.00
2025-03-11T09:00,28.6,22,26.2,0.00,0.00,0.00
2025-03-11T10:00,31.3,17,29.4,0.00,0.00,0.00
2025-03-11T11:00,32.6,16,32.3,0.00,0.00,0.00
2025-03-11T12:00,33.6,15,33.9,0.00,0.00,0.00
2025-03-11T13:00,34.4,14,34.2,0.00,0.00,0.00
2025-03-11T14:00,34.7,13,33.8,0.00,0.00,0.00
2025-03-11T15:00,34.6,14,33.1,0.00,0.00,0.00
2025-03-11T16:00,34.7,13,32.3,0.00,0.00,0.00
2025-03-11T17:00,33.5,16,30.9,0.00,0.00,0.00
2025-03-11T18:00,28.8,26,27.5,0.00,0.00,0.00
2025-03-11T19:00,27.2,24,25.1,0.00,0.00,0.00
2025-03-11T20:00,25.8,22,23.2,0.00,0.00,0.00
2025-03-11T21:00,24.9,22,22.0,0.00,0.00,0.00
2025-03-11T22:00,24.4,23,21.6,0.00,0.00,0.00
2025-03-11T23:00,23.1,26,20.5,0.00,0.00,0.00
2025-03-12T00:00,21.9,29,19.6,0.00,0.00,0.00
2025-03-12T01:00,21.7,28,19.5,0.00,0.00,0.00
2025-03-12T02:00,21.6,28,19.3,0.00,0.00,0.00
2025-03-12T03:00,21.6,28,19.7,0.00,0.00,0.00
2025-03-12T04:00,21.3,29,19.5,0.00,0.00,0.00
2025-03-12T05:00,20.5,30,18.7,0.00,0.00,0.00
2025-03-12T06:00,21.7,30,19.1,0.00,0.00,0.00
2025-03-12T07:00,24.7,27,21.6,0.00,0.00,0.00
2025-03-12T08:00,28.2,25,25.2,0.00,0.00,0.00
2025-03-12T09:00,30.6,24,27.5,0.00,0.00,0.00
2025-03-12T10:00,32.8,20,30.5,0.00,0.00,0.00
2025-03-12T11:00,34.2,17,32.9,0.00,0.00,0.00
2025-03-12T12:00,35.4,14,34.5,0.00,0.00,0.00
2025-03-12T13:00,36.2,13,34.7,0.00,0.00,0.00
2025-03-12T14:00,35.9,13,32.9,0.00,0.00,0.00
2025-03-12T15:00,35.3,13,31.8,0.00,0.00,0.00
2025-03-12T16:00,34.7,14,30.8,0.00,0.00,0.00
2025-03-12T17:00,33.5,15,30.1,0.00,0.00,0.00
2025-03-12T18:00,30.4,20,27.3,0.00,0.00,0.00
2025-03-12T19:00,28.7,22,25.8,0.00,0.00,0.00
2025-03-12T20:00,27.7,24,25.0,0.00,0.00,0.00
2025-03-12T21:00,26.6,25,24.1,0.00,0.00,0.00
2025-03-12T22:00,25.4,27,22.9,0.00,0.00,0.00
2025-03-12T23:00,24.5,28,21.9,0.00,0.00,0.00
2025-03-13T00:00,24.6,27,21.7,0.00,0.00,0.00
2025-03-13T01:00,24.2,28,21.2,0.00,0.00,0.00
2025-03-13T02:00,24.8,26,21.2,0.00,0.00,0.00
2025-03-13T03:00,24.8,26,21.1,0.00,0.00,0.00
2025-03-13T04:00,24.3,27,20.8,0.00,0.00,0.00
2025-03-13T05:00,23.7,27,20.1,0.00,0.00,0.00
2025-03-13T06:00,23.9,27,19.9,0.00,0.00,0.00
2025-03-13T07:00,26.4,22,22.1,0.00,0.00,0.00
2025-03-13T08:00,30.0,20,26.4,0.00,0.00,0.00
2025-03-13T09:00,32.6,16,28.4,0.00,0.00,0.00
2025-03-13T10:00,34.1,14,30.6,0.00,0.00,0.00
2025-03-13T11:00,35.0,14,31.9,0.00,0.00,0.00
2025-03-13T12:00,35.5,14,32.6,0.00,0.00,0.00
2025-03-13T13:00,35.8,13,32.5,0.00,0.00,0.00
2025-03-13T14:00,35.6,12,32.0,0.00,0.00,0.00
2025-03-13T15:00,35.2,13,30.9,0.00,0.00,0.00
2025-03-13T16:00,34.2,14,29.3,0.00,0.00,0.00
2025-03-13T17:00,33.0,14,28.7,0.00,0.00,0.00
2025-03-13T18:00,29.9,19,27.2,0.00,0.00,0.00
2025-03-13T19:00,29.0,21,26.1,0.00,0.00,0.00
2025-03-13T20:00,28.7,22,25.8,0.00,0.00,0.00
2025-03-13T21:00,28.7,21,25.1,0.00,0.00,0.00
2025-03-13T22:00,28.4,22,25.2,0.00,0.00,0.00
2025-03-13T23:00,27.0,23,23.8,0.00,0.00,0.00
2025-03-14T00:00,26.1,25,22.7,0.00,0.00,0.00
2025-03-14T01:00,25.2,25,21.7,0.00,0.00,0.00
2025-03-14T02:00,24.5,24,20.3,0.00,0.00,0.00
2025-03-14T03:00,24.8,20,19.8,0.00,0.00,0.00
2025-03-14T04:00,24.7,19,19.5,0.00,0.00,0.00
2025-03-14T05:00,24.1,19,19.1,0.00,0.00,0.00
2025-03-14T06:00,23.7,20,19.2,0.00,0.00,0.00
2025-03-14T07:00,25.6,19,20.9,0.00,0.00,0.00
2025-03-14T08:00,29.1,18,25.0,0.00,0.00,0.00
2025-03-14T09:00,31.6,17,27.3,0.00,0.00,0.00
2025-03-14T10:00,33.3,15,29.8,0.00,0.00,0.00
2025-03-14T11:00,34.5,14,31.9,0.00,0.00,0.00
2025-03-14T12:00,35.4,13,33.4,0.00,0.00,0.00
2025-03-14T13:00,35.9,14,33.6,0.00,0.00,0.00
2025-03-14T14:00,35.6,14,32.6,0.00,0.00,0.00
2025-03-14T15:00,35.2,14,31.5,0.00,0.00,0.00
2025-03-14T16:00,34.4,15,30.4,0.00,0.00,0.00
2025-03-14T17:00,33.1,15,29.1,0.00,0.00,0.00
2025-03-14T18:00,30.4,18,27.1,0.00,0.00,0.00
2025-03-14T19:00,28.8,21,25.6,0.00,0.00,0.00
2025-03-14T20:00,27.6,23,24.8,0.00,0.00,0.00
2025-03-14T21:00,26.2,26,23.7,0.00,0.00,0.00
2025-03-14T22:00,25.7,25,22.9,0.00,0.00,0.00
2025-03-14T23:00,25.6,24,22.2,0.00,0.00,0.00
2025-03-15T00:00,24.8,24,21.7,0.00,0.00,0.00
2025-03-15T01:00,24.0,24,20.6,0.00,0.00,0.00
2025-03-15T02:00,23.7,24,20.1,0.00,0.00,0.00
2025-03-15T03:00,23.5,24,19.8,0.00,0.00,0.00
2025-03-15T04:00,23.7,25,19.8,0.00,0.00,0.00
2025-03-15T05:00,23.6,24,19.9,0.00,0.00,0.00
2025-03-15T06:00,23.4,26,19.6,0.00,0.00,0.00
2025-03-15T07:00,25.4,24,21.7,0.00,0.00,0.00
2025-03-15T08:00,29.6,20,26.6,0.00,0.00,0.00
2025-03-15T09:00,32.5,16,29.5,0.00,0.00,0.00
2025-03-15T10:00,34.2,14,33.3,0.00,0.00,0.00
2025-03-15T11:00,35.5,14,34.6,0.00,0.00,0.00
2025-03-15T12:00,36.4,13,34.2,0.00,0.00,0.00
2025-03-15T13:00,36.0,15,33.2,0.00,0.00,0.00
2025-03-15T14:00,35.9,14,33.1,0.00,0.00,0.00
2025-03-15T15:00,35.6,14,32.0,0.00,0.00,0.00
2025-03-15T16:00,35.8,13,32.1,0.00,0.00,0.00
2025-03-15T17:00,34.5,16,31.1,0.00,0.00,0.00
2025-03-15T18:00,31.1,22,28.3,0.00,0.00,0.00
2025-03-15T19:00,28.9,26,27.0,0.00,0.00,0.00
2025-03-15T20:00,27.5,30,26.5,0.00,0.00,0.00
2025-03-15T21:00,26.8,29,25.1,0.00,0.00,0.00
2025-03-15T22:00,25.7,30,24.0,0.00,0.00,0.00
2025-03-15T23:00,24.7,30,22.3,0.00,0.00,0.00
2025-03-16T00:00,24.6,29,22.4,0.00,0.00,0.00
2025-03-16T01:00,24.6,30,23.1,0.00,0.00,0.00
2025-03-16T02:00,24.1,30,22.4,0.00,0.00,0.00
2025-03-16T03:00,23.3,31,21.6,0.00,0.00,0.00
2025-03-16T04:00,23.1,31,21.1,0.00,0.00,0.00
2025-03-16T05:00,22.2,33,19.9,0.00,0.00,0.00
2025-03-16T06:00,23.0,37,21.4,0.00,0.00,0.00
2025-03-16T07:00,25.8,32,23.7,0.00,0.00,0.00
2025-03-16T08:00,29.1,26,27.1,0.00,0.00,0.00
2025-03-16T09:00,31.3,22,28.5,0.00,0.00,0.00
2025-03-16T10:00,32.9,20,32.0,0.00,0.00,0.00
2025-03-16T11:00,34.1,19,35.1,0.00,0.00,0.00
2025-03-16T12:00,35.0,18,34.2,0.00,0.00,0.00
2025-03-16T13:00,35.5,18,33.8,0.00,0.00,0.00
2025-03-16T14:00,35.3,18,33.1,0.00,0.00,0.00
2025-03-16T15:00,35.4,18,32.8,0.00,0.00,0.00
2025-03-16T16:00,34.7,18,31.8,0.00,0.00,0.00
2025-03-16T17:00,33.5,20,31.0,0.00,0.00,0.00
2025-03-16T18:00,30.6,24,28.8,0.00,0.00,0.00
2025-03-16T19:00,29.0,26,27.0,0.00,0.00,0.00
2025-03-16T20:00,27.9,28,25.9,0.00,0.00,0.00
2025-03-16T21:00,26.7,30,24.6,0.00,0.00,0.00
2025-03-16T22:00,26.2,30,23.6,0.00,0.00,0.00
2025-03-16T23:00,25.6,30,23.0,0.00,0.00,0.00
2025-03-17T00:00,25.0,30,22.4,0.00,0.00,0.00
2025-03-17T01:00,23.9,31,21.7,0.00,0.00,0.00
2025-03-17T02:00,22.8,33,20.9,0.00,0.00,0.00
2025-03-17T03:00,22.1,36,20.5,0.00,0.00,0.00
2025-03-17T04:00,22.3,36,20.7,0.00,0.00,0.00
2025-03-17T05:00,22.1,36,20.1,0.00,0.00,0.00
2025-03-17T06:00,22.0,39,20.1,0.00,0.00,0.00
2025-03-17T07:00,24.1,35,22.2,0.00,0.00,0.00
2025-03-17T08:00,27.6,28,25.8,0.00,0.00,0.00
2025-03-17T09:00,30.2,22,27.4,0.00,0.00,0.00
2025-03-17T10:00,31.9,19,29.7,0.00,0.00,0.00
2025-03-17T11:00,32.9,19,31.7,0.00,0.00,0.00
2025-03-17T12:00,33.8,19,33.0,0.00,0.00,0.00
2025-03-17T13:00,34.4,17,33.0,0.00,0.00,0.00
2025-03-17T14:00,34.1,17,31.2,0.00,0.00,0.00
2025-03-17T15:00,34.0,17,30.4,0.00,0.00,0.00
2025-03-17T16:00,32.9,18,28.7,0.00,0.00,0.00
2025-03-17T17:00,31.4,21,27.6,0.00,0.00,0.00
2025-03-17T18:00,29.3,25,26.6,0.00,0.00,0.00
2025-03-17T19:00,27.9,29,25.1,0.00,0.00,0.00
2025-03-17T20:00,27.0,31,24.3,0.00,0.00,0.00
2025-03-17T21:00,25.7,35,23.3,0.00,0.00,0.00
2025-03-17T22:00,24.8,37,22.4,0.00,0.00,0.00
2025-03-17T23:00,24.2,37,21.8,0.00,0.00,0.00
2025-03-18T00:00,23.5,37,21.1,0.00,0.00,0.00
2025-03-18T01:00,22.6,41,20.2,0.00,0.00,0.00
2025-03-18T02:00,21.4,47,19.8,0.00,0.00,0.00
2025-03-18T03:00,20.7,50,19.3,0.00,0.00,0.00
2025-03-18T04:00,20.6,52,19.0,0.00,0.00,0.00
2025-03-18T05:00,20.3,53,18.7,0.00,0.00,0.00
2025-03-18T06:00,20.0,60,19.1,0.00,0.00,0.00
2025-03-18T07:00,22.1,55,20.8,0.00,0.00,0.00
2025-03-18T08:00,25.1,45,23.7,0.00,0.00,0.00
2025-03-18T09:00,27.8,36,26.0,0.00,0.00,0.00
2025-03-18T10:00,29.8,30,29.0,0.00,0.00,0.00
2025-03-18T11:00,31.3,25,32.1,0.00,0.00,0.00
2025-03-18T12:00,32.4,24,34.3,0.00,0.00,0.00
2025-03-18T13:00,33.4,22,35.3,0.00,0.00,0.00
2025-03-18T14:00,34.4,20,35.1,0.00,0.00,0.00
2025-03-18T15:00,35.2,17,33.2,0.00,0.00,0.00
2025-03-18T16:00,33.9,20,30.5,0.00,0.00,0.00
2025-03-18T17:00,33.0,20,30.3,0.00,0.00,0.00
2025-03-18T18:00,29.9,24,28.3,0.00,0.00,0.00
2025-03-18T19:00,28.6,30,28.2,0.00,0.00,0.00
2025-03-18T20:00,26.9,29,24.7,0.00,0.00,0.00
2025-03-18T21:00,26.5,29,24.0,0.00,0.00,0.00
2025-03-18T22:00,25.3,31,22.7,0.00,0.00,0.00
2025-03-18T23:00,24.4,32,22.2,0.00,0.00,0.00
2025-03-19T00:00,23.3,35,21.3,0.00,0.00,0.00
2025-03-19T01:00,23.4,34,20.3,0.00,0.00,0.00
2025-03-19T02:00,22.9,35,20.0,0.00,0.00,0.00
2025-03-19T03:00,22.2,37,19.6,0.00,0.00,0.00
2025-03-19T04:00,21.7,39,19.5,0.00,0.00,0.00
2025-03-19T05:00,21.7,39,19.9,0.00,0.00,0.00
2025-03-19T06:00,22.6,40,20.7,0.00,0.00,0.00
2025-03-19T07:00,23.7,38,21.8,0.00,0.00,0.00
2025-03-19T08:00,26.4,32,24.6,0.00,0.00,0.00
2025-03-19T09:00,29.5,27,27.5,0.00,0.00,0.00
2025-03-19T10:00,32.0,25,30.9,0.00,0.00,0.00
2025-03-19T11:00,33.5,24,32.4,0.00,0.00,0.00
2025-03-19T12:00,34.2,22,32.2,0.00,0.00,0.00
2025-03-19T13:00,34.5,22,32.4,0.00,0.00,0.00
2025-03-19T14:00,34.9,21,32.9,0.00,0.00,0.00
2025-03-19T15:00,35.2,21,32.8,0.00,0.00,0.00
2025-03-19T16:00,34.7,21,31.5,0.00,0.00,0.00
2025-03-19T17:00,34.0,21,31.2,0.00,0.00,0.00
2025-03-19T18:00,30.7,26,29.1,0.00,0.00,0.00
2025-03-19T19:00,29.5,28,27.7,0.00,0.00,0.00
2025-03-19T20:00,28.9,29,27.4,0.00,0.00,0.00
2025-03-19T21:00,27.7,32,26.2,0.00,0.00,0.00
2025-03-19T22:00,26.7,36,26.1,0.00,0.00,0.00
2025-03-19T23:00,26.6,35,25.7,0.00,0.00,0.00
2025-03-20T00:00,26.6,35,25.1,0.00,0.00,0.00
2025-03-20T01:00,26.0,36,24.3,0.00,0.00,0.00
2025-03-20T02:00,25.5,38,23.6,0.00,0.00,0.00
2025-03-20T03:00,25.1,39,23.7,0.00,0.00,0.00
2025-03-20T04:00,24.6,40,23.2,0.00,0.00,0.00
2025-03-20T05:00,24.7,40,23.3,0.00,0.00,0.00
2025-03-20T06:00,24.0,46,23.1,0.00,0.00,0.00
2025-03-20T07:00,26.1,42,24.7,0.00,0.00,0.00
2025-03-20T08:00,28.5,38,26.6,0.00,0.00,0.00
2025-03-20T09:00,30.3,32,27.9,0.00,0.00,0.00
2025-03-20T10:00,32.1,28,30.2,0.00,0.00,0.00
2025-03-20T11:00,33.3,26,31.6,0.00,0.00,0.00
2025-03-20T12:00,34.0,23,31.0,0.00,0.00,0.00
2025-03-20T13:00,34.9,21,31.8,0.00,0.00,0.00
2025-03-20T14:00,35.2,21,32.4,0.00,0.00,0.00
2025-03-20T15:00,35.2,20,31.7,0.00,0.00,0.00
2025-03-20T16:00,34.6,21,31.5,0.00,0.00,0.00
2025-03-20T17:00,32.7,23,30.1,0.00,0.00,0.00
2025-03-20T18:00,28.5,39,28.2,0.00,0.00,0.00
2025-03-20T19:00,27.6,40,27.4,0.00,0.00,0.00
2025-03-20T20:00,27.4,39,26.9,0.00,0.00,0.00
2025-03-20T21:00,27.7,37,26.8,0.00,0.00,0.00
2025-03-20T22:00,26.4,41,25.2,0.00,0.00,0.00
2025-03-20T23:00,25.5,40,23.9,0.00,0.00,0.00
2025-03-21T00:00,24.4,40,23.0,0.00,0.00,0.00
2025-03-21T01:00,23.5,40,22.2,0.00,0.00,0.00
2025-03-21T02:00,23.1,41,21.9,0.00,0.00,0.00
2025-03-21T03:00,21.8,47,21.0,0.00,0.00,0.00
2025-03-21T04:00,21.3,54,21.0,0.00,0.00,0.00
2025-03-21T05:00,21.5,56,21.7,0.00,0.00,0.00
2025-03-21T06:00,21.5,68,23.2,0.00,0.00,0.00
2025-03-21T07:00,23.3,60,24.3,0.00,0.00,0.00
2025-03-21T08:00,26.5,45,27.1,0.00,0.00,0.00
2025-03-21T09:00,29.5,28,28.6,0.00,0.00,0.00
2025-03-21T10:00,31.7,19,30.1,0.00,0.00,0.00
2025-03-21T11:00,33.0,17,31.3,0.00,0.00,0.00
2025-03-21T12:00,33.5,17,31.7,0.00,0.00,0.00
2025-03-21T13:00,34.0,16,32.6,0.00,0.00,0.00
2025-03-21T14:00,34.9,15,33.1,0.00,0.00,0.00
2025-03-21T15:00,33.9,16,30.1,0.00,0.00,0.00
2025-03-21T16:00,32.0,18,27.4,0.00,0.00,0.00
2025-03-21T17:00,31.5,17,27.1,0.00,0.00,0.00
2025-03-21T18:00,29.8,18,25.8,0.00,0.00,0.00
2025-03-21T19:00,28.4,20,24.6,0.00,0.00,0.00
2025-03-21T20:00,27.0,21,23.4,0.00,0.00,0.00
2025-03-21T21:00,26.2,19,21.9,0.00,0.00,0.00
2025-03-21T22:00,24.6,22,21.7,0.00,0.00,0.00
2025-03-21T23:00,22.5,27,20.4,0.00,0.00,0.00
2025-03-22T00:00,21.5,33,19.8,0.00,0.00,0.00
2025-03-22T01:00,20.5,31,17.9,0.00,0.00,0.00
2025-03-22T02:00,21.0,33,17.9,0.00,0.00,0.00
2025-03-22T03:00,20.7,40,18.0,0.00,0.00,0.00
2025-03-22T04:00,20.1,46,17.6,0.00,0.00,0.00
2025-03-22T05:00,19.8,52,18.0,0.00,0.00,0.00
2025-03-22T06:00,19.9,59,18.9,0.00,0.00,0.00
2025-03-22T07:00,22.3,53,21.2,0.00,0.00,0.00
2025-03-22T08:00,25.4,45,24.5,0.00,0.00,0.00
2025-03-22T09:00,28.0,34,26.6,0.00,0.00,0.00
2025-03-22T10:00,29.9,25,29.7,0.00,0.00,0.00
2025-03-22T11:00,31.1,21,31.3,0.00,0.00,0.00
2025-03-22T12:00,32.2,18,32.8,0.00,0.00,0.00
2025-03-22T13:00,33.4,15,32.8,0.00,0.00,0.00
2025-03-22T14:00,33.7,13,31.0,0.00,0.00,0.00
2025-03-22T15:00,33.0,13,29.0,0.00,0.00,0.00
2025-03-22T16:00,32.7,14,28.5,0.00,0.00,0.00
2025-03-22T17:00,31.5,14,26.9,0.00,0.00,0.00
2025-03-22T18:00,29.1,15,24.9,0.00,0.00,0.00
2025-03-22T19:00,26.7,20,23.2,0.00,0.00,0.00
2025-03-22T20:00,25.5,25,22.5,0.00,0.00,0.00
2025-03-22T21:00,24.4,28,21.7,0.00,0.00,0.00
2025-03-22T22:00,24.0,27,20.9,0.00,0.00,0.00
2025-03-22T23:00,23.7,27,20.4,0.00,0.00,0.00
2025-03-23T00:00,22.6,29,19.6,0.00,0.00,0.00
2025-03-23T01:00,22.1,29,18.8,0.00,0.00,0.00
2025-03-23T02:00,22.1,28,18.2,0.00,0.00,0.00
2025-03-23T03:00,20.9,31,17.9,0.00,0.00,0.00
2025-03-23T04:00,20.0,35,17.3,0.00,0.00,0.00
2025-03-23T05:00,19.4,41,17.1,0.00,0.00,0.00
2025-03-23T06:00,19.3,45,17.1,0.00,0.00,0.00
2025-03-23T07:00,21.8,43,19.9,0.00,0.00,0.00
2025-03-23T08:00,25.6,38,24.6,0.00,0.00,0.00
2025-03-23T09:00,28.7,28,27.5,0.00,0.00,0.00
2025-03-23T10:00,30.4,21,29.7,0.00,0.00,0.00
2025-03-23T11:00,31.9,16,31.0,0.00,0.00,0.00
2025-03-23T12:00,33.4,11,31.4,0.00,0.00,0.00
2025-03-23T13:00,33.6,10,30.5,0.00,0.00,0.00
2025-03-23T14:00,33.4,10,30.2,0.00,0.00,0.00
2025-03-23T15:00,33.1,9,29.1,0.00,0.00,0.00
2025-03-23T16:00,32.6,10,27.7,0.00,0.00,0.00
2025-03-23T17:00,31.2,11,26.0,0.00,0.00,0.00
2025-03-23T18:00,28.7,15,24.2,0.00,0.00,0.00
2025-03-23T19:00,27.0,18,22.8,0.00,0.00,0.00
2025-03-23T20:00,26.0,20,22.2,0.00,0.00,0.00
2025-03-23T21:00,24.9,21,20.9,0.00,0.00,0.00
2025-03-23T22:00,24.0,21,19.3,0.00,0.00,0.00
2025-03-23T23:00,23.1,23,18.8,0.00,0.00,0.00
2025-03-24T00:00,22.3,27,18.5,0.00,0.00,0.00
2025-03-24T01:00,21.6,31,18.4,0.00,0.00,0.00
2025-03-24T02:00,20.8,35,17.9,0.00,0.00,0.00
2025-03-24T03:00,20.0,39,17.4,0.00,0.00,0.00
2025-03-24T04:00,19.5,42,16.8,0.00,0.00,0.00
2025-03-24T05:00,19.1,44,16.7,0.00,0.00,0.00
2025-03-24T06:00,19.3,48,17.5,0.00,0.00,0.00
2025-03-24T07:00,21.6,44,19.6,0.00,0.00,0.00
2025-03-24T08:00,25.0,35,23.1,0.00,0.00,0.00
2025-03-24T09:00,28.3,25,26.0,0.00,0.00,0.00
2025-03-24T10:00,30.3,19,29.0,0.00,0.00,0.00
2025-03-24T11:00,31.7,14,31.1,0.00,0.00,0.00
2025-03-24T12:00,32.5,13,31.8,0.00,0.00,0.00
2025-03-24T13:00,33.1,13,32.6,0.00,0.00,0.00
2025-03-24T14:00,33.8,12,32.9,0.00,0.00,0.00
2025-03-24T15:00,34.2,11,31.8,0.00,0.00,0.00
2025-03-24T16:00,33.7,11,29.2,0.00,0.00,0.00
2025-03-24T17:00,31.7,11,26.5,0.00,0.00,0.00
2025-03-24T18:00,28.9,14,24.5,0.00,0.00,0.00
2025-03-24T19:00,27.2,16,22.6,0.00,0.00,0.00
2025-03-24T20:00,26.1,17,22.1,0.00,0.00,0.00
2025-03-24T21:00,23.7,22,20.5,0.00,0.00,0.00
2025-03-24T22:00,22.3,25,19.3,0.00,0.00,0.00
2025-03-24T23:00,21.9,26,18.6,0.00,0.00,0.00
2025-03-25T00:00,21.3,26,18.0,0.00,0.00,0.00
2025-03-25T01:00,20.9,26,17.4,0.00,0.00,0.00
2025-03-25T02:00,20.5,27,17.1,0.00,0.00,0.00
2025-03-25T03:00,20.0,29,16.8,0.00,0.00,0.00
2025-03-25T04:00,19.4,32,16.5,0.00,0.00,0.00
2025-03-25T05:00,19.0,34,16.2,0.00,0.00,0.00
2025-03-25T06:00,19.5,39,17.4,0.00,0.00,0.00
2025-03-25T07:00,22.6,33,20.2,0.00,0.00,0.00
2025-03-25T08:00,26.5,25,24.4,0.00,0.00,0.00
2025-03-25T09:00,29.8,18,27.6,0.00,0.00,0.00
2025-03-25T10:00,31.8,13,30.7,0.00,0.00,0.00
2025-03-25T11:00,33.2,12,32.3,0.00,0.00,0.00
2025-03-25T12:00,34.0,11,32.9,0.00,0.00,0.00
2025-03-25T13:00,34.4,11,33.6,0.00,0.00,0.00
2025-03-25T14:00,34.8,11,34.2,0.00,0.00,0.00
2025-03-25T15:00,35.3,11,33.7,0.00,0.00,0.00
2025-03-25T16:00,35.1,10,31.2,0.00,0.00,0.00
2025-03-25T17:00,32.9,12,27.9,0.00,0.00,0.00
2025-03-25T18:00,29.9,14,26.1,0.00,0.00,0.00
2025-03-25T19:00,28.3,17,24.3,0.00,0.00,0.00
2025-03-25T20:00,26.2,21,23.3,0.00,0.00,0.00
2025-03-25T21:00,24.7,24,22.0,0.00,0.00,0.00
2025-03-25T22:00,23.7,26,21.0,0.00,0.00,0.00
2025-03-25T23:00,23.4,27,20.6,0.00,0.00,0.00
2025-03-26T00:00,22.1,32,20.2,0.00,0.00,0.00
2025-03-26T01:00,21.9,33,20.3,0.00,0.00,0.00
2025-03-26T02:00,22.5,30,20.6,0.00,0.00,0.00
2025-03-26T03:00,22.5,29,20.2,0.00,0.00,0.00
2025-03-26T04:00,21.4,31,19.3,0.00,0.00,0.00
2025-03-26T05:00,20.6,33,18.7,0.00,0.00,0.00
2025-03-26T06:00,21.5,34,20.0,0.00,0.00,0.00
2025-03-26T07:00,24.6,27,22.8,0.00,0.00,0.00
2025-03-26T08:00,28.2,22,26.5,0.00,0.00,0.00
2025-03-26T09:00,31.0,18,28.7,0.00,0.00,0.00
2025-03-26T10:00,32.7,16,31.1,0.00,0.00,0.00
2025-03-26T11:00,33.9,15,33.4,0.00,0.00,0.00
2025-03-26T12:00,34.8,14,34.9,0.00,0.00,0.00
2025-03-26T13:00,35.5,13,35.5,0.00,0.00,0.00
2025-03-26T14:00,36.0,13,35.5,0.00,0.00,0.00
2025-03-26T15:00,36.1,13,34.7,0.00,0.00,0.00
2025-03-26T16:00,35.5,13,33.0,0.00,0.00,0.00
2025-03-26T17:00,34.1,15,31.3,0.00,0.00,0.00
2025-03-26T18:00,30.8,18,27.5,0.00,0.00,0.00
2025-03-26T19:00,29.3,18,26.3,0.00,0.00,0.00
2025-03-26T20:00,27.5,20,24.7,0.00,0.00,0.00
2025-03-26T21:00,26.5,21,23.5,0.00,0.00,0.00
2025-03-26T22:00,25.4,23,22.5,0.00,0.00,0.00
2025-03-26T23:00,24.6,26,22.7,0.00,0.00,0.00
2025-03-27T00:00,25.0,25,23.2,0.00,0.00,0.00
2025-03-27T01:00,25.4,24,23.7,0.00,0.00,0.00
2025-03-27T02:00,24.0,25,21.7,0.00,0.00,0.00
2025-03-27T03:00,22.4,28,20.0,0.00,0.00,0.00
2025-03-27T04:00,21.4,31,19.3,0.00,0.00,0.00
2025-03-27T05:00,20.6,31,18.0,0.00,0.00,0.00
2025-03-27T06:00,23.3,29,20.2,0.00,0.00,0.00
2025-03-27T07:00,26.8,24,23.4,0.00,0.00,0.00
2025-03-27T08:00,30.6,20,27.8,0.00,0.00,0.00
2025-03-27T09:00,33.2,16,30.0,0.00,0.00,0.00
2025-03-27T10:00,34.8,13,32.9,0.00,0.00,0.00
2025-03-27T11:00,36.0,12,34.9,0.00,0.00,0.00
2025-03-27T12:00,36.9,11,36.0,0.00,0.00,0.00
2025-03-27T13:00,37.5,11,36.1,0.00,0.00,0.00
2025-03-27T14:00,37.3,11,34.6,0.00,0.00,0.00
2025-03-27T15:00,36.8,11,33.1,0.00,0.00,0.00
2025-03-27T16:00,36.6,11,32.7,0.00,0.00,0.00
2025-03-27T17:00,35.3,12,30.9,0.00,0.00,0.00
2025-03-27T18:00,32.3,15,28.6,0.00,0.00,0.00
2025-03-27T19:00,29.9,19,26.8,0.00,0.00,0.00
2025-03-27T20:00,28.5,22,25.6,0.00,0.00,0.00
2025-03-27T21:00,27.7,24,25.0,0.00,0.00,0.00
2025-03-27T22:00,26.9,25,23.8,0.00,0.00,0.00
2025-03-27T23:00,26.7,25,23.4,0.00,0.00,0.00
2025-03-28T00:00,26.5,25,23.1,0.00,0.00,0.00
2025-03-28T01:00,26.6,25,22.9,0.00,0.00,0.00
2025-03-28T02:00,26.9,27,22.7,0.00,0.00,0.00
2025-03-28T03:00,26.1,30,22.1,0.00,0.00,0.00
2025-03-28T04:00,25.8,30,22.0,0.00,0.00,0.00
2025-03-28T05:00,26.1,28,22.2,0.00,0.00,0.00
2025-03-28T06:00,26.2,31,22.8,0.00,0.00,0.00
2025-03-28T07:00,27.7,30,24.9,0.00,0.00,0.00
2025-03-28T08:00,30.3,26,27.4,0.00,0.00,0.00
2025-03-28T09:00,32.8,21,29.5,0.00,0.00,0.00
2025-03-28T10:00,34.4,18,32.0,0.00,0.00,0.00
2025-03-28T11:00,35.5,17,34.1,0.00,0.00,0.00
2025-03-28T12:00,36.2,16,35.7,0.00,0.00,0.00
2025-03-28T13:00,36.7,15,36.6,0.00,0.00,0.00
2025-03-28T14:00,37.8,13,36.4,0.00,0.00,0.00
2025-03-28T15:00,37.1,15,33.8,0.00,0.00,0.00
2025-03-28T16:00,35.7,15,31.3,0.00,0.00,0.00
2025-03-28T17:00,34.6,15,30.8,0.00,0.00,0.00
2025-03-28T18:00,32.1,19,28.9,0.00,0.00,0.00
2025-03-28T19:00,30.6,20,27.4,0.00,0.00,0.00
2025-03-28T20:00,29.1,23,26.0,0.00,0.00,0.00
2025-03-28T21:00,27.9,24,25.0,0.00,0.00,0.00
2025-03-28T22:00,27.3,24,24.1,0.00,0.00,0.00
2025-03-28T23:00,26.8,25,23.3,0.00,0.00,0.00
2025-03-29T00:00,25.7,27,22.2,0.00,0.00,0.00
2025-03-29T01:00,25.0,29,21.6,0.00,0.00,0.00
2025-03-29T02:00,24.3,31,21.1,0.00,0.00,0.00
2025-03-29T03:00,23.6,31,20.5,0.00,0.00,0.00
2025-03-29T04:00,23.1,32,19.7,0.00,0.00,0.00
2025-03-29T05:00,22.7,32,19.1,0.00,0.00,0.00
2025-03-29T06:00,22.7,33,19.2,0.00,0.00,0.00
2025-03-29T07:00,24.4,29,20.8,0.00,0.00,0.00
2025-03-29T08:00,27.2,22,23.3,0.00,0.00,0.00
2025-03-29T09:00,30.1,18,26.3,0.00,0.00,0.00
2025-03-29T10:00,32.5,15,30.0,0.00,0.00,0.00
2025-03-29T11:00,34.1,15,33.1,0.00,0.00,0.00
2025-03-29T12:00,35.2,14,35.3,0.00,0.00,0.00
2025-03-29T13:00,36.0,14,36.3,0.00,0.00,0.00
2025-03-29T14:00,37.2,12,36.7,0.00,0.00,0.00
2025-03-29T15:00,37.7,11,34.3,0.00,0.00,0.00
2025-03-29T16:00,34.9,14,29.8,0.00,0.00,0.00
2025-03-29T17:00,34.6,14,30.3,0.00,0.00,0.00
2025-03-29T18:00,32.2,16,29.0,0.00,0.00,0.00
2025-03-29T19:00,29.7,17,25.7,0.00,0.00,0.00
2025-03-29T20:00,28.1,18,23.9,0.00,0.00,0.00
2025-03-29T21:00,27.4,17,22.8,0.00,0.00,0.00
2025-03-29T22:00,26.6,17,22.1,0.00,0.00,0.00
2025-03-29T23:00,26.0,17,21.4,0.00,0.00,0.00
2025-03-30T00:00,24.9,17,20.6,0.00,0.00,0.00
2025-03-30T01:00,23.9,19,19.8,0.00,0.00,0.00
2025-03-30T02:00,23.3,21,19.0,0.00,0.00,0.00
2025-03-30T03:00,22.7,21,18.4,0.00,0.00,0.00
2025-03-30T04:00,22.1,22,17.9,0.00,0.00,0.00
2025-03-30T05:00,21.5,22,18.0,0.00,0.00,0.00
2025-03-30T06:00,22.1,22,18.1,0.00,0.00,0.00
2025-03-30T07:00,24.5,20,20.5,0.00,0.00,0.00
2025-03-30T08:00,27.9,14,23.6,0.00,0.00,0.00
2025-03-30T09:00,30.9,11,26.4,0.00,0.00,0.00
2025-03-30T10:00,33.2,9,30.1,0.00,0.00,0.00
2025-03-30T11:00,34.9,9,33.4,0.00,0.00,0.00
2025-03-30T12:00,35.9,10,35.7,0.00,0.00,0.00
2025-03-30T13:00,36.7,10,36.6,0.00,0.00,0.00
2025-03-30T14:00,37.4,10,36.2,0.00,0.00,0.00
2025-03-30T15:00,37.8,10,35.2,0.00,0.00,0.00
2025-03-30T16:00,36.7,11,33.7,0.00,0.00,0.00
2025-03-30T17:00,35.3,12,32.7,0.00,0.00,0.00
2025-03-30T18:00,32.1,19,29.5,0.00,0.00,0.00
2025-03-30T19:00,30.2,21,27.7,0.00,0.00,0.00
2025-03-30T20:00,29.1,17,24.8,0.00,0.00,0.00
2025-03-30T21:00,27.8,18,23.9,0.00,0.00,0.00
2025-03-30T22:00,26.6,20,23.0,0.00,0.00,0.00
2025-03-30T23:00,26.1,20,22.4,0.00,0.00,0.00
2025-03-31T00:00,25.2,21,21.8,0.00,0.00,0.00
2025-03-31T01:00,24.3,22,21.1,0.00,0.00,0.00
2025-03-31T02:00,24.2,21,20.1,0.00,0.00,0.00
2025-03-31T03:00,23.6,22,19.6,0.00,0.00,0.00
2025-03-31T04:00,23.0,23,19.1,0.00,0.00,0.00
2025-03-31T05:00,22.6,24,19.0,0.00,0.00,0.00
2025-03-31T06:00,22.9,24,19.3,0.00,0.00,0.00
2025-03-31T07:00,25.5,21,21.9,0.00,0.00,0.00
2025-03-31T08:00,28.9,17,25.1,0.00,0.00,0.00
2025-03-31T09:00,31.9,14,28.2,0.00,0.00,0.00
2025-03-31T10:00,33.8,12,30.9,0.00,0.00,0.00
2025-03-31T11:00,35.2,12,33.4,0.00,0.00,0.00
2025-03-31T12:00,36.1,12,35.4,0.00,0.00,0.00
2025-03-31T13:00,36.7,13,36.4,0.00,0.00,0.00
2025-03-31T14:00,36.8,13,36.3,0.00,0.00,0.00
2025-03-31T15:00,37.1,13,34.5,0.00,0.00,0.00
2025-03-31T16:00,36.5,14,33.2,0.00,0.00,0.00
2025-03-31T17:00,35.2,15,31.5,0.00,0.00,0.00
2025-03-31T18:00,32.7,19,30.9,0.00,0.00,0.00
2025-03-31T19:00,31.3,22,30.2,0.00,0.00,0.00
2025-03-31T20:00,29.8,20,26.4,0.00,0.00,0.00
2025-03-31T21:00,28.3,20,25.7,0.00,0.00,0.00
2025-03-31T22:00,27.0,23,24.3,0.00,0.00,0.00
2025-03-31T23:00,26.2,22,22.8,0.00,0.00,0.00
2025-04-01T00:00,25.7,21,21.8,0.00,0.00,0.00
2025-04-01T01:00,25.2,22,21.2,0.00,0.00,0.00
2025-04-01T02:00,24.7,22,20.9,0.00,0.00,0.00
2025-04-01T03:00,24.3,23,20.8,0.00,0.00,0.00
2025-04-01T04:00,24.8,22,21.4,0.00,0.00,0.00
2025-04-01T05:00,25.2,22,21.4,0.00,0.00,0.00
2025-04-01T06:00,24.0,34,21.0,0.10,0.10,0.00
2025-04-01T07:00,25.0,35,23.5,0.00,0.00,0.00
2025-04-01T08:00,26.1,34,25.7,0.00,0.00,0.00
2025-04-01T09:00,27.7,33,26.8,0.20,0.20,0.00
2025-04-01T10:00,31.9,21,30.4,0.00,0.00,0.00
2025-04-01T11:00,32.6,19,30.3,0.00,0.00,0.00
2025-04-01T12:00,32.6,19,30.5,0.00,0.00,0.00
2025-04-01T13:00,31.7,21,30.4,0.00,0.00,0.00
2025-04-01T14:00,31.5,24,29.9,0.00,0.00,0.00
2025-04-01T15:00,32.3,21,29.8,0.00,0.00,0.00
2025-04-01T16:00,32.3,22,30.9,0.00,0.00,0.00
2025-04-01T17:00,31.6,24,30.0,0.00,0.00,0.00
2025-04-01T18:00,28.8,39,29.8,0.00,0.00,0.00
2025-04-01T19:00,27.1,49,27.8,0.10,0.10,0.00
2025-04-01T20:00,26.7,50,28.0,0.00,0.00,0.00
2025-04-01T21:00,26.5,50,27.8,0.00,0.00,0.00
2025-04-01T22:00,25.8,50,26.5,0.00,0.00,0.00
2025-04-01T23:00,25.1,52,26.3,0.00,0.00,0.00
2025-04-02T00:00,24.7,52,25.8,0.00,0.00,0.00
2025-04-02T01:00,24.2,52,24.6,0.00,0.00,0.00
2025-04-02T02:00,24.0,53,24.1,0.00,0.00,0.00
2025-04-02T03:00,23.7,54,23.9,0.00,0.00,0.00
2025-04-02T04:00,23.1,57,23.3,0.00,0.00,0.00
2025-04-02T05:00,23.1,57,23.0,0.00,0.00,0.00
2025-04-02T06:00,20.4,72,19.3,0.70,0.70,0.00
2025-04-02T07:00,20.5,78,20.3,0.40,0.40,0.00
2025-04-02T08:00,20.5,84,21.4,0.20,0.20,0.00
2025-04-02T09:00,22.1,69,22.5,0.00,0.00,0.00
2025-04-02T10:00,25.3,54,26.0,0.00,0.00,0.00
2025-04-02T11:00,27.7,44,28.1,0.00,0.00,0.00
2025-04-02T12:00,29.4,36,29.3,0.00,0.00,0.00
2025-04-02T13:00,30.8,33,31.7,0.00,0.00,0.00
2025-04-02T14:00,29.9,35,29.6,0.00,0.00,0.00
2025-04-02T15:00,29.8,36,29.6,0.00,0.00,0.00
2025-04-02T16:00,29.6,35,29.6,0.00,0.00,0.00
2025-04-02T17:00,29.3,35,28.7,0.00,0.00,0.00
2025-04-02T18:00,28.6,38,28.7,0.00,0.00,0.00
2025-04-02T19:00,28.1,40,28.3,0.00,0.00,0.00
2025-04-02T20:00,27.4,43,28.4,0.00,0.00,0.00
2025-04-02T21:00,27.0,44,27.5,0.00,0.00,0.00
2025-04-02T22:00,25.2,50,25.9,0.00,0.00,0.00
2025-04-02T23:00,24.7,52,25.6,0.00,0.00,0.00
2025-04-03T00:00,25.8,47,26.9,0.00,0.00,0.00
2025-04-03T01:00,25.8,46,26.6,0.00,0.00,0.00
2025-04-03T02:00,24.5,51,24.5,0.00,0.00,0.00
2025-04-03T03:00,22.8,58,22.9,0.00,0.00,0.00
2025-04-03T04:00,21.9,64,22.1,0.00,0.00,0.00
2025-04-03T05:00,21.5,68,22.2,0.00,0.00,0.00
2025-04-03T06:00,21.4,69,21.3,0.00,0.00,0.00
2025-04-03T07:00,23.0,62,23.9,0.00,0.00,0.00
2025-04-03T08:00,25.7,46,25.0,0.00,0.00,0.00
2025-04-03T09:00,26.3,44,24.7,0.00,0.00,0.00
2025-04-03T10:00,28.0,41,28.1,0.00,0.00,0.00
2025-04-03T11:00,28.9,41,28.8,0.00,0.00,0.00
2025-04-03T12:00,30.4,36,31.2,0.00,0.00,0.00
2025-04-03T13:00,32.0,32,33.1,0.00,0.00,0.00
2025-04-03T14:00,30.0,34,29.0,0.10,0.10,0.00
2025-04-03T15:00,30.3,34,29.7,0.20,0.20,0.00
2025-04-03T16:00,30.0,33,30.1,0.00,0.00,0.00
2025-04-03T17:00,29.0,35,29.1,0.00,0.00,0.00
2025-04-03T18:00,26.2,51,26.3,0.00,0.00,0.00
2025-04-03T19:00,25.2,57,26.1,0.00,0.00,0.00
2025-04-03T20:00,25.1,57,26.9,0.00,0.00,0.00
2025-04-03T21:00,24.4,59,26.0,0.00,0.00,0.00
2025-04-03T22:00,24.0,60,25.2,0.00,0.00,0.00
2025-04-03T23:00,23.5,62,25.3,0.00,0.00,0.00
2025-04-04T00:00,22.7,65,23.9,0.00,0.00,0.00
2025-04-04T01:00,22.4,68,23.6,0.00,0.00,0.00
2025-04-04T02:00,22.0,76,23.4,0.00,0.00,0.00
2025-04-04T03:00,21.5,80,23.6,0.00,0.00,0.00
2025-04-04T04:00,21.1,83,23.4,0.00,0.00,0.00
2025-04-04T05:00,20.9,85,23.2,0.00,0.00,0.00
2025-04-04T06:00,21.2,82,23.1,0.00,0.00,0.00
2025-04-04T07:00,22.8,75,24.7,0.00,0.00,0.00
2025-04-04T08:00,25.7,61,27.0,0.00,0.00,0.00
2025-04-04T09:00,28.3,49,29.1,0.00,0.00,0.00
2025-04-04T10:00,30.6,39,31.9,0.00,0.00,0.00
2025-04-04T11:00,32.6,29,33.9,0.00,0.00,0.00
2025-04-04T12:00,33.9,22,34.1,0.00,0.00,0.00
2025-04-04T13:00,34.7,20,34.7,0.00,0.00,0.00
2025-04-04T14:00,34.8,17,33.2,0.00,0.00,0.00
2025-04-04T15:00,34.5,17,32.3,0.00,0.00,0.00
2025-04-04T16:00,34.1,16,31.4,0.00,0.00,0.00
2025-04-04T17:00,33.4,17,30.9,0.00,0.00,0.00
2025-04-04T18:00,30.5,20,27.6,0.00,0.00,0.00
2025-04-04T19:00,28.7,20,25.1,0.00,0.00,0.00
2025-04-04T20:00,27.4,25,24.0,0.00,0.00,0.00
2025-04-04T21:00,26.4,29,23.6,0.00,0.00,0.00
2025-04-04T22:00,25.4,31,23.0,0.00,0.00,0.00
2025-04-04T23:00,24.7,33,22.6,0.00,0.00,0.00
2025-04-05T00:00,23.6,36,21.9,0.00,0.00,0.00
2025-04-05T01:00,22.6,38,21.1,0.00,0.00,0.00
2025-04-05T02:00,22.0,39,20.6,0.00,0.00,0.00
2025-04-05T03:00,21.7,38,20.3,0.00,0.00,0.00
2025-04-05T04:00,22.0,37,20.2,0.00,0.00,0.00
2025-04-05T05:00,22.3,35,20.7,0.00,0.00,0.00
2025-04-05T06:00,23.4,40,21.4,0.00,0.00,0.00
2025-04-05T07:00,26.2,38,24.8,0.00,0.00,0.00
2025-04-05T08:00,29.0,37,28.6,0.00,0.00,0.00
2025-04-05T09:00,31.1,33,30.2,0.00,0.00,0.00
2025-04-05T10:00,32.9,26,32.4,0.00,0.00,0.00
2025-04-05T11:00,34.1,20,33.6,0.00,0.00,0.00
2025-04-05T12:00,35.6,16,35.5,0.00,0.00,0.00
2025-04-05T13:00,36.9,14,36.2,0.00,0.00,0.00
2025-04-05T14:00,36.5,13,33.3,0.00,0.00,0.00
2025-04-05T15:00,35.7,12,31.3,0.00,0.00,0.00
2025-04-05T16:00,35.1,12,30.7,0.00,0.00,0.00
2025-04-05T17:00,33.8,14,30.1,0.00,0.00,0.00
2025-04-05T18:00,30.9,15,27.2,0.00,0.00,0.00
2025-04-05T19:00,28.3,18,25.2,0.00,0.00,0.00
2025-04-05T20:00,26.9,20,24.1,0.00,0.00,0.00
2025-04-05T21:00,26.3,22,23.1,0.00,0.00,0.00
2025-04-05T22:00,26.1,22,22.5,0.00,0.00,0.00
2025-04-05T23:00,26.0,22,22.2,0.00,0.00,0.00
2025-04-06T00:00,25.6,23,21.6,0.00,0.00,0.00
2025-04-06T01:00,25.2,24,21.3,0.00,0.00,0.00
2025-04-06T02:00,24.4,25,20.8,0.00,0.00,0.00
2025-04-06T03:00,23.5,27,20.1,0.00,0.00,0.00
2025-04-06T04:00,23.1,29,20.1,0.00,0.00,0.00
2025-04-06T05:00,22.1,31,19.5,0.00,0.00,0.00
2025-04-06T06:00,22.8,34,20.8,0.00,0.00,0.00
2025-04-06T07:00,25.9,30,24.0,0.00,0.00,0.00
2025-04-06T08:00,29.7,23,28.0,0.00,0.00,0.00
2025-04-06T09:00,32.7,18,31.2,0.00,0.00,0.00
2025-04-06T10:00,34.6,15,34.0,0.00,0.00,0.00
2025-04-06T11:00,36.0,13,35.5,0.00,0.00,0.00
2025-04-06T12:00,37.0,12,36.4,0.00,0.00,0.00
2025-04-06T13:00,37.7,10,36.1,0.00,0.00,0.00
2025-04-06T14:00,37.5,10,34.7,0.00,0.00,0.00
2025-04-06T15:00,37.1,10,33.2,0.00,0.00,0.00
2025-04-06T16:00,36.0,10,31.3,0.00,0.00,0.00
2025-04-06T17:00,35.0,11,30.8,0.00,0.00,0.00
2025-04-06T18:00,32.2,13,28.0,0.00,0.00,0.00
2025-04-06T19:00,30.1,18,26.4,0.00,0.00,0.00
2025-04-06T20:00,28.1,22,25.4,0.00,0.00,0.00
2025-04-06T21:00,26.7,25,24.5,0.00,0.00,0.00
2025-04-06T22:00,26.2,27,24.0,0.00,0.00,0.00
2025-04-06T23:00,25.4,29,23.2,0.00,0.00,0.00
2025-04-07T00:00,24.7,32,23.3,0.00,0.00,0.00
2025-04-07T01:00,24.7,29,22.9,0.00,0.00,0.00
2025-04-07T02:00,23.7,34,21.9,0.00,0.00,0.00
2025-04-07T03:00,22.0,38,20.3,0.00,0.00,0.00
2025-04-07T04:00,21.7,39,20.5,0.00,0.00,0.00
2025-04-07T05:00,21.9,35,20.6,0.00,0.00,0.00
2025-04-07T06:00,24.1,32,22.6,0.00,0.00,0.00
2025-04-07T07:00,27.2,30,26.1,0.00,0.00,0.00
2025-04-07T08:00,31.9,21,30.3,0.00,0.00,0.00
2025-04-07T09:00,34.0,18,32.5,0.00,0.00,0.00
2025-04-07T10:00,35.6,15,35.4,0.00,0.00,0.00
2025-04-07T11:00,37.0,13,37.4,0.00,0.00,0.00
2025-04-07T12:00,37.7,12,36.9,0.00,0.00,0.00
2025-04-07T13:00,38.3,12,37.5,0.00,0.00,0.00
2025-04-07T14:00,38.4,12,37.0,0.00,0.00,0.00
2025-04-07T15:00,38.2,12,35.5,0.00,0.00,0.00
2025-04-07T16:00,37.5,12,33.9,0.00,0.00,0.00
2025-04-07T17:00,36.4,12,32.8,0.00,0.00,0.00
2025-04-07T18:00,33.5,15,30.1,0.00,0.00,0.00
2025-04-07T19:00,31.5,18,28.2,0.00,0.00,0.00
2025-04-07T20:00,29.3,22,26.6,0.00,0.00,0.00
2025-04-07T21:00,27.9,25,25.2,0.00,0.00,0.00
2025-04-07T22:00,26.6,28,24.8,0.00,0.00,0.00
2025-04-07T23:00,25.4,31,23.1,0.00,0.00,0.00
2025-04-08T00:00,25.7,28,23.4,0.00,0.00,0.00
2025-04-08T01:00,26.5,27,23.6,0.00,0.00,0.00
2025-04-08T02:00,26.0,28,23.4,0.00,0.00,0.00
2025-04-08T03:00,24.4,32,22.6,0.00,0.00,0.00
2025-04-08T04:00,23.3,37,21.6,0.00,0.00,0.00
2025-04-08T05:00,23.5,36,22.5,0.00,0.00,0.00
2025-04-08T06:00,23.4,39,22.1,0.00,0.00,0.00
2025-04-08T07:00,27.9,30,26.1,0.00,0.00,0.00
2025-04-08T08:00,30.8,26,29.0,0.00,0.00,0.00
2025-04-08T09:00,32.2,26,30.7,0.00,0.00,0.00
2025-04-08T10:00,33.9,24,33.5,0.00,0.00,0.00
2025-04-08T11:00,35.6,20,35.6,0.00,0.00,0.00
2025-04-08T12:00,36.6,18,37.1,0.00,0.00,0.00
2025-04-08T13:00,36.9,15,35.8,0.00,0.00,0.00
2025-04-08T14:00,37.4,14,36.3,0.00,0.00,0.00
2025-04-08T15:00,38.0,14,36.8,0.00,0.00,0.00
2025-04-08T16:00,35.2,17,31.2,0.00,0.00,0.00
2025-04-08T17:00,34.9,17,32.7,0.00,0.00,0.00
2025-04-08T18:00,32.1,21,30.9,0.00,0.00,0.00
2025-04-08T19:00,30.5,21,28.6,0.00,0.00,0.00
2025-04-08T20:00,29.1,22,27.2,0.00,0.00,0.00
2025-04-08T21:00,27.7,28,25.8,0.00,0.00,0.00
2025-04-08T22:00,26.2,32,24.5,0.00,0.00,0.00
2025-04-08T23:00,25.2,35,24.3,0.00,0.00,0.00
2025-04-09T00:00,24.5,35,23.0,0.00,0.00,0.00
2025-04-09T01:00,24.5,33,22.9,0.00,0.00,0.00
2025-04-09T02:00,24.3,32,22.4,0.00,0.00,0.00
2025-04-09T03:00,24.1,32,22.4,0.00,0.00,0.00
2025-04-09T04:00,23.6,34,21.9,0.00,0.00,0.00
2025-04-09T05:00,24.0,35,22.3,0.00,0.00,0.00
2025-04-09T06:00,25.8,46,25.1,0.00,0.00,0.00
2025-04-09T07:00,27.3,44,27.0,0.00,0.00,0.00
2025-04-09T08:00,28.9,43,28.4,0.00,0.00,0.00
2025-04-09T09:00,31.1,38,30.3,0.00,0.00,0.00
2025-04-09T10:00,33.2,33,33.2,0.00,0.00,0.00
2025-04-09T11:00,35.0,26,35.5,0.00,0.00,0.00
2025-04-09T12:00,36.1,22,36.4,0.00,0.00,0.00
2025-04-09T13:00,35.2,21,33.4,0.00,0.00,0.00
2025-04-09T14:00,35.4,17,33.4,0.00,0.00,0.00
2025-04-09T15:00,36.7,16,33.4,0.00,0.00,0.00
2025-04-09T16:00,35.3,16,30.7,0.00,0.00,0.00
2025-04-09T17:00,34.8,16,31.2,0.00,0.00,0.00
2025-04-09T18:00,31.6,24,30.6,0.00,0.00,0.00
2025-04-09T19:00,29.9,25,28.4,0.00,0.00,0.00
2025-04-09T20:00,28.5,27,26.8,0.00,0.00,0.00
2025-04-09T21:00,27.7,28,26.1,0.00,0.00,0.00
2025-04-09T22:00,26.8,32,25.3,0.00,0.00,0.00
2025-04-09T23:00,26.2,32,24.3,0.00,0.00,0.00
2025-04-10T00:00,26.7,29,24.8,0.00,0.00,0.00
2025-04-10T01:00,25.8,31,24.2,0.00,0.00,0.00
2025-04-10T02:00,24.6,34,23.1,0.00,0.00,0.00
2025-04-10T03:00,23.0,40,21.5,0.00,0.00,0.00
2025-04-10T04:00,23.1,39,22.6,0.00,0.00,0.00
2025-04-10T05:00,25.5,29,22.1,0.00,0.00,0.00
2025-04-10T06:00,24.5,46,23.7,0.00,0.00,0.00
2025-04-10T07:00,27.8,39,27.3,0.00,0.00,0.00
2025-04-10T08:00,30.4,33,28.7,0.00,0.00,0.00
2025-04-10T09:00,32.3,31,30.3,0.00,0.00,0.00
2025-04-10T10:00,34.1,28,33.1,0.00,0.00,0.00
2025-04-10T11:00,36.0,22,35.3,0.00,0.00,0.00
2025-04-10T12:00,37.9,15,36.9,0.00,0.00,0.00
2025-04-10T13:00,38.2,14,36.8,0.00,0.00,0.00
2025-04-10T14:00,38.1,14,36.5,0.00,0.00,0.00
2025-04-10T15:00,37.2,15,33.7,0.00,0.00,0.00
2025-04-10T16:00,36.4,15,32.9,0.00,0.00,0.00
2025-04-10T17:00,34.6,18,32.2,0.10,0.10,0.00
2025-04-10T18:00,32.2,20,30.7,0.00,0.00,0.00
2025-04-10T19:00,30.1,23,28.7,0.00,0.00,0.00
2025-04-10T20:00,29.0,24,27.3,0.00,0.00,0.00
2025-04-10T21:00,28.0,26,26.8,0.00,0.00,0.00
2025-04-10T22:00,27.6,29,27.0,0.00,0.00,0.00
2025-04-10T23:00,26.1,29,24.5,0.00,0.00,0.00
2025-04-11T00:00,25.4,31,23.6,0.00,0.00,0.00
2025-04-11T01:00,26.3,31,24.6,0.00,0.00,0.00
2025-04-11T02:00,26.0,33,24.7,0.00,0.00,0.00
2025-04-11T03:00,25.5,32,23.5,0.00,0.00,0.00
2025-04-11T04:00,25.6,30,23.3,0.00,0.00,0.00
2025-04-11T05:00,25.1,30,22.8,0.00,0.00,0.00
2025-04-11T06:00,24.4,42,24.2,0.00,0.00,0.00
2025-04-11T07:00,28.3,34,28.0,0.00,0.00,0.00
2025-04-11T08:00,32.8,17,29.6,0.00,0.00,0.00
2025-04-11T09:00,34.9,14,30.2,0.00,0.00,0.00
2025-04-11T10:00,35.9,12,32.3,0.00,0.00,0.00
2025-04-11T11:00,36.9,11,34.0,0.00,0.00,0.00
2025-04-11T12:00,37.2,11,34.2,0.00,0.00,0.00
2025-04-11T13:00,37.8,10,35.0,0.00,0.00,0.00
2025-04-11T14:00,38.0,10,34.4,0.00,0.00,0.00
2025-04-11T15:00,36.6,11,31.5,0.00,0.00,0.00
2025-04-11T16:00,35.6,11,30.3,0.00,0.00,0.00
2025-04-11T17:00,34.6,12,30.1,0.00,0.00,0.00
2025-04-11T18:00,31.7,17,29.4,0.00,0.00,0.00
2025-04-11T19:00,30.2,17,27.0,0.00,0.00,0.00
2025-04-11T20:00,29.5,17,26.1,0.00,0.00,0.00
2025-04-11T21:00,27.4,20,24.6,0.00,0.00,0.00
2025-04-11T22:00,26.5,23,23.7,0.00,0.00,0.00
2025-04-11T23:00,25.8,26,23.2,0.00,0.00,0.00
2025-04-12T00:00,25.1,28,22.4,0.00,0.00,0.00
2025-04-12T01:00,26.1,24,22.0,0.00,0.00,0.00
2025-04-12T02:00,26.3,23,21.9,0.00,0.00,0.00
2025-04-12T03:00,25.8,25,21.1,0.00,0.00,0.00
2025-04-12T04:00,25.0,30,20.7,0.00,0.00,0.00
2025-04-12T05:00,24.2,33,20.6,0.00,0.00,0.00
2025-04-12T06:00,25.4,37,22.6,0.00,0.00,0.00
2025-04-12T07:00,27.6,38,26.1,0.00,0.00,0.00
2025-04-12T08:00,29.8,35,27.8,0.00,0.00,0.00
2025-04-12T09:00,31.6,30,29.7,0.00,0.00,0.00
2025-04-12T10:00,33.2,25,32.7,0.00,0.00,0.00
2025-04-12T11:00,34.6,22,34.8,0.00,0.00,0.00
2025-04-12T12:00,35.2,19,33.3,0.00,0.00,0.00
2025-04-12T13:00,34.5,17,30.9,0.00,0.00,0.00
2025-04-12T14:00,34.5,16,31.5,0.00,0.00,0.00
2025-04-12T15:00,34.4,15,30.3,0.00,0.00,0.00
2025-04-12T16:00,33.1,20,28.9,0.00,0.00,0.00
2025-04-12T17:00,33.1,20,29.8,0.00,0.00,0.00
2025-04-12T18:00,30.7,20,28.3,0.00,0.00,0.00
2025-04-12T19:00,28.5,24,26.3,0.00,0.00,0.00
2025-04-12T20:00,28.3,25,25.7,0.00,0.00,0.00
2025-04-12T21:00,28.0,26,25.3,0.00,0.00,0.00
2025-04-12T22:00,27.0,29,24.5,0.00,0.00,0.00
2025-04-12T23:00,25.9,33,23.8,0.00,0.00,0.00
2025-04-13T00:00,25.0,36,23.1,0.00,0.00,0.00
2025-04-13T01:00,24.5,37,22.7,0.00,0.00,0.00
2025-04-13T02:00,23.3,39,21.7,0.00,0.00,0.00
2025-04-13T03:00,23.0,38,21.0,0.00,0.00,0.00
2025-04-13T04:00,23.1,34,20.7,0.00,0.00,0.00
2025-04-13T05:00,22.9,34,20.5,0.00,0.00,0.00
2025-04-13T06:00,23.1,44,22.1,0.00,0.00,0.00
2025-04-13T07:00,26.5,35,25.7,0.00,0.00,0.00
2025-04-13T08:00,29.8,28,28.9,0.00,0.00,0.00
2025-04-13T09:00,32.3,23,31.9,0.00,0.00,0.00
2025-04-13T10:00,34.3,18,34.6,0.00,0.00,0.00
2025-04-13T11:00,35.1,15,35.1,0.00,0.00,0.00
2025-04-13T12:00,35.9,13,35.8,0.00,0.00,0.00
2025-04-13T13:00,36.8,13,36.5,0.00,0.00,0.00
2025-04-13T14:00,36.8,12,35.1,0.00,0.00,0.00
2025-04-13T15:00,36.6,12,33.7,0.00,0.00,0.00
2025-04-13T16:00,35.5,14,31.0,0.00,0.00,0.00
2025-04-13T17:00,33.8,14,28.7,0.00,0.00,0.00
2025-04-13T18:00,32.5,17,29.0,0.00,0.00,0.00
2025-04-13T19:00,30.7,19,27.1,0.00,0.00,0.00
2025-04-13T20:00,29.8,20,26.4,0.00,0.00,0.00
2025-04-13T21:00,27.7,24,25.5,0.00,0.00,0.00
2025-04-13T22:00,26.5,27,24.4,0.00,0.00,0.00
2025-04-13T23:00,26.0,28,23.8,0.00,0.00,0.00
2025-04-14T00:00,25.5,28,23.4,0.00,0.00,0.00
2025-04-14T01:00,24.1,32,22.3,0.00,0.00,0.00
2025-04-14T02:00,23.1,35,21.5,0.00,0.00,0.00
2025-04-14T03:00,24.7,31,23.5,0.00,0.00,0.00
2025-04-14T04:00,26.1,27,24.6,0.00,0.00,0.00
2025-04-14T05:00,26.4,27,25.1,0.00,0.00,0.00
2025-04-14T06:00,24.8,32,23.7,0.00,0.00,0.00
2025-04-14T07:00,26.7,29,25.2,0.00,0.00,0.00
2025-04-14T08:00,29.7,25,28.0,0.00,0.00,0.00
2025-04-14T09:00,31.8,23,30.0,0.00,0.00,0.00
2025-04-14T10:00,33.5,20,32.9,0.00,0.00,0.00
2025-04-14T11:00,35.0,17,35.2,0.00,0.00,0.00
2025-04-14T12:00,35.7,16,34.8,0.00,0.00,0.00
2025-04-14T13:00,35.9,15,34.3,0.00,0.00,0.00
2025-04-14T14:00,35.6,16,33.2,0.00,0.00,0.00
2025-04-14T15:00,35.4,17,33.6,0.00,0.00,0.00
2025-04-14T16:00,35.6,17,33.8,0.00,0.00,0.00
2025-04-14T17:00,34.8,17,32.4,0.00,0.00,0.00
2025-04-14T18:00,32.3,22,31.4,0.00,0.00,0.00
2025-04-14T19:00,30.7,24,30.1,0.00,0.00,0.00
2025-04-14T20:00,29.3,26,28.2,0.00,0.00,0.00
2025-04-14T21:00,28.4,28,27.4,0.00,0.00,0.00
2025-04-14T22:00,27.6,30,27.0,0.00,0.00,0.00
2025-04-14T23:00,27.1,31,26.5,0.00,0.00,0.00
2025-04-15T00:00,26.1,33,25.2,0.00,0.00,0.00
2025-04-15T01:00,24.5,39,23.7,0.00,0.00,0.00
2025-04-15T02:00,23.3,44,22.6,0.00,0.00,0.00
2025-04-15T03:00,23.0,45,22.5,0.00,0.00,0.00
2025-04-15T04:00,24.1,42,24.0,0.00,0.00,0.00
2025-04-15T05:00,24.1,42,24.0,0.00,0.00,0.00
2025-04-15T06:00,24.6,43,23.9,0.00,0.00,0.00
2025-04-15T07:00,27.3,37,26.7,0.00,0.00,0.00
2025-04-15T08:00,30.6,29,29.7,0.00,0.00,0.00
2025-04-15T09:00,32.3,28,31.6,0.00,0.00,0.00
2025-04-15T10:00,33.7,27,34.3,0.00,0.00,0.00
2025-04-15T11:00,34.8,24,35.7,0.00,0.00,0.00
2025-04-15T12:00,36.1,21,37.7,0.00,0.00,0.00
2025-04-15T13:00,36.6,19,37.7,0.00,0.00,0.00
2025-04-15T14:00,36.8,18,37.5,0.00,0.00,0.00
2025-04-15T15:00,36.7,18,36.6,0.00,0.00,0.00
2025-04-15T16:00,36.6,17,35.6,0.00,0.00,0.00
2025-04-15T17:00,35.9,16,33.7,0.00,0.00,0.00
2025-04-15T18:00,32.9,19,30.9,0.00,0.00,0.00
2025-04-15T19:00,31.2,20,28.8,0.00,0.00,0.00
2025-04-15T20:00,29.1,26,27.8,0.00,0.00,0.00
2025-04-15T21:00,28.6,29,28.2,0.00,0.00,0.00
2025-04-15T22:00,28.6,29,27.8,0.00,0.00,0.00
2025-04-15T23:00,28.5,28,27.5,0.00,0.00,0.00
2025-04-16T00:00,27.3,31,25.0,0.00,0.00,0.00
2025-04-16T01:00,26.7,33,24.5,0.00,0.00,0.00
2025-04-16T02:00,25.6,37,24.0,0.00,0.00,0.00
2025-04-16T03:00,24.4,40,23.0,0.00,0.00,0.00
2025-04-16T04:00,23.3,47,22.8,0.00,0.00,0.00
2025-04-16T05:00,23.0,54,23.1,0.00,0.00,0.00
2025-04-16T06:00,24.0,63,24.7,0.00,0.00,0.00
2025-04-16T07:00,25.9,58,27.0,0.00,0.00,0.00
2025-04-16T08:00,27.8,52,29.0,0.00,0.00,0.00
2025-04-16T09:00,30.0,45,31.2,0.00,0.00,0.00
2025-04-16T10:00,32.3,37,34.2,0.00,0.00,0.00
2025-04-16T11:00,33.6,29,35.8,0.00,0.00,0.00
2025-04-16T12:00,34.8,24,34.8,0.00,0.00,0.00
2025-04-16T13:00,35.7,23,35.6,0.00,0.00,0.00
2025-04-16T14:00,35.6,22,34.8,0.00,0.00,0.00
2025-04-16T15:00,36.2,20,34.9,0.00,0.00,0.00
2025-04-16T16:00,35.7,19,33.1,0.00,0.00,0.00
2025-04-16T17:00,34.6,20,31.5,0.00,0.00,0.00
2025-04-16T18:00,32.8,24,30.5,0.00,0.00,0.00
2025-04-16T19:00,30.7,28,29.4,0.00,0.00,0.00
2025-04-16T20:00,28.8,34,28.1,0.00,0.00,0.00
2025-04-16T21:00,27.7,37,27.4,0.00,0.00,0.00
2025-04-16T22:00,27.0,39,26.9,0.00,0.00,0.00
2025-04-16T23:00,27.2,37,26.6,0.00,0.00,0.00
2025-04-17T00:00,26.4,38,26.0,0.00,0.00,0.00
2025-04-17T01:00,24.8,45,24.4,0.00,0.00,0.00
2025-04-17T02:00,24.6,45,24.9,0.00,0.00,0.00
2025-04-17T03:00,25.1,40,24.8,0.00,0.00,0.00
2025-04-17T04:00,24.9,39,24.4,0.00,0.00,0.00
2025-04-17T05:00,25.3,38,25.1,0.00,0.00,0.00
2025-04-17T06:00,26.9,45,28.0,0.00,0.00,0.00
2025-04-17T07:00,28.8,39,28.9,0.00,0.00,0.00
2025-04-17T08:00,30.0,47,31.1,0.00,0.00,0.00
2025-04-17T09:00,31.8,42,33.2,0.00,0.00,0.00
2025-04-17T10:00,33.5,36,36.0,0.00,0.00,0.00
2025-04-17T11:00,34.8,27,36.2,0.00,0.00,0.00
2025-04-17T12:00,36.3,20,37.4,0.00,0.00,0.00
2025-04-17T13:00,37.6,18,38.2,0.00,0.00,0.00
2025-04-17T14:00,38.4,16,38.1,0.00,0.00,0.00
2025-04-17T15:00,39.2,14,37.3,0.00,0.00,0.00
2025-04-17T16:00,37.5,15,33.2,0.00,0.00,0.00
2025-04-17T17:00,36.2,16,32.4,0.00,0.00,0.00
2025-04-17T18:00,33.4,20,31.5,0.00,0.00,0.00
2025-04-17T19:00,31.5,23,29.7,0.00,0.00,0.00
2025-04-17T20:00,30.8,25,28.8,0.00,0.00,0.00
2025-04-17T21:00,29.8,27,27.9,0.00,0.00,0.00
2025-04-17T22:00,28.7,29,27.3,0.00,0.00,0.00
2025-04-17T23:00,27.8,32,26.9,0.00,0.00,0.00
2025-04-18T00:00,27.4,34,27.1,0.00,0.00,0.00
2025-04-18T01:00,26.0,38,25.3,0.00,0.00,0.00
2025-04-18T02:00,26.5,36,26.3,0.00,0.00,0.00
2025-04-18T03:00,26.9,34,26.7,0.00,0.00,0.00
2025-04-18T04:00,26.5,35,26.3,0.00,0.00,0.00
2025-04-18T05:00,26.3,35,25.7,0.00,0.00,0.00
2025-04-18T06:00,27.3,41,27.9,0.00,0.00,0.00
2025-04-18T07:00,30.4,33,30.2,0.00,0.00,0.00
2025-04-18T08:00,32.5,28,31.8,0.00,0.00,0.00
2025-04-18T09:00,34.8,25,34.2,0.00,0.00,0.00
2025-04-18T10:00,37.2,19,36.9,0.00,0.00,0.00
2025-04-18T11:00,38.0,18,37.1,0.00,0.00,0.00
2025-04-18T12:00,38.3,17,37.8,0.00,0.00,0.00
2025-04-18T13:00,38.4,17,37.8,0.00,0.00,0.00
2025-04-18T14:00,38.3,17,36.9,0.00,0.00,0.00
2025-04-18T15:00,38.3,17,36.5,0.00,0.00,0.00
2025-04-18T16:00,37.8,18,35.4,0.00,0.00,0.00
2025-04-18T17:00,36.5,19,34.1,0.00,0.00,0.00
2025-04-18T18:00,33.9,23,32.4,0.00,0.00,0.00
2025-04-18T19:00,31.9,26,30.1,0.00,0.00,0.00
2025-04-18T20:00,31.2,26,29.0,0.00,0.00,0.00
2025-04-18T21:00,30.7,27,28.8,0.00,0.00,0.00
2025-04-18T22:00,29.7,29,28.0,0.00,0.00,0.00
2025-04-18T23:00,29.4,30,27.3,0.00,0.00,0.00
2025-04-19T00:00,29.4,30,27.1,0.00,0.00,0.00
2025-04-19T01:00,28.9,31,26.7,0.00,0.00,0.00
2025-04-19T02:00,28.9,30,26.3,0.00,0.00,0.00
2025-04-19T03:00,28.8,29,25.7,0.00,0.00,0.00
2025-04-19T04:00,28.8,27,24.8,0.00,0.00,0.00
2025-04-19T05:00,28.6,26,24.5,0.00,0.00,0.00
2025-04-19T06:00,29.9,24,26.6,0.00,0.00,0.00
2025-04-19T07:00,31.4,23,29.8,0.00,0.00,0.00
2025-04-19T08:00,33.6,20,32.2,0.00,0.00,0.00
2025-04-19T09:00,36.3,16,32.4,0.00,0.00,0.00
2025-04-19T10:00,37.3,15,33.8,0.00,0.00,0.00
2025-04-19T11:00,38.5,13,35.8,0.00,0.00,0.00
2025-04-19T12:00,39.1,13,37.4,0.00,0.00,0.00
2025-04-19T13:00,39.9,13,38.9,0.00,0.00,0.00
2025-04-19T14:00,39.7,12,37.0,0.00,0.00,0.00
2025-04-19T15:00,38.5,13,34.7,0.00,0.00,0.00
2025-04-19T16:00,38.5,13,35.4,0.00,0.00,0.00
2025-04-19T17:00,37.7,13,34.9,0.00,0.00,0.00
2025-04-19T18:00,34.4,16,32.0,0.00,0.00,0.00
2025-04-19T19:00,32.6,20,29.7,0.00,0.00,0.00
2025-04-19T20:00,31.5,22,29.1,0.00,0.00,0.00
2025-04-19T21:00,30.7,23,28.0,0.00,0.00,0.00
2025-04-19T22:00,30.2,23,27.2,0.00,0.00,0.00
2025-04-19T23:00,30.0,22,26.2,0.00,0.00,0.00
2025-04-20T00:00,30.3,22,26.6,0.00,0.00,0.00
2025-04-20T01:00,27.8,27,26.2,0.00,0.00,0.00
2025-04-20T02:00,25.8,32,24.3,0.00,0.00,0.00
2025-04-20T03:00,25.6,31,24.3,0.00,0.00,0.00
2025-04-20T04:00,24.9,32,23.8,0.00,0.00,0.00
2025-04-20T05:00,24.7,30,23.0,0.00,0.00,0.00
2025-04-20T06:00,26.6,29,24.9,0.00,0.00,0.00
2025-04-20T07:00,29.8,24,27.9,0.00,0.00,0.00
2025-04-20T08:00,32.7,19,30.4,0.00,0.00,0.00
2025-04-20T09:00,35.0,17,33.1,0.00,0.00,0.00
2025-04-20T10:00,36.5,16,36.0,0.00,0.00,0.00
2025-04-20T11:00,37.7,16,37.9,0.00,0.00,0.00
2025-04-20T12:00,38.7,15,38.3,0.00,0.00,0.00
2025-04-20T13:00,39.0,14,37.6,0.00,0.00,0.00
2025-04-20T14:00,39.0,14,36.8,0.00,0.00,0.00
2025-04-20T15:00,38.5,14,35.4,0.00,0.00,0.00
2025-04-20T16:00,37.8,15,34.2,0.00,0.00,0.00
2025-04-20T17:00,36.3,18,32.9,0.00,0.00,0.00
2025-04-20T18:00,34.5,20,31.8,0.00,0.00,0.00
2025-04-20T19:00,32.6,24,30.9,0.00,0.00,0.00
2025-04-20T20:00,30.6,28,29.5,0.00,0.00,0.00
2025-04-20T21:00,29.4,30,28.2,0.00,0.00,0.00
2025-04-20T22:00,29.0,31,27.6,0.00,0.00,0.00
2025-04-20T23:00,28.3,29,26.6,0.00,0.00,0.00
2025-04-21T00:00,27.7,26,25.3,0.00,0.00,0.00
2025-04-21T01:00,27.9,24,24.5,0.00,0.00,0.00
2025-04-21T02:00,28.1,24,24.5,0.00,0.00,0.00
2025-04-21T03:00,27.8,23,23.9,0.00,0.00,0.00
2025-04-21T04:00,27.2,24,23.4,0.00,0.00,0.00
2025-04-21T05:00,26.6,25,23.0,0.00,0.00,0.00
2025-04-21T06:00,27.2,25,24.1,0.00,0.00,0.00
2025-04-21T07:00,30.2,22,27.3,0.00,0.00,0.00
2025-04-21T08:00,33.2,18,30.1,0.00,0.00,0.00
2025-04-21T09:00,35.2,16,32.6,0.00,0.00,0.00
2025-04-21T10:00,36.6,15,35.6,0.00,0.00,0.00
2025-04-21T11:00,37.8,14,37.7,0.00,0.00,0.00
2025-04-21T12:00,38.7,13,38.4,0.00,0.00,0.00
2025-04-21T13:00,39.3,13,38.3,0.00,0.00,0.00
2025-04-21T14:00,39.2,13,37.1,0.00,0.00,0.00
2025-04-21T15:00,38.5,13,35.1,0.00,0.00,0.00
2025-04-21T16:00,37.6,14,33.5,0.00,0.00,0.00
2025-04-21T17:00,36.4,16,32.7,0.00,0.00,0.00
2025-04-21T18:00,34.3,18,30.5,0.00,0.00,0.00
2025-04-21T19:00,33.0,19,29.5,0.00,0.00,0.00
2025-04-21T20:00,32.4,19,29.4,0.00,0.00,0.00
2025-04-21T21:00,31.4,20,28.4,0.00,0.00,0.00
2025-04-21T22:00,30.3,22,26.8,0.00,0.00,0.00
2025-04-21T23:00,29.4,21,25.8,0.00,0.00,0.00
2025-04-22T00:00,28.1,23,24.6,0.00,0.00,0.00
2025-04-22T01:00,28.0,22,24.2,0.00,0.00,0.00
2025-04-22T02:00,28.1,20,24.3,0.00,0.00,0.00
2025-04-22T03:00,27.4,21,23.7,0.00,0.00,0.00
2025-04-22T04:00,26.3,22,22.8,0.00,0.00,0.00
2025-04-22T05:00,25.6,22,22.1,0.00,0.00,0.00
2025-04-22T06:00,26.9,21,23.5,0.00,0.00,0.00
2025-04-22T07:00,30.4,18,27.1,0.00,0.00,0.00
2025-04-22T08:00,34.3,12,30.6,0.00,0.00,0.00
2025-04-22T09:00,36.7,10,33.9,0.00,0.00,0.00
2025-04-22T10:00,38.0,10,37.3,0.00,0.00,0.00
2025-04-22T11:00,39.1,10,38.8,0.00,0.00,0.00
2025-04-22T12:00,40.1,10,39.3,0.00,0.00,0.00
2025-04-22T13:00,40.6,9,38.7,0.00,0.00,0.00
2025-04-22T14:00,40.2,9,37.0,0.00,0.00,0.00
2025-04-22T15:00,39.7,9,35.7,0.00,0.00,0.00
2025-04-22T16:00,39.1,10,34.5,0.00,0.00,0.00
2025-04-22T17:00,37.8,11,33.4,0.00,0.00,0.00
2025-04-22T18:00,35.0,13,30.4,0.00,0.00,0.00
2025-04-22T19:00,33.4,14,29.0,0.00,0.00,0.00
2025-04-22T20:00,32.7,15,28.7,0.00,0.00,0.00
2025-04-22T21:00,31.6,15,27.5,0.00,0.00,0.00
2025-04-22T22:00,30.7,16,26.7,0.00,0.00,0.00
2025-04-22T23:00,29.6,18,25.9,0.00,0.00,0.00
2025-04-23T00:00,29.0,19,25.2,0.00,0.00,0.00
2025-04-23T01:00,28.8,18,24.9,0.00,0.00,0.00
2025-04-23T02:00,28.0,19,24.3,0.00,0.00,0.00
2025-04-23T03:00,27.5,20,23.8,0.00,0.00,0.00
2025-04-23T04:00,26.9,20,23.4,0.00,0.00,0.00
2025-04-23T05:00,25.5,22,22.5,0.00,0.00,0.00
2025-04-23T06:00,27.2,20,23.9,0.00,0.00,0.00
2025-04-23T07:00,31.1,16,27.8,0.00,0.00,0.00
2025-04-23T08:00,34.7,11,31.2,0.00,0.00,0.00
2025-04-23T09:00,36.7,9,33.8,0.00,0.00,0.00
2025-04-23T10:00,37.9,9,36.6,0.00,0.00,0.00
2025-04-23T11:00,38.9,8,38.8,0.00,0.00,0.00
2025-04-23T12:00,39.8,8,39.8,0.00,0.00,0.00
2025-04-23T13:00,40.7,8,39.8,0.00,0.00,0.00
2025-04-23T14:00,40.8,9,38.4,0.00,0.00,0.00
2025-04-23T15:00,39.3,10,34.5,0.00,0.00,0.00
2025-04-23T16:00,38.8,10,33.3,0.00,0.00,0.00
2025-04-23T17:00,37.5,10,32.0,0.00,0.00,0.00
2025-04-23T18:00,35.4,11,30.0,0.00,0.00,0.00
2025-04-23T19:00,33.6,13,29.1,0.00,0.00,0.00
2025-04-23T20:00,32.1,14,28.0,0.00,0.00,0.00
2025-04-23T21:00,30.8,15,27.2,0.00,0.00,0.00
2025-04-23T22:00,29.4,16,26.2,0.00,0.00,0.00
2025-04-23T23:00,28.5,17,24.8,0.00,0.00,0.00
2025-04-24T00:00,28.5,17,24.7,0.00,0.00,0.00
2025-04-24T01:00,27.9,17,23.7,0.00,0.00,0.00
2025-04-24T02:00,27.3,17,23.4,0.00,0.00,0.00
2025-04-24T03:00,26.1,19,22.2,0.00,0.00,0.00
2025-04-24T04:00,25.3,19,21.4,0.00,0.00,0.00
2025-04-24T05:00,24.7,19,21.0,0.00,0.00,0.00
2025-04-24T06:00,26.6,16,22.8,0.00,0.00,0.00
2025-04-24T07:00,30.2,13,26.7,0.00,0.00,0.00
2025-04-24T08:00,34.2,9,30.8,0.00,0.00,0.00
2025-04-24T09:00,36.6,7,33.9,0.00,0.00,0.00
2025-04-24T10:00,38.3,7,37.3,0.00,0.00,0.00
2025-04-24T11:00,39.7,8,38.6,0.00,0.00,0.00
2025-04-24T12:00,40.2,9,38.1,0.00,0.00,0.00
2025-04-24T13:00,40.4,9,36.8,0.00,0.00,0.00
2025-04-24T14:00,39.5,10,34.7,0.00,0.00,0.00
2025-04-24T15:00,38.8,10,33.3,0.00,0.00,0.00
2025-04-24T16:00,38.1,10,31.8,0.00,0.00,0.00
2025-04-24T17:00,36.6,11,30.9,0.00,0.00,0.00
2025-04-24T18:00,34.5,12,31.0,0.00,0.00,0.00
2025-04-24T19:00,32.9,13,29.2,0.00,0.00,0.00
2025-04-24T20:00,32.0,14,28.3,0.00,0.00,0.00
2025-04-24T21:00,30.7,15,27.4,0.00,0.00,0.00
2025-04-24T22:00,29.0,17,26.1,0.00,0.00,0.00
2025-04-24T23:00,27.8,19,25.0,0.00,0.00,0.00
2025-04-25T00:00,27.6,21,24.3,0.00,0.00,0.00
2025-04-25T01:00,27.6,22,24.5,0.00,0.00,0.00
2025-04-25T02:00,27.2,23,24.0,0.00,0.00,0.00
2025-04-25T03:00,27.7,22,24.1,0.00,0.00,0.00
2025-04-25T04:00,26.7,23,23.6,0.00,0.00,0.00
2025-04-25T05:00,25.6,24,22.5,0.00,0.00,0.00
2025-04-25T06:00,25.7,29,24.0,0.00,0.00,0.00
2025-04-25T07:00,28.3,26,26.9,0.00,0.00,0.00
2025-04-25T08:00,32.6,17,31.0,0.00,0.00,0.00
2025-04-25T09:00,36.0,10,33.7,0.00,0.00,0.00
2025-04-25T10:00,37.6,8,36.3,0.00,0.00,0.00
2025-04-25T11:00,38.7,9,38.8,0.00,0.00,0.00
2025-04-25T12:00,40.4,9,40.3,0.00,0.00,0.00
2025-04-25T13:00,39.5,11,35.8,0.00,0.00,0.00
2025-04-25T14:00,38.6,12,34.3,0.00,0.00,0.00
2025-04-25T15:00,37.8,13,32.6,0.00,0.00,0.00
2025-04-25T16:00,38.0,12,33.4,0.00,0.00,0.00
2025-04-25T17:00,36.9,13,32.1,0.00,0.00,0.00
2025-04-25T18:00,35.4,14,31.9,0.00,0.00,0.00
2025-04-25T19:00,32.8,16,30.3,0.00,0.00,0.00
2025-04-25T20:00,32.3,17,29.4,0.00,0.00,0.00
2025-04-25T21:00,31.9,19,28.3,0.00,0.00,0.00
2025-04-25T22:00,31.8,19,27.9,0.00,0.00,0.00
2025-04-25T23:00,31.5,20,27.5,0.00,0.00,0.00
2025-04-26T00:00,29.7,23,26.3,0.00,0.00,0.00
2025-04-26T01:00,30.4,23,26.7,0.00,0.00,0.00
2025-04-26T02:00,28.7,25,27.1,0.00,0.00,0.00
2025-04-26T03:00,27.5,29,25.8,0.00,0.00,0.00
2025-04-26T04:00,27.2,29,25.6,0.00,0.00,0.00
2025-04-26T05:00,26.3,30,23.6,0.00,0.00,0.00
2025-04-26T06:00,29.7,28,26.9,0.00,0.00,0.00
2025-04-26T07:00,31.5,26,29.1,0.00,0.00,0.00
2025-04-26T08:00,33.2,22,29.9,0.00,0.00,0.00
2025-04-26T09:00,35.2,19,31.7,0.00,0.00,0.00
2025-04-26T10:00,37.0,16,35.3,0.00,0.00,0.00
2025-04-26T11:00,37.7,16,36.0,0.00,0.00,0.00
2025-04-26T12:00,37.4,16,35.7,0.00,0.00,0.00
2025-04-26T13:00,38.0,17,37.1,0.00,0.00,0.00
2025-04-26T14:00,37.1,18,35.0,0.00,0.00,0.00
2025-04-26T15:00,34.7,23,31.9,0.00,0.00,0.00
2025-04-26T16:00,34.3,22,32.1,0.00,0.00,0.00
2025-04-26T17:00,34.4,22,32.0,0.00,0.00,0.00
2025-04-26T18:00,32.6,24,31.3,0.00,0.00,0.00
2025-04-26T19:00,30.7,27,29.6,0.00,0.00,0.00
2025-04-26T20:00,29.6,30,29.0,0.00,0.00,0.00
2025-04-26T21:00,29.1,32,29.0,0.00,0.00,0.00
2025-04-26T22:00,29.1,33,29.0,0.00,0.00,0.00
2025-04-26T23:00,29.0,31,27.7,0.00,0.00,0.00
2025-04-27T00:00,28.1,33,26.2,0.00,0.00,0.00
2025-04-27T01:00,27.3,36,25.6,0.00,0.00,0.00
2025-04-27T02:00,26.8,38,25.3,0.00,0.00,0.00
2025-04-27T03:00,26.1,39,25.2,0.00,0.00,0.00
2025-04-27T04:00,25.5,41,24.8,0.00,0.00,0.00
2025-04-27T05:00,25.0,43,24.5,0.00,0.00,0.00
2025-04-27T06:00,24.8,54,24.9,0.00,0.00,0.00
2025-04-27T07:00,25.3,55,24.7,0.00,0.00,0.00
2025-04-27T08:00,27.5,46,26.5,0.00,0.00,0.00
2025-04-27T09:00,30.4,36,29.2,0.00,0.00,0.00
2025-04-27T10:00,32.0,33,31.3,0.00,0.00,0.00
2025-04-27T11:00,33.6,30,33.4,0.00,0.00,0.00
2025-04-27T12:00,34.7,25,34.8,0.00,0.00,0.00
2025-04-27T13:00,31.7,26,29.4,0.00,0.00,0.00
2025-04-27T14:00,32.6,26,32.4,0.00,0.00,0.00
2025-04-27T15:00,33.5,24,31.6,0.00,0.00,0.00
2025-04-27T16:00,34.0,20,31.2,0.00,0.00,0.00
2025-04-27T17:00,34.1,17,31.4,0.00,0.00,0.00
2025-04-27T18:00,32.5,18,30.2,0.00,0.00,0.00
2025-04-27T19:00,29.5,25,28.2,0.00,0.00,0.00
2025-04-27T20:00,27.2,43,26.0,0.00,0.00,0.00
2025-04-27T21:00,27.0,42,26.3,0.00,0.00,0.00
2025-04-27T22:00,26.6,42,25.9,0.00,0.00,0.00
2025-04-27T23:00,26.0,43,25.1,0.00,0.00,0.00
2025-04-28T00:00,25.8,43,25.0,0.00,0.00,0.00
2025-04-28T01:00,25.6,44,25.1,0.00,0.00,0.00
2025-04-28T02:00,24.7,47,24.6,0.00,0.00,0.00
2025-04-28T03:00,24.5,48,23.9,0.00,0.00,0.00
2025-04-28T04:00,24.8,48,24.1,0.00,0.00,0.00
2025-04-28T05:00,25.0,50,24.5,0.00,0.00,0.00
2025-04-28T06:00,24.2,65,24.8,0.00,0.00,0.00
2025-04-28T07:00,26.4,60,27.2,0.00,0.00,0.00
2025-04-28T08:00,28.3,56,28.7,0.00,0.00,0.00
2025-04-28T09:00,30.4,49,31.3,0.00,0.00,0.00
2025-04-28T10:00,32.7,40,34.5,0.00,0.00,0.00
2025-04-28T11:00,35.2,29,36.8,0.00,0.00,0.00
2025-04-28T12:00,37.0,13,35.1,0.00,0.00,0.00
2025-04-28T13:00,37.4,12,33.9,0.00,0.00,0.00
2025-04-28T14:00,37.5,11,34.4,0.00,0.00,0.00
2025-04-28T15:00,38.1,10,35.0,0.00,0.00,0.00
2025-04-28T16:00,36.6,10,31.1,0.00,0.00,0.00
2025-04-28T17:00,35.3,11,30.2,0.00,0.00,0.00
2025-04-28T18:00,33.5,13,29.3,0.00,0.00,0.00
2025-04-28T19:00,31.2,15,27.6,0.00,0.00,0.00
2025-04-28T20:00,29.4,19,27.2,0.00,0.00,0.00
2025-04-28T21:00,29.3,19,27.5,0.00,0.00,0.00
2025-04-28T22:00,29.0,29,28.7,0.00,0.00,0.00
2025-04-28T23:00,28.2,19,25.9,0.00,0.00,0.00
2025-04-29T00:00,27.8,20,25.7,0.00,0.00,0.00
2025-04-29T01:00,25.2,31,22.2,0.00,0.00,0.00
2025-04-29T02:00,23.7,46,22.6,0.00,0.00,0.00
2025-04-29T03:00,22.9,53,22.6,0.00,0.00,0.00
2025-04-29T04:00,23.9,52,23.8,0.00,0.00,0.00
2025-04-29T05:00,22.6,58,22.7,0.00,0.00,0.00
2025-04-29T06:00,23.9,65,25.6,0.00,0.00,0.00
2025-04-29T07:00,25.8,59,26.8,0.00,0.00,0.00
2025-04-29T08:00,28.4,53,28.8,0.00,0.00,0.00
2025-04-29T09:00,30.6,47,30.9,0.00,0.00,0.00
2025-04-29T10:00,32.8,38,33.5,0.00,0.00,0.00
2025-04-29T11:00,34.9,31,35.7,0.00,0.00,0.00
2025-04-29T12:00,36.4,26,37.0,0.00,0.00,0.00
2025-04-29T13:00,37.9,19,37.4,0.00,0.00,0.00
2025-04-29T14:00,38.4,14,35.9,0.00,0.00,0.00
2025-04-29T15:00,37.6,14,34.1,0.00,0.00,0.00
2025-04-29T16:00,37.2,14,33.0,0.00,0.00,0.00
2025-04-29T17:00,36.5,14,32.5,0.00,0.00,0.00
2025-04-29T18:00,32.6,20,30.4,0.00,0.00,0.00
2025-04-29T19:00,30.7,23,28.4,0.00,0.00,0.00
2025-04-29T20:00,29.9,24,27.5,0.00,0.00,0.00
2025-04-29T21:00,30.1,23,27.6,0.00,0.00,0.00
2025-04-29T22:00,30.0,24,27.2,0.00,0.00,0.00
2025-04-29T23:00,29.7,24,26.8,0.00,0.00,0.00
2025-04-30T00:00,27.8,29,26.3,0.00,0.00,0.00
2025-04-30T01:00,26.6,33,25.7,0.00,0.00,0.00
2025-04-30T02:00,25.4,38,24.9,0.00,0.00,0.00
2025-04-30T03:00,24.2,43,22.7,0.00,0.00,0.00
2025-04-30T04:00,24.1,47,23.3,0.00,0.00,0.00
2025-04-30T05:00,24.0,49,23.6,0.00,0.00,0.00
2025-04-30T06:00,22.6,68,24.1,0.00,0.00,0.00
2025-04-30T07:00,25.6,57,26.8,0.00,0.00,0.00
2025-04-30T08:00,28.3,49,28.9,0.00,0.00,0.00
2025-04-30T09:00,30.7,42,31.9,0.00,0.00,0.00
2025-04-30T10:00,33.3,34,35.6,0.00,0.00,0.00
2025-04-30T11:00,35.9,24,38.2,0.00,0.00,0.00
2025-04-30T12:00,38.4,11,37.7,0.00,0.00,0.00
2025-04-30T13:00,39.3,9,36.4,0.00,0.00,0.00
2025-04-30T14:00,38.9,9,35.0,0.00,0.00,0.00
2025-04-30T15:00,38.5,9,33.8,0.00,0.00,0.00
2025-04-30T16:00,37.6,9,32.1,0.00,0.00,0.00
2025-04-30T17:00,36.4,10,31.4,0.00,0.00,0.00
2025-04-30T18:00,33.5,13,29.4,0.00,0.00,0.00
2025-04-30T19:00,32.3,14,28.2,0.00,0.00,0.00
2025-04-30T20:00,30.4,17,27.6,0.00,0.00,0.00
2025-04-30T21:00,28.9,20,25.9,0.00,0.00,0.00
2025-04-30T22:00,26.3,27,24.2,0.00,0.00,0.00
2025-04-30T23:00,25.9,33,23.9,0.00,0.00,0.00
2025-05-01T00:00,26.3,44,25.7,0.00,0.00,0.00
2025-05-01T01:00,25.1,55,25.5,0.00,0.00,0.00
2025-05-01T02:00,23.9,63,24.9,0.00,0.00,0.00
2025-05-01T03:00,23.5,66,24.3,0.00,0.00,0.00
2025-05-01T04:00,23.1,68,24.2,0.00,0.00,0.00
2025-05-01T05:00,22.8,71,24.2,0.00,0.00,0.00
2025-05-01T06:00,24.6,73,27.0,0.00,0.00,0.00
2025-05-01T07:00,26.5,66,28.5,0.00,0.00,0.00
2025-05-01T08:00,28.5,60,30.1,0.00,0.00,0.00
2025-05-01T09:00,30.7,52,32.6,0.00,0.00,0.00
2025-05-01T10:00,32.6,44,34.9,0.00,0.00,0.00
2025-05-01T11:00,34.2,37,36.8,0.00,0.00,0.00
2025-05-01T12:00,35.6,29,37.2,0.00,0.00,0.00
2025-05-01T13:00,36.8,25,38.6,0.00,0.00,0.00
2025-05-01T14:00,37.5,21,37.6,0.00,0.00,0.00
2025-05-01T15:00,37.5,17,35.3,0.00,0.00,0.00
2025-05-01T16:00,36.9,18,34.4,0.00,0.00,0.00
2025-05-01T17:00,36.4,18,34.2,0.00,0.00,0.00
2025-05-01T18:00,33.5,19,31.3,0.00,0.00,0.00
2025-05-01T19:00,31.8,19,28.8,0.00,0.00,0.00
2025-05-01T20:00,28.9,23,26.9,0.00,0.00,0.00
2025-05-01T21:00,25.5,60,25.7,0.00,0.00,0.00
2025-05-01T22:00,24.8,62,25.1,0.00,0.00,0.00
2025-05-01T23:00,24.1,63,24.9,0.00,0.00,0.00
2025-05-02T00:00,23.3,66,24.7,0.00,0.00,0.00
2025-05-02T01:00,23.3,66,24.0,0.00,0.00,0.00
2025-05-02T02:00,22.9,68,24.4,0.00,0.00,0.00
2025-05-02T03:00,23.2,65,24.6,0.00,0.00,0.00
2025-05-02T04:00,23.8,60,24.2,0.00,0.00,0.00
2025-05-02T05:00,23.0,63,23.9,0.00,0.00,0.00
2025-05-02T06:00,23.6,59,23.8,0.00,0.00,0.00
2025-05-02T07:00,25.4,55,25.7,0.00,0.00,0.00
2025-05-02T08:00,27.3,52,27.3,0.00,0.00,0.00
2025-05-02T09:00,29.1,47,29.6,0.00,0.00,0.00
2025-05-02T10:00,31.3,40,32.8,0.00,0.00,0.00
2025-05-02T11:00,33.3,35,35.6,0.00,0.00,0.00
2025-05-02T12:00,34.9,30,37.7,0.00,0.00,0.00
2025-05-02T13:00,36.1,26,38.9,0.00,0.00,0.00
2025-05-02T14:00,37.3,23,39.5,0.00,0.00,0.00
2025-05-02T15:00,31.2,35,31.1,2.60,2.60,0.00
2025-05-02T16:00,34.1,25,33.8,0.00,0.00,0.00
2025-05-02T17:00,34.3,22,32.8,0.00,0.00,0.00
2025-05-02T18:00,29.8,40,30.5,0.00,0.00,0.00
2025-05-02T19:00,28.1,45,29.0,0.00,0.00,0.00
2025-05-02T20:00,27.7,47,29.2,0.00,0.00,0.00
2025-05-02T21:00,27.4,45,28.2,0.00,0.00,0.00
2025-05-02T22:00,27.0,46,27.9,0.00,0.00,0.00
2025-05-02T23:00,25.6,51,26.5,0.00,0.00,0.00
2025-05-03T00:00,24.4,57,25.8,0.00,0.00,0.00
2025-05-03T01:00,25.0,51,26.1,0.00,0.00,0.00
2025-05-03T02:00,25.1,50,26.3,0.00,0.00,0.00
2025-05-03T03:00,24.4,52,25.5,0.00,0.00,0.00
2025-05-03T04:00,24.0,52,24.7,0.00,0.00,0.00
2025-05-03T05:00,24.3,50,24.5,0.00,0.00,0.00
2025-05-03T06:00,26.3,56,27.4,0.00,0.00,0.00
2025-05-03T07:00,28.8,50,30.0,0.00,0.00,0.00
2025-05-03T08:00,30.7,46,31.9,0.00,0.00,0.00
2025-05-03T09:00,32.4,40,33.4,0.00,0.00,0.00
2025-05-03T10:00,32.2,32,34.4,0.50,0.50,0.00
2025-05-03T11:00,34.4,27,35.4,0.00,0.00,0.00
2025-05-03T12:00,37.3,18,37.8,0.00,0.00,0.00
2025-05-03T13:00,37.2,17,35.1,0.00,0.00,0.00
2025-05-03T14:00,34.4,24,32.0,0.00,0.00,0.00
2025-05-03T15:00,35.8,20,34.2,0.00,0.00,0.00
2025-05-03T16:00,35.5,20,33.7,0.00,0.00,0.00
2025-05-03T17:00,35.1,20,33.4,0.00,0.00,0.00
2025-05-03T18:00,30.3,32,28.8,0.00,0.00,0.00
2025-05-03T19:00,26.8,44,26.1,0.00,0.00,0.00
2025-05-03T20:00,27.0,44,26.6,0.00,0.00,0.00
2025-05-03T21:00,25.7,45,25.3,0.00,0.00,0.00
2025-05-03T22:00,24.5,52,24.9,0.00,0.00,0.00
2025-05-03T23:00,23.9,56,24.7,0.00,0.00,0.00
2025-05-04T00:00,24.0,56,25.5,0.00,0.00,0.00
2025-05-04T01:00,23.8,54,24.7,0.00,0.00,0.00
2025-05-04T02:00,23.7,53,24.3,0.00,0.00,0.00
2025-05-04T03:00,23.5,54,24.4,0.00,0.00,0.00
2025-05-04T04:00,23.0,55,23.9,0.00,0.00,0.00
2025-05-04T05:00,22.6,56,22.2,0.00,0.00,0.00
2025-05-04T06:00,22.6,69,23.3,0.00,0.00,0.00
2025-05-04T07:00,24.7,60,25.8,0.00,0.00,0.00
2025-05-04T08:00,27.4,49,28.0,0.00,0.00,0.00
2025-05-04T09:00,30.3,38,30.1,0.00,0.00,0.00
2025-05-04T10:00,32.1,33,32.2,0.00,0.00,0.00
2025-05-04T11:00,32.6,32,33.5,0.00,0.00,0.00
2025-05-04T12:00,32.9,31,34.9,0.00,0.00,0.00
2025-05-04T13:00,33.1,26,32.5,0.00,0.00,0.00
2025-05-04T14:00,33.0,27,32.2,0.00,0.00,0.00
2025-05-04T15:00,32.2,29,30.4,0.00,0.00,0.00
2025-05-04T16:00,32.4,28,31.4,0.00,0.00,0.00
2025-05-04T17:00,31.8,29,30.2,0.00,0.00,0.00
2025-05-04T18:00,26.2,51,26.8,0.00,0.00,0.00
2025-05-04T19:00,25.0,53,25.0,0.00,0.00,0.00
2025-05-04T20:00,24.4,54,24.3,0.00,0.00,0.00
2025-05-04T21:00,23.8,57,24.9,0.00,0.00,0.00
2025-05-04T22:00,23.4,58,24.6,0.00,0.00,0.00
2025-05-04T23:00,23.2,60,23.4,0.00,0.00,0.00
2025-05-05T00:00,24.0,56,23.5,0.00,0.00,0.00
2025-05-05T01:00,24.8,51,24.4,0.00,0.00,0.00
2025-05-05T02:00,24.1,55,24.5,0.00,0.00,0.00
2025-05-05T03:00,24.1,55,24.4,0.00,0.00,0.00
2025-05-05T04:00,24.0,52,23.8,0.00,0.00,0.00
2025-05-05T05:00,23.6,53,23.5,0.00,0.00,0.00
2025-05-05T06:00,24.0,56,24.7,0.00,0.00,0.00
2025-05-05T07:00,25.2,53,26.4,0.00,0.00,0.00
2025-05-05T08:00,27.1,48,27.7,0.00,0.00,0.00
2025-05-05T09:00,28.9,43,29.3,0.00,0.00,0.00
2025-05-05T10:00,30.9,36,32.7,0.00,0.00,0.00
2025-05-05T11:00,32.4,32,34.6,0.00,0.00,0.00
2025-05-05T12:00,34.1,29,36.4,0.00,0.00,0.00
2025-05-05T13:00,35.4,23,35.6,0.00,0.00,0.00
2025-05-05T14:00,35.4,20,33.6,0.00,0.00,0.00
2025-05-05T15:00,34.9,20,32.7,0.00,0.00,0.00
2025-05-05T16:00,34.6,20,32.1,0.00,0.00,0.00
2025-05-05T17:00,33.6,20,30.4,0.00,0.00,0.00
2025-05-05T18:00,30.5,29,28.3,0.00,0.00,0.00
2025-05-05T19:00,29.2,34,27.4,0.00,0.00,0.00
2025-05-05T20:00,27.7,38,27.1,0.00,0.00,0.00
2025-05-05T21:00,26.9,41,26.1,0.00,0.00,0.00
2025-05-05T22:00,26.6,43,25.3,0.00,0.00,0.00
2025-05-05T23:00,25.7,47,24.9,0.00,0.00,0.00
2025-05-06T00:00,24.8,50,24.4,0.00,0.00,0.00
2025-05-06T01:00,23.7,54,23.7,0.00,0.00,0.00
2025-05-06T02:00,23.3,55,23.3,0.00,0.00,0.00
2025-05-06T03:00,22.8,57,23.1,0.00,0.00,0.00
2025-05-06T04:00,22.2,60,22.8,0.00,0.00,0.00
2025-05-06T05:00,21.6,62,22.1,0.00,0.00,0.00
2025-05-06T06:00,23.3,55,22.6,0.00,0.00,0.00
2025-05-06T07:00,25.3,50,25.0,0.00,0.00,0.00
2025-05-06T08:00,27.3,46,27.4,0.00,0.00,0.00
2025-05-06T09:00,29.4,39,30.1,0.00,0.00,0.00
2025-05-06T10:00,31.2,33,31.9,0.00,0.00,0.00
2025-05-06T11:00,32.3,31,32.9,0.00,0.00,0.00
2025-05-06T12:00,33.1,29,33.7,0.00,0.00,0.00
2025-05-06T13:00,33.8,26,34.2,0.00,0.00,0.00
2025-05-06T14:00,34.5,23,33.7,0.00,0.00,0.00
2025-05-06T15:00,34.6,21,32.6,0.00,0.00,0.00
2025-05-06T16:00,34.1,21,31.1,0.00,0.00,0.00
2025-05-06T17:00,32.9,23,30.2,0.00,0.00,0.00
2025-05-06T18:00,30.4,29,29.3,0.00,0.00,0.00
2025-05-06T19:00,29.0,33,26.2,0.00,0.00,0.00
2025-05-06T20:00,26.7,43,25.0,0.00,0.00,0.00
2025-05-06T21:00,25.8,48,24.2,0.00,0.00,0.00
2025-05-06T22:00,25.1,51,24.0,0.00,0.00,0.00
2025-05-06T23:00,24.5,55,23.7,0.00,0.00,0.00
2025-05-07T00:00,24.1,58,23.5,0.00,0.00,0.00
2025-05-07T01:00,23.6,59,23.4,0.00,0.00,0.00
2025-05-07T02:00,23.0,61,22.7,0.00,0.00,0.00
2025-05-07T03:00,23.1,63,22.7,0.00,0.00,0.00
2025-05-07T04:00,23.2,64,23.3,0.00,0.00,0.00
2025-05-07T05:00,22.4,66,22.7,0.00,0.00,0.00
2025-05-07T06:00,22.3,74,23.6,0.00,0.00,0.00
2025-05-07T07:00,24.2,64,25.3,0.00,0.00,0.00
2025-05-07T08:00,26.6,51,27.6,0.00,0.00,0.00
2025-05-07T09:00,28.7,42,29.2,0.00,0.00,0.00
2025-05-07T10:00,30.3,36,30.7,0.00,0.00,0.00
2025-05-07T11:00,31.3,33,31.4,0.00,0.00,0.00
2025-05-07T12:00,31.6,31,30.9,0.00,0.00,0.00
2025-05-07T13:00,32.8,27,31.8,0.00,0.00,0.00
2025-05-07T14:00,33.1,25,31.1,0.00,0.00,0.00
2025-05-07T15:00,33.3,23,30.4,0.00,0.00,0.00
2025-05-07T16:00,32.6,25,29.0,0.00,0.00,0.00
2025-05-07T17:00,31.7,27,28.6,0.00,0.00,0.00
2025-05-07T18:00,29.6,33,27.3,0.00,0.00,0.00
2025-05-07T19:00,28.3,37,26.5,0.00,0.00,0.00
2025-05-07T20:00,28.0,38,26.4,0.00,0.00,0.00
2025-05-07T21:00,26.7,45,25.5,0.00,0.00,0.00
2025-05-07T22:00,25.3,53,25.3,0.00,0.00,0.00
2025-05-07T23:00,24.8,56,25.0,0.00,0.00,0.00
2025-05-08T00:00,24.6,57,25.1,0.00,0.00,0.00
2025-05-08T01:00,24.3,58,25.1,0.00,0.00,0.00
2025-05-08T02:00,24.2,59,24.9,0.00,0.00,0.00
2025-05-08T03:00,23.5,62,23.9,0.00,0.00,0.00
2025-05-08T04:00,22.6,65,23.0,0.00,0.00,0.00
2025-05-08T05:00,21.9,70,22.5,0.00,0.00,0.00
2025-05-08T06:00,23.4,71,24.7,0.00,0.00,0.00
2025-05-08T07:00,25.5,64,27.3,0.00,0.00,0.00
2025-05-08T08:00,27.3,55,29.2,0.00,0.00,0.00
2025-05-08T09:00,28.9,47,30.3,0.00,0.00,0.00
2025-05-08T10:00,30.6,38,31.8,0.00,0.00,0.00
2025-05-08T11:00,32.1,32,33.1,0.00,0.00,0.00
2025-05-08T12:00,32.5,30,32.6,0.00,0.00,0.00
2025-05-08T13:00,32.8,29,32.1,0.00,0.00,0.00
2025-05-08T14:00,33.4,27,32.3,0.00,0.00,0.00
2025-05-08T15:00,33.1,28,31.0,0.00,0.00,0.00
2025-05-08T16:00,32.3,30,30.6,0.00,0.00,0.00
2025-05-08T17:00,31.8,30,30.3,0.00,0.00,0.00
2025-05-08T18:00,29.8,34,29.2,0.00,0.00,0.00
2025-05-08T19:00,28.1,38,27.9,0.00,0.00,0.00
2025-05-08T20:00,27.1,41,27.0,0.00,0.00,0.00
2025-05-08T21:00,25.8,51,27.1,0.00,0.00,0.00
2025-05-08T22:00,25.0,55,26.5,0.00,0.00,0.00
2025-05-08T23:00,24.6,58,25.8,0.00,0.00,0.00
2025-05-09T00:00,24.8,58,25.5,0.00,0.00,0.00
2025-05-09T01:00,24.5,59,25.2,0.00,0.00,0.00
2025-05-09T02:00,23.6,63,24.6,0.00,0.00,0.00
2025-05-09T03:00,23.0,66,24.2,0.00,0.00,0.00
2025-05-09T04:00,22.5,66,23.1,0.00,0.00,0.00
2025-05-09T05:00,23.7,57,23.8,0.00,0.00,0.00
2025-05-09T06:00,25.0,59,26.3,0.00,0.00,0.00
2025-05-09T07:00,26.7,51,28.0,0.00,0.00,0.00
2025-05-09T08:00,27.6,47,28.5,0.00,0.00,0.00
2025-05-09T09:00,29.0,42,29.5,0.00,0.00,0.00
2025-05-09T10:00,29.6,40,29.6,0.00,0.00,0.00
2025-05-09T11:00,31.8,35,34.9,0.00,0.00,0.00
2025-05-09T12:00,33.1,31,35.5,0.00,0.00,0.00
2025-05-09T13:00,33.5,30,34.9,0.00,0.00,0.00
2025-05-09T14:00,33.9,29,34.9,0.00,0.00,0.00
2025-05-09T15:00,33.8,29,33.7,0.00,0.00,0.00
2025-05-09T16:00,33.3,28,32.4,0.00,0.00,0.00
2025-05-09T17:00,32.8,29,32.3,0.00,0.00,0.00
2025-05-09T18:00,31.3,32,31.5,0.00,0.00,0.00
2025-05-09T19:00,29.4,38,29.3,0.00,0.00,0.00
2025-05-09T20:00,28.7,38,28.5,0.00,0.00,0.00
2025-05-09T21:00,28.4,40,28.9,0.00,0.00,0.00
2025-05-09T22:00,27.9,40,28.3,0.00,0.00,0.00
2025-05-09T23:00,27.3,43,28.2,0.00,0.00,0.00
2025-05-10T00:00,26.6,45,27.6,0.00,0.00,0.00
2025-05-10T01:00,25.7,48,26.2,0.00,0.00,0.00
2025-05-10T02:00,25.0,51,25.8,0.00,0.00,0.00
2025-05-10T03:00,24.5,53,25.2,0.00,0.00,0.00
2025-05-10T04:00,24.3,53,24.9,0.00,0.00,0.00
2025-05-10T05:00,24.1,53,24.7,0.00,0.00,0.00
2025-05-10T06:00,25.6,59,27.2,0.00,0.00,0.00
2025-05-10T07:00,28.7,48,30.7,0.00,0.00,0.00
2025-05-10T08:00,30.7,41,32.0,0.00,0.00,0.00
2025-05-10T09:00,32.5,35,33.7,0.00,0.00,0.00
2025-05-10T10:00,33.9,32,35.8,0.00,0.00,0.00
2025-05-10T11:00,35.0,29,37.1,0.00,0.00,0.00
2025-05-10T12:00,35.7,28,37.4,0.00,0.00,0.00
2025-05-10T13:00,35.9,27,36.7,0.00,0.00,0.00
2025-05-10T14:00,35.3,27,35.7,0.00,0.00,0.00
2025-05-10T15:00,35.8,27,35.9,0.00,0.00,0.00
2025-05-10T16:00,30.2,43,28.3,0.00,0.00,0.00
2025-05-10T17:00,31.2,41,31.4,0.00,0.00,0.00
2025-05-10T18:00,30.1,46,30.9,0.00,0.00,0.00
2025-05-10T19:00,28.5,51,30.2,0.00,0.00,0.00
2025-05-10T20:00,27.8,53,29.6,0.00,0.00,0.00
2025-05-10T21:00,27.1,56,29.0,0.00,0.00,0.00
2025-05-10T22:00,27.3,55,28.8,0.00,0.00,0.00
2025-05-10T23:00,27.2,55,29.0,0.00,0.00,0.00
2025-05-11T00:00,26.4,58,28.2,0.00,0.00,0.00
2025-05-11T01:00,26.1,59,28.2,0.00,0.00,0.00
2025-05-11T02:00,25.7,62,27.5,0.00,0.00,0.00
2025-05-11T03:00,25.4,63,27.2,0.00,0.00,0.00
2025-05-11T04:00,25.7,58,26.5,0.00,0.00,0.00
2025-05-11T05:00,25.3,58,25.3,0.00,0.00,0.00
2025-05-11T06:00,24.4,71,25.8,0.00,0.00,0.00
2025-05-11T07:00,26.1,62,28.0,0.00,0.00,0.00
2025-05-11T08:00,28.2,53,30.0,0.00,0.00,0.00
2025-05-11T09:00,29.7,47,31.4,0.00,0.00,0.00
2025-05-11T10:00,31.4,41,32.7,0.00,0.00,0.00
2025-05-11T11:00,33.1,36,35.1,0.00,0.00,0.00
2025-05-11T12:00,34.0,34,36.0,0.00,0.00,0.00
2025-05-11T13:00,35.0,32,37.9,0.00,0.00,0.00
2025-05-11T14:00,34.8,32,36.2,0.00,0.00,0.00
2025-05-11T15:00,32.9,36,33.1,0.10,0.10,0.00
2025-05-11T16:00,34.0,33,34.5,0.00,0.00,0.00
2025-05-11T17:00,33.3,34,33.4,0.00,0.00,0.00
2025-05-11T18:00,31.6,39,32.9,0.00,0.00,0.00
2025-05-11T19:00,29.7,45,31.2,0.00,0.00,0.00
2025-05-11T20:00,28.8,48,30.2,0.00,0.00,0.00
2025-05-11T21:00,28.4,49,29.3,0.00,0.00,0.00
2025-05-11T22:00,27.7,51,27.6,0.00,0.00,0.00
2025-05-11T23:00,26.6,55,27.6,0.00,0.00,0.00
2025-05-12T00:00,26.1,57,27.1,0.00,0.00,0.00
2025-05-12T01:00,25.7,58,26.8,0.00,0.00,0.00
2025-05-12T02:00,25.3,59,26.5,0.00,0.00,0.00
2025-05-12T03:00,25.0,60,26.1,0.00,0.00,0.00
2025-05-12T04:00,24.8,60,26.0,0.00,0.00,0.00
2025-05-12T05:00,24.8,60,25.8,0.00,0.00,0.00
2025-05-12T06:00,24.3,77,25.7,1.00,1.00,0.00
2025-05-12T07:00,26.7,63,28.5,0.00,0.00,0.00
2025-05-12T08:00,30.2,47,31.2,0.00,0.00,0.00
2025-05-12T09:00,31.5,43,32.5,0.00,0.00,0.00
2025-05-12T10:00,32.1,42,34.0,0.00,0.00,0.00
2025-05-12T11:00,33.3,38,35.8,0.00,0.00,0.00
2025-05-12T12:00,34.8,35,38.3,0.00,0.00,0.00
2025-05-12T13:00,35.6,33,38.7,0.00,0.00,0.00
2025-05-12T14:00,36.0,31,38.3,0.00,0.00,0.00
2025-05-12T15:00,32.5,43,33.0,1.20,1.20,0.00
2025-05-12T16:00,32.7,38,33.9,0.20,0.20,0.00
2025-05-12T17:00,32.7,38,34.3,0.00,0.00,0.00
2025-05-12T18:00,30.9,46,33.5,0.00,0.00,0.00
2025-05-12T19:00,29.6,48,31.8,0.00,0.00,0.00
2025-05-12T20:00,28.5,49,29.8,0.00,0.00,0.00
2025-05-12T21:00,28.1,47,28.6,0.00,0.00,0.00
2025-05-12T22:00,27.6,48,28.0,0.00,0.00,0.00
2025-05-12T23:00,27.4,49,27.9,0.00,0.00,0.00
2025-05-13T00:00,27.2,50,27.7,0.00,0.00,0.00
2025-05-13T01:00,27.0,52,27.8,0.00,0.00,0.00
2025-05-13T02:00,26.2,56,27.6,0.00,0.00,0.00
2025-05-13T03:00,26.5,55,28.0,0.00,0.00,0.00
2025-05-13T04:00,26.2,56,27.3,0.00,0.00,0.00
2025-05-13T05:00,25.9,56,26.3,0.00,0.00,0.00
2025-05-13T06:00,28.0,53,28.6,0.00,0.00,0.00
2025-05-13T07:00,29.0,48,29.7,0.00,0.00,0.00
2025-05-13T08:00,31.1,40,31.2,0.00,0.00,0.00
2025-05-13T09:00,33.4,33,32.9,0.00,0.00,0.00
2025-05-13T10:00,34.8,29,36.3,0.00,0.00,0.00
2025-05-13T11:00,35.2,29,36.4,0.00,0.00,0.00
2025-05-13T12:00,34.7,29,35.4,0.00,0.00,0.00
2025-05-13T13:00,34.3,30,34.3,0.00,0.00,0.00
2025-05-13T14:00,33.5,32,33.0,0.00,0.00,0.00
2025-05-13T15:00,33.7,32,33.3,0.00,0.00,0.00
2025-05-13T16:00,34.5,29,34.4,0.00,0.00,0.00
2025-05-13T17:00,34.4,29,34.6,0.00,0.00,0.00
2025-05-13T18:00,30.5,42,31.1,0.00,0.00,0.00
2025-05-13T19:00,29.6,46,30.7,0.00,0.00,0.00
2025-05-13T20:00,29.3,48,30.5,0.00,0.00,0.00
2025-05-13T21:00,29.0,48,29.5,0.00,0.00,0.00
2025-05-13T22:00,28.1,49,28.3,0.00,0.00,0.00
2025-05-13T23:00,27.6,50,27.8,0.00,0.00,0.00
2025-05-14T00:00,26.8,52,27.0,0.00,0.00,0.00
2025-05-14T01:00,26.3,53,26.5,0.00,0.00,0.00
2025-05-14T02:00,26.3,53,26.5,0.00,0.00,0.00
2025-05-14T03:00,26.0,54,26.4,0.00,0.00,0.00
2025-05-14T04:00,25.6,55,26.0,0.00,0.00,0.00
2025-05-14T05:00,25.3,57,25.6,0.00,0.00,0.00
2025-05-14T06:00,27.0,55,26.6,0.00,0.00,0.00
2025-05-14T07:00,28.5,53,29.0,0.00,0.00,0.00
2025-05-14T08:00,31.5,42,32.1,0.00,0.00,0.00
2025-05-14T09:00,33.3,35,34.6,0.00,0.00,0.00
2025-05-14T10:00,34.0,34,36.5,0.00,0.00,0.00
2025-05-14T11:00,34.4,34,37.3,0.10,0.10,0.00
2025-05-14T12:00,34.9,34,37.9,0.00,0.00,0.00
2025-05-14T13:00,35.4,33,38.5,0.00,0.00,0.00
2025-05-14T14:00,34.9,33,36.1,0.00,0.00,0.00
2025-05-14T15:00,31.5,46,32.0,0.00,0.00,0.00
2025-05-14T16:00,31.4,44,32.6,0.20,0.20,0.00
2025-05-14T17:00,32.3,40,33.8,0.00,0.00,0.00
2025-05-14T18:00,31.0,46,33.4,0.00,0.00,0.00
2025-05-14T19:00,29.7,44,30.8,0.00,0.00,0.00
2025-05-14T20:00,29.0,45,29.9,0.00,0.00,0.00
2025-05-14T21:00,28.9,45,30.0,0.00,0.00,0.00
2025-05-14T22:00,28.8,47,30.2,0.00,0.00,0.00
2025-05-14T23:00,28.3,48,28.8,0.00,0.00,0.00
2025-05-15T00:00,27.7,53,28.6,0.00,0.00,0.00
2025-05-15T01:00,27.3,55,27.8,0.00,0.00,0.00
2025-05-15T02:00,26.8,55,27.1,0.00,0.00,0.00
2025-05-15T03:00,26.3,57,26.5,0.00,0.00,0.00
2025-05-15T04:00,25.9,58,26.3,0.00,0.00,0.00
2025-05-15T05:00,25.5,59,26.4,0.00,0.00,0.00
2025-05-15T06:00,27.6,57,28.5,0.00,0.00,0.00
2025-05-15T07:00,29.8,51,30.9,0.00,0.00,0.00
2025-05-15T08:00,31.8,44,32.8,0.00,0.00,0.00
2025-05-15T09:00,33.2,39,34.4,0.00,0.00,0.00
2025-05-15T10:00,33.9,37,35.8,0.00,0.00,0.00
2025-05-15T11:00,29.0,57,30.2,0.90,0.90,0.00
2025-05-15T12:00,30.4,52,31.7,0.20,0.20,0.00
2025-05-15T13:00,33.4,43,36.2,0.10,0.10,0.00
2025-05-15T14:00,31.0,52,34.7,1.50,1.50,0.00
2025-05-15T15:00,31.8,48,35.1,0.10,0.10,0.00
2025-05-15T16:00,32.2,45,34.7,0.00,0.00,0.00
2025-05-15T17:00,32.1,44,34.4,0.00,0.00,0.00
2025-05-15T18:00,31.2,44,32.5,0.00,0.00,0.00
2025-05-15T19:00,29.6,49,31.1,0.00,0.00,0.00
2025-05-15T20:00,28.5,53,30.1,0.00,0.00,0.00
2025-05-15T21:00,28.1,55,29.6,0.00,0.00,0.00
2025-05-15T22:00,27.5,59,29.1,0.00,0.00,0.00
2025-05-15T23:00,27.3,59,29.0,0.00,0.00,0.00
2025-05-16T00:00,27.3,59,29.2,0.00,0.00,0.00
2025-05-16T01:00,27.2,58,29.1,0.00,0.00,0.00
2025-05-16T02:00,27.1,58,28.7,0.00,0.00,0.00
2025-05-16T03:00,26.9,58,28.4,0.00,0.00,0.00
2025-05-16T04:00,26.8,59,28.2,0.00,0.00,0.00
2025-05-16T05:00,26.5,60,28.0,0.00,0.00,0.00
2025-05-16T06:00,27.2,64,30.4,0.00,0.00,0.00
2025-05-16T07:00,30.1,53,32.8,0.00,0.00,0.00
2025-05-16T08:00,31.6,48,33.9,0.00,0.00,0.00
2025-05-16T09:00,32.7,44,35.0,0.00,0.00,0.00
2025-05-16T10:00,32.9,43,35.2,0.00,0.00,0.00
2025-05-16T11:00,34.1,39,37.4,0.00,0.00,0.00
2025-05-16T12:00,35.6,35,40.5,0.00,0.00,0.00
2025-05-16T13:00,35.9,34,39.1,0.00,0.00,0.00
2025-05-16T14:00,33.0,44,36.2,0.80,0.80,0.00
2025-05-16T15:00,29.7,56,30.7,0.20,0.20,0.00
2025-05-16T16:00,31.1,49,33.4,0.00,0.00,0.00
2025-05-16T17:00,30.9,47,32.8,0.00,0.00,0.00
2025-05-16T18:00,31.0,49,33.4,0.00,0.00,0.00
2025-05-16T19:00,29.6,56,32.4,0.00,0.00,0.00
2025-05-16T20:00,28.5,60,31.2,0.00,0.00,0.00
2025-05-16T21:00,28.0,61,30.5,0.00,0.00,0.00
2025-05-16T22:00,28.5,59,30.6,0.00,0.00,0.00
2025-05-16T23:00,28.1,61,30.7,0.00,0.00,0.00
2025-05-17T00:00,27.2,66,30.4,0.00,0.00,0.00
2025-05-17T01:00,26.7,68,29.7,0.00,0.00,0.00
2025-05-17T02:00,26.3,69,29.0,0.00,0.00,0.00
2025-05-17T03:00,25.9,71,29.0,0.00,0.00,0.00
2025-05-17T04:00,25.5,72,28.2,0.00,0.00,0.00
2025-05-17T05:00,25.8,69,27.8,0.00,0.00,0.00
2025-05-17T06:00,26.4,72,29.3,0.00,0.00,0.00
2025-05-17T07:00,27.4,70,30.3,0.00,0.00,0.00
2025-05-17T08:00,29.0,65,32.0,0.00,0.00,0.00
2025-05-17T09:00,31.0,58,34.3,0.00,0.00,0.00
2025-05-17T10:00,33.2,49,37.5,0.00,0.00,0.00
2025-05-17T11:00,34.8,41,39.5,0.00,0.00,0.00
2025-05-17T12:00,36.1,37,41.4,0.00,0.00,0.00
2025-05-17T13:00,36.7,34,41.7,0.00,0.00,0.00
2025-05-17T14:00,36.9,32,40.5,0.00,0.00,0.00
2025-05-17T15:00,36.5,31,37.1,0.00,0.00,0.00
2025-05-17T16:00,29.5,59,30.2,0.10,0.10,0.00
2025-05-17T17:00,29.1,58,31.8,0.40,0.40,0.00
2025-05-17T18:00,26.7,70,29.1,0.10,0.10,0.00
2025-05-17T19:00,26.2,77,28.8,0.00,0.00,0.00
2025-05-17T20:00,26.6,73,29.5,0.00,0.00,0.00
2025-05-17T21:00,26.6,71,29.3,0.00,0.00,0.00
2025-05-17T22:00,26.5,70,29.3,0.00,0.00,0.00
2025-05-17T23:00,26.3,70,29.2,0.00,0.00,0.00
2025-05-18T00:00,26.1,70,29.0,0.00,0.00,0.00
2025-05-18T01:00,25.7,71,28.9,0.00,0.00,0.00
2025-05-18T02:00,25.9,69,28.1,0.00,0.00,0.00
2025-05-18T03:00,26.1,68,29.1,0.00,0.00,0.00
2025-05-18T04:00,25.7,68,28.1,0.00,0.00,0.00
2025-05-18T05:00,25.1,73,28.0,0.00,0.00,0.00
2025-05-18T06:00,25.0,73,28.4,0.00,0.00,0.00
2025-05-18T07:00,27.4,64,30.4,0.00,0.00,0.00
2025-05-18T08:00,29.1,59,31.4,0.00,0.00,0.00
2025-05-18T09:00,30.6,56,33.9,0.00,0.00,0.00
2025-05-18T10:00,32.0,52,36.9,0.00,0.00,0.00
2025-05-18T11:00,33.5,47,39.3,0.00,0.00,0.00
2025-05-18T12:00,34.6,42,40.0,0.00,0.00,0.00
2025-05-18T13:00,35.3,39,39.9,0.00,0.00,0.00
2025-05-18T14:00,35.7,36,39.2,0.00,0.00,0.00
2025-05-18T15:00,35.6,35,37.8,0.00,0.00,0.00
2025-05-18T16:00,35.5,33,37.3,0.00,0.00,0.00
2025-05-18T17:00,35.0,34,36.1,0.00,0.00,0.00
2025-05-18T18:00,29.8,51,31.4,0.00,0.00,0.00
2025-05-18T19:00,30.0,50,32.5,0.00,0.00,0.00
2025-05-18T20:00,30.1,44,31.2,0.00,0.00,0.00
2025-05-18T21:00,29.2,49,31.3,0.00,0.00,0.00
2025-05-18T22:00,28.5,55,30.6,0.00,0.00,0.00
2025-05-18T23:00,28.1,59,31.5,0.00,0.00,0.00
2025-05-19T00:00,27.8,56,30.0,0.00,0.00,0.00
2025-05-19T01:00,27.6,58,29.5,0.00,0.00,0.00
2025-05-19T02:00,26.8,62,29.3,0.00,0.00,0.00
2025-05-19T03:00,26.3,65,29.1,0.00,0.00,0.00
2025-05-19T04:00,26.3,66,29.1,0.00,0.00,0.00
2025-05-19T05:00,26.2,67,28.9,0.00,0.00,0.00
2025-05-19T06:00,27.9,65,28.6,0.00,0.00,0.00
2025-05-19T07:00,26.1,70,28.8,2.00,2.00,0.00
2025-05-19T08:00,29.0,59,31.0,0.00,0.00,0.00
2025-05-19T09:00,31.3,51,34.3,0.00,0.00,0.00
2025-05-19T10:00,33.1,45,36.6,0.00,0.00,0.00
2025-05-19T11:00,34.3,41,37.9,0.00,0.00,0.00
2025-05-19T12:00,34.7,39,38.6,0.00,0.00,0.00
2025-05-19T13:00,35.1,37,38.9,0.00,0.00,0.00
2025-05-19T14:00,35.7,34,39.0,0.00,0.00,0.00
2025-05-19T15:00,35.7,33,37.7,0.00,0.00,0.00
2025-05-19T16:00,35.4,32,36.9,0.00,0.00,0.00
2025-05-19T17:00,34.9,32,36.5,0.00,0.00,0.00
2025-05-19T18:00,29.9,52,30.5,0.00,0.00,0.00
2025-05-19T19:00,28.9,57,30.8,0.00,0.00,0.00
2025-05-19T20:00,28.7,57,30.7,0.00,0.00,0.00
2025-05-19T21:00,28.6,60,32.2,0.00,0.00,0.00
2025-05-19T22:00,28.2,60,31.5,0.00,0.00,0.00
2025-05-19T23:00,27.4,59,28.6,0.00,0.00,0.00
2025-05-20T00:00,26.7,60,28.8,0.00,0.00,0.00
2025-05-20T01:00,26.4,62,28.9,0.00,0.00,0.00
2025-05-20T02:00,26.1,63,28.8,0.00,0.00,0.00
2025-05-20T03:00,26.1,63,28.5,0.00,0.00,0.00
2025-05-20T04:00,26.3,63,28.6,0.00,0.00,0.00
2025-05-20T05:00,26.0,64,28.4,0.00,0.00,0.00
2025-05-20T06:00,27.1,64,29.6,0.00,0.00,0.00
2025-05-20T07:00,29.9,51,31.5,0.00,0.00,0.00
2025-05-20T08:00,31.9,44,33.4,0.00,0.00,0.00
2025-05-20T09:00,33.3,40,35.6,0.00,0.00,0.00
2025-05-20T10:00,34.4,38,37.8,0.00,0.00,0.00
2025-05-20T11:00,35.3,35,39.1,0.00,0.00,0.00
2025-05-20T12:00,35.8,33,39.3,0.00,0.00,0.00
2025-05-20T13:00,36.0,34,39.1,0.00,0.00,0.00
2025-05-20T14:00,36.2,33,38.8,0.00,0.00,0.00
2025-05-20T15:00,34.2,38,35.0,0.00,0.00,0.00
2025-05-20T16:00,33.1,42,35.1,0.00,0.00,0.00
2025-05-20T17:00,33.5,40,35.3,0.00,0.00,0.00
2025-05-20T18:00,31.1,47,32.3,0.20,0.20,0.00
2025-05-20T19:00,30.3,47,32.2,0.00,0.00,0.00
2025-05-20T20:00,30.0,51,32.9,0.00,0.00,0.00
2025-05-20T21:00,29.5,56,32.8,0.00,0.00,0.00
2025-05-20T22:00,29.4,58,33.2,0.00,0.00,0.00
2025-05-20T23:00,29.0,56,32.1,0.00,0.00,0.00
2025-05-21T00:00,28.9,53,31.3,0.00,0.00,0.00
2025-05-21T01:00,28.5,55,30.8,0.00,0.00,0.00
2025-05-21T02:00,28.3,56,30.6,0.00,0.00,0.00
2025-05-21T03:00,27.9,58,30.5,0.00,0.00,0.00
2025-05-21T04:00,26.9,61,29.3,0.00,0.00,0.00
2025-05-21T05:00,26.8,62,29.2,0.00,0.00,0.00
2025-05-21T06:00,27.6,62,30.0,0.00,0.00,0.00
2025-05-21T07:00,29.5,56,32.3,0.00,0.00,0.00
2025-05-21T08:00,31.6,48,33.6,0.00,0.00,0.00
2025-05-21T09:00,33.0,44,35.8,0.00,0.00,0.00
2025-05-21T10:00,34.1,42,38.0,0.00,0.00,0.00
2025-05-21T11:00,34.6,40,38.5,0.00,0.00,0.00
2025-05-21T12:00,34.7,39,37.6,0.00,0.00,0.00
2025-05-21T13:00,35.6,36,39.0,0.00,0.00,0.00
2025-05-21T14:00,35.4,36,37.6,0.00,0.00,0.00
2025-05-21T15:00,36.2,32,36.8,0.00,0.00,0.00
2025-05-21T16:00,29.0,59,31.4,0.00,0.00,0.00
2025-05-21T17:00,30.8,50,33.9,0.00,0.00,0.00
2025-05-21T18:00,31.2,46,32.9,0.00,0.00,0.00
2025-05-21T19:00,30.6,49,33.0,0.00,0.00,0.00
2025-05-21T20:00,24.0,80,23.6,0.00,0.00,0.00
2025-05-21T21:00,24.0,86,26.3,0.00,0.00,0.00
2025-05-21T22:00,24.4,85,27.0,0.00,0.00,0.00
2025-05-21T23:00,24.3,86,26.9,0.00,0.00,0.00
2025-05-22T00:00,24.0,89,27.0,0.00,0.00,0.00
2025-05-22T01:00,23.9,89,27.3,0.00,0.00,0.00
2025-05-22T02:00,23.7,90,27.2,0.00,0.00,0.00
2025-05-22T03:00,23.6,91,27.2,0.00,0.00,0.00
2025-05-22T04:00,23.8,90,27.8,0.00,0.00,0.00
2025-05-22T05:00,23.8,89,27.7,0.00,0.00,0.00
2025-05-22T06:00,23.5,82,26.4,0.00,0.00,0.00
2025-05-22T07:00,25.1,71,27.2,0.00,0.00,0.00
2025-05-22T08:00,25.6,65,27.7,0.00,0.00,0.00
2025-05-22T09:00,26.3,60,28.4,0.00,0.00,0.00
2025-05-22T10:00,26.9,59,28.8,0.00,0.00,0.00
2025-05-22T11:00,28.4,53,30.2,0.00,0.00,0.00
2025-05-22T12:00,28.8,52,30.3,0.00,0.00,0.00
2025-05-22T13:00,28.4,54,29.7,0.00,0.00,0.00
2025-05-22T14:00,28.7,54,29.9,0.00,0.00,0.00
2025-05-22T15:00,29.7,52,31.0,0.00,0.00,0.00
2025-05-22T16:00,28.9,54,30.4,0.00,0.00,0.00
2025-05-22T17:00,28.7,54,30.7,0.00,0.00,0.00
2025-05-22T18:00,27.4,62,29.6,0.00,0.00,0.00
2025-05-22T19:00,26.0,69,28.6,0.00,0.00,0.00
2025-05-22T20:00,26.0,70,28.5,0.00,0.00,0.00
2025-05-22T21:00,25.7,72,28.4,0.00,0.00,0.00
2025-05-22T22:00,25.4,73,28.4,0.00,0.00,0.00
2025-05-22T23:00,25.1,74,28.0,0.00,0.00,0.00
2025-05-23T00:00,24.6,75,27.2,0.00,0.00,0.00
2025-05-23T01:00,24.2,77,26.8,0.00,0.00,0.00
2025-05-23T02:00,23.5,82,26.1,0.00,0.00,0.00
2025-05-23T03:00,23.0,85,26.1,0.00,0.00,0.00
2025-05-23T04:00,22.6,89,25.8,0.00,0.00,0.00
2025-05-23T05:00,22.3,92,25.8,0.00,0.00,0.00
2025-05-23T06:00,23.3,90,26.7,0.00,0.00,0.00
2025-05-23T07:00,24.6,83,27.9,0.00,0.00,0.00
2025-05-23T08:00,26.4,73,29.6,0.00,0.00,0.00
2025-05-23T09:00,28.4,63,31.5,0.00,0.00,0.00
2025-05-23T10:00,29.9,56,33.5,0.00,0.00,0.00
2025-05-23T11:00,31.2,49,35.2,0.00,0.00,0.00
2025-05-23T12:00,32.4,44,36.2,0.00,0.00,0.00
2025-05-23T13:00,33.2,41,37.0,0.00,0.00,0.00
2025-05-23T14:00,33.2,41,36.2,0.00,0.00,0.00
2025-05-23T15:00,32.8,41,34.8,0.00,0.00,0.00
2025-05-23T16:00,32.6,41,34.4,0.00,0.00,0.00
2025-05-23T17:00,31.6,43,33.8,0.00,0.00,0.00
2025-05-23T18:00,30.7,48,33.2,0.00,0.00,0.00
2025-05-23T19:00,29.3,51,31.6,0.00,0.00,0.00
2025-05-23T20:00,28.5,55,30.4,0.00,0.00,0.00
2025-05-23T21:00,27.8,58,29.8,0.00,0.00,0.00
2025-05-23T22:00,27.6,61,30.2,0.00,0.00,0.00
2025-05-23T23:00,25.7,80,29.6,0.30,0.30,0.00
2025-05-24T00:00,24.8,89,29.0,0.80,0.80,0.00
2025-05-24T01:00,24.5,90,29.0,1.00,1.00,0.00
2025-05-24T02:00,24.4,90,29.1,1.20,1.20,0.00
2025-05-24T03:00,24.4,88,29.2,1.20,1.20,0.00
2025-05-24T04:00,24.2,90,28.8,1.50,1.50,0.00
2025-05-24T05:00,23.9,93,28.5,0.90,0.90,0.00
2025-05-24T06:00,24.0,91,28.1,0.10,0.10,0.00
2025-05-24T07:00,24.1,92,28.3,0.20,0.20,0.00
2025-05-24T08:00,24.7,89,28.2,0.10,0.10,0.00
2025-05-24T09:00,25.8,82,29.4,0.00,0.00,0.00
2025-05-24T10:00,26.7,76,30.4,0.00,0.00,0.00
2025-05-24T11:00,28.3,67,32.2,0.00,0.00,0.00
2025-05-24T12:00,28.9,63,32.7,0.00,0.00,0.00
2025-05-24T13:00,29.4,61,32.7,0.00,0.00,0.00
2025-05-24T14:00,30.1,58,33.5,0.00,0.00,0.00
2025-05-24T15:00,30.7,54,34.1,0.00,0.00,0.00
2025-05-24T16:00,31.1,51,33.4,0.00,0.00,0.00
2025-05-24T17:00,30.6,51,32.7,0.00,0.00,0.00
2025-05-24T18:00,28.2,62,30.6,0.00,0.00,0.00
2025-05-24T19:00,27.7,65,30.1,0.00,0.00,0.00
2025-05-24T20:00,27.0,67,29.6,0.00,0.00,0.00
2025-05-24T21:00,26.5,70,29.1,0.00,0.00,0.00
2025-05-24T22:00,26.0,73,29.1,0.00,0.00,0.00
2025-05-24T23:00,25.2,83,29.7,2.40,2.40,0.00
2025-05-25T00:00,24.7,88,29.0,1.50,1.50,0.00
2025-05-25T01:00,24.3,91,28.7,1.90,1.90,0.00
2025-05-25T02:00,23.7,93,27.6,2.00,2.00,0.00
2025-05-25T03:00,23.3,95,27.6,3.20,3.20,0.00
2025-05-25T04:00,23.1,96,27.4,1.40,1.40,0.00
2025-05-25T05:00,23.1,96,27.5,1.10,1.10,0.00
2025-05-25T06:00,23.8,95,27.9,0.70,0.70,0.00
2025-05-25T07:00,24.1,89,28.0,2.90,2.90,0.00
2025-05-25T08:00,25.1,86,29.3,3.30,3.30,0.00
2025-05-25T09:00,26.3,78,30.5,0.20,0.20,0.00
2025-05-25T10:00,28.4,67,32.0,0.10,0.10,0.00
2025-05-25T11:00,28.1,66,31.4,0.00,0.00,0.00
2025-05-25T12:00,28.8,63,32.3,0.00,0.00,0.00
2025-05-25T13:00,31.0,57,35.2,0.00,0.00,0.00
2025-05-25T14:00,32.4,52,36.7,0.00,0.00,0.00
2025-05-25T15:00,32.7,48,35.1,0.00,0.00,0.00
2025-05-25T16:00,33.2,45,34.8,0.00,0.00,0.00
2025-05-25T17:00,30.3,57,32.4,0.50,0.50,0.00
2025-05-25T18:00,28.3,64,30.8,0.10,0.10,0.00
2025-05-25T19:00,26.3,79,29.8,1.60,1.60,0.00
2025-05-25T20:00,24.2,92,28.3,4.70,4.70,0.00
2025-05-25T21:00,24.2,94,28.8,2.10,2.10,0.00
2025-05-25T22:00,24.1,95,29.2,1.00,1.00,0.00
2025-05-25T23:00,24.2,95,29.4,0.50,0.50,0.00
2025-05-26T00:00,24.2,96,29.1,0.20,0.20,0.00
2025-05-26T01:00,24.2,97,29.3,0.10,0.10,0.00
2025-05-26T02:00,24.2,97,29.5,0.00,0.00,0.00
2025-05-26T03:00,24.0,97,29.1,0.00,0.00,0.00
2025-05-26T04:00,24.0,97,29.3,0.00,0.00,0.00
2025-05-26T05:00,23.8,98,29.0,0.00,0.00,0.00
2025-05-26T06:00,26.0,88,31.9,0.00,0.00,0.00
2025-05-26T07:00,24.2,94,28.1,1.20,1.20,0.00
2025-05-26T08:00,25.8,82,30.3,0.10,0.10,0.00
2025-05-26T09:00,28.1,71,32.4,0.00,0.00,0.00
2025-05-26T10:00,30.2,63,35.5,0.10,0.10,0.00
2025-05-26T11:00,31.6,57,37.3,0.00,0.00,0.00
2025-05-26T12:00,32.7,52,38.1,0.00,0.00,0.00
2025-05-26T13:00,33.1,50,37.6,0.00,0.00,0.00
2025-05-26T14:00,33.8,47,38.0,0.00,0.00,0.00
2025-05-26T15:00,34.2,45,37.2,0.00,0.00,0.00
2025-05-26T16:00,32.2,51,35.4,0.80,0.80,0.00
2025-05-26T17:00,32.1,49,34.7,0.20,0.20,0.00
2025-05-26T18:00,27.0,78,31.5,0.10,0.10,0.00
2025-05-26T19:00,27.1,78,31.6,0.00,0.00,0.00
2025-05-26T20:00,27.0,79,31.8,0.00,0.00,0.00
2025-05-26T21:00,26.6,81,31.5,0.00,0.00,0.00
2025-05-26T22:00,26.1,83,31.3,0.00,0.00,0.00
2025-05-26T23:00,25.7,85,30.9,0.00,0.00,0.00
2025-05-27T00:00,25.5,85,29.1,0.10,0.10,0.00
2025-05-27T01:00,23.7,93,28.4,0.20,0.20,0.00
2025-05-27T02:00,23.8,93,27.5,0.00,0.00,0.00
2025-05-27T03:00,23.7,94,28.1,0.00,0.00,0.00
2025-05-27T04:00,23.9,92,27.4,0.00,0.00,0.00
2025-05-27T05:00,23.8,93,28.1,0.00,0.00,0.00
2025-05-27T06:00,26.0,83,30.2,0.00,0.00,0.00
2025-05-27T07:00,28.1,74,32.7,0.00,0.00,0.00
2025-05-27T08:00,30.3,61,34.5,0.00,0.00,0.00
2025-05-27T09:00,31.9,52,35.9,0.00,0.00,0.00
2025-05-27T10:00,33.0,46,37.6,0.00,0.00,0.00
2025-05-27T11:00,33.9,44,38.4,0.00,0.00,0.00
2025-05-27T12:00,34.3,42,39.0,0.10,0.10,0.00
2025-05-27T13:00,34.9,40,39.0,0.00,0.00,0.00
2025-05-27T14:00,35.1,39,38.4,0.00,0.00,0.00
2025-05-27T15:00,32.1,49,32.4,0.00,0.00,0.00
2025-05-27T16:00,26.7,78,29.1,2.10,2.10,0.00
2025-05-27T17:00,27.6,80,32.5,2.50,2.50,0.00
2025-05-27T18:00,30.3,58,34.3,0.00,0.00,0.00
2025-05-27T19:00,29.2,55,30.8,0.00,0.00,0.00
2025-05-27T20:00,26.0,73,26.7,0.00,0.00,0.00
2025-05-27T21:00,25.1,81,27.2,0.00,0.00,0.00
2025-05-27T22:00,25.5,75,27.6,0.00,0.00,0.00
2025-05-27T23:00,25.7,73,28.3,0.00,0.00,0.00
2025-05-28T00:00,25.5,73,28.3,0.00,0.00,0.00
2025-05-28T01:00,25.4,74,28.2,0.00,0.00,0.00
2025-05-28T02:00,25.5,75,28.1,0.00,0.00,0.00
2025-05-28T03:00,25.8,71,27.8,0.00,0.00,0.00
2025-05-28T04:00,25.8,70,27.1,0.00,0.00,0.00
2025-05-28T05:00,25.5,72,27.0,0.00,0.00,0.00
2025-05-28T06:00,25.0,80,26.9,0.00,0.00,0.00
2025-05-28T07:00,25.8,77,27.8,0.00,0.00,0.00
2025-05-28T08:00,27.8,68,30.0,0.00,0.00,0.00
2025-05-28T09:00,30.1,59,32.7,0.00,0.00,0.00
2025-05-28T10:00,32.2,51,36.0,0.00,0.00,0.00
2025-05-28T11:00,33.6,46,37.4,0.00,0.00,0.00
2025-05-28T12:00,34.1,43,37.3,0.00,0.00,0.00
2025-05-28T13:00,33.8,43,36.3,0.00,0.00,0.00
2025-05-28T14:00,33.8,44,36.5,0.00,0.00,0.00
2025-05-28T15:00,33.9,44,36.6,0.00,0.00,0.00
2025-05-28T16:00,32.9,45,35.2,0.00,0.00,0.00
2025-05-28T17:00,32.4,47,34.7,0.10,0.10,0.00
2025-05-28T18:00,25.2,87,28.5,1.20,1.20,0.00
2025-05-28T19:00,25.2,86,29.8,0.80,0.80,0.00
2025-05-28T20:00,26.1,80,29.6,0.00,0.00,0.00
2025-05-28T21:00,26.8,78,30.2,0.00,0.00,0.00
2025-05-28T22:00,26.5,81,30.1,0.00,0.00,0.00
2025-05-28T23:00,26.3,82,29.7,0.00,0.00,0.00
2025-05-29T00:00,26.7,79,29.8,0.00,0.00,0.00
2025-05-29T01:00,26.7,78,29.5,0.00,0.00,0.00
2025-05-29T02:00,26.6,75,28.9,0.00,0.00,0.00
2025-05-29T03:00,26.9,72,28.3,0.00,0.00,0.00
2025-05-29T04:00,26.8,71,27.8,0.00,0.00,0.00
2025-05-29T05:00,26.5,71,27.7,0.00,0.00,0.00
2025-05-29T06:00,25.9,72,27.2,0.00,0.00,0.00
2025-05-29T07:00,27.4,67,28.5,0.00,0.00,0.00
2025-05-29T08:00,29.5,58,30.6,0.00,0.00,0.00
2025-05-29T09:00,31.6,49,32.6,0.00,0.00,0.00
2025-05-29T10:00,32.8,45,34.8,0.00,0.00,0.00
2025-05-29T11:00,33.5,44,36.4,0.10,0.10,0.00
2025-05-29T12:00,34.4,41,37.7,0.00,0.00,0.00
2025-05-29T13:00,34.9,39,37.3,0.00,0.00,0.00
2025-05-29T14:00,33.0,44,34.4,0.20,0.20,0.00
2025-05-29T15:00,31.5,49,34.7,0.90,0.90,0.00
2025-05-29T16:00,31.5,51,35.1,0.00,0.00,0.00
2025-05-29T17:00,32.3,50,35.8,0.00,0.00,0.00
2025-05-29T18:00,30.1,58,33.4,0.00,0.00,0.00
2025-05-29T19:00,28.7,61,31.4,0.00,0.00,0.00
2025-05-29T20:00,28.3,62,30.8,0.00,0.00,0.00
2025-05-29T21:00,28.1,64,30.3,0.00,0.00,0.00
2025-05-29T22:00,27.5,66,29.6,0.00,0.00,0.00
2025-05-29T23:00,27.1,66,29.1,0.00,0.00,0.00
2025-05-30T00:00,26.8,68,29.1,0.00,0.00,0.00
2025-05-30T01:00,26.5,69,29.2,0.00,0.00,0.00
2025-05-30T02:00,26.5,68,28.7,0.00,0.00,0.00
2025-05-30T03:00,26.8,65,28.1,0.00,0.00,0.00
2025-05-30T04:00,26.4,67,27.4,0.00,0.00,0.00
2025-05-30T05:00,26.1,69,26.8,0.00,0.00,0.00
2025-05-30T06:00,26.9,72,28.7,0.00,0.00,0.00
2025-05-30T07:00,27.8,71,29.2,0.00,0.00,0.00
2025-05-30T08:00,29.3,67,31.1,0.00,0.00,0.00
2025-05-30T09:00,31.0,59,33.1,0.00,0.00,0.00
2025-05-30T10:00,32.8,51,35.8,0.00,0.00,0.00
2025-05-30T11:00,33.9,47,37.1,0.00,0.00,0.00
2025-05-30T12:00,34.1,47,37.5,0.00,0.00,0.00
2025-05-30T13:00,31.0,56,35.0,0.00,0.00,0.00
2025-05-30T14:00,25.6,84,30.0,9.30,9.30,0.00
2025-05-30T15:00,26.0,86,31.0,1.20,1.20,0.00
2025-05-30T16:00,28.6,74,34.1,0.10,0.10,0.00
2025-05-30T17:00,28.7,73,33.2,0.00,0.00,0.00
2025-05-30T18:00,28.8,65,32.3,0.00,0.00,0.00
2025-05-30T19:00,27.9,69,31.5,0.00,0.00,0.00
2025-05-30T20:00,28.0,65,30.9,0.00,0.00,0.00
2025-05-30T21:00,27.6,65,30.5,0.00,0.00,0.00
2025-05-30T22:00,27.4,66,30.4,0.00,0.00,0.00
2025-05-30T23:00,27.3,68,30.4,0.00,0.00,0.00
2025-05-31T00:00,26.2,73,29.5,0.00,0.00,0.00
2025-05-31T01:00,26.1,73,29.1,0.00,0.00,0.00
2025-05-31T02:00,26.2,69,28.4,0.00,0.00,0.00
2025-05-31T03:00,26.2,67,27.5,0.00,0.00,0.00
2025-05-31T04:00,26.0,69,26.8,0.00,0.00,0.00
2025-05-31T05:00,25.5,73,26.3,0.00,0.00,0.00
2025-05-31T06:00,25.9,73,26.5,0.00,0.00,0.00
2025-05-31T07:00,27.0,71,27.9,0.00,0.00,0.00
2025-05-31T08:00,28.3,67,29.5,0.00,0.00,0.00
2025-05-31T09:00,30.1,59,31.5,0.00,0.00,0.00
2025-05-31T10:00,31.7,52,34.2,0.00,0.00,0.00
2025-05-31T11:00,32.9,46,36.0,0.00,0.00,0.00
2025-05-31T12:00,33.9,40,36.5,0.00,0.00,0.00
2025-05-31T13:00,34.4,34,35.6,0.00,0.00,0.00
2025-05-31T14:00,34.5,33,34.7,0.00,0.00,0.00
2025-05-31T15:00,34.3,30,33.2,0.00,0.00,0.00
2025-05-31T16:00,34.0,27,31.6,0.00,0.00,0.00
2025-05-31T17:00,32.8,30,30.9,0.00,0.00,0.00
2025-05-31T18:00,31.5,32,29.6,0.00,0.00,0.00
2025-05-31T19:00,29.9,35,28.3,0.00,0.00,0.00
2025-05-31T20:00,28.9,35,26.7,0.00,0.00,0.00
2025-05-31T21:00,28.2,37,26.0,0.00,0.00,0.00
2025-05-31T22:00,27.4,40,25.7,0.00,0.00,0.00
2025-05-31T23:00,26.4,43,24.8,0.00,0.00,0.00
2025-06-01T00:00,26.3,45,24.5,0.00,0.00,0.00
2025-06-01T01:00,26.1,49,24.1,0.00,0.00,0.00
2025-06-01T02:00,25.6,55,24.0,0.00,0.00,0.00
2025-06-01T03:00,25.0,63,23.9,0.00,0.00,0.00
2025-06-01T04:00,24.4,69,23.7,0.00,0.00,0.00
2025-06-01T05:00,24.0,72,23.4,0.00,0.00,0.00
2025-06-01T06:00,24.9,72,25.1,0.00,0.00,0.00
2025-06-01T07:00,26.1,67,26.1,0.00,0.00,0.00
2025-06-01T08:00,27.7,61,27.7,0.00,0.00,0.00
2025-06-01T09:00,29.5,56,30.5,0.00,0.00,0.00
2025-06-01T10:00,31.1,51,33.0,0.00,0.00,0.00
2025-06-01T11:00,32.5,44,34.5,0.00,0.00,0.00
2025-06-01T12:00,32.8,40,34.0,0.00,0.00,0.00
2025-06-01T13:00,33.0,38,33.4,0.00,0.00,0.00
2025-06-01T14:00,33.3,34,33.0,0.00,0.00,0.00
2025-06-01T15:00,33.2,32,32.0,0.00,0.00,0.00
2025-06-01T16:00,32.7,33,31.5,0.00,0.00,0.00
2025-06-01T17:00,32.4,34,31.9,0.00,0.00,0.00
2025-06-01T18:00,30.3,38,30.6,0.00,0.00,0.00
2025-06-01T19:00,28.5,41,28.2,0.00,0.00,0.00
2025-06-01T20:00,28.1,40,26.9,0.00,0.00,0.00
2025-06-01T21:00,27.0,44,26.4,0.00,0.00,0.00
2025-06-01T22:00,25.8,48,25.7,0.00,0.00,0.00
2025-06-01T23:00,25.2,49,24.9,0.00,0.00,0.00
2025-06-02T00:00,25.1,48,24.4,0.00,0.00,0.00
2025-06-02T01:00,25.1,47,24.0,0.00,0.00,0.00
2025-06-02T02:00,25.3,47,24.2,0.00,0.00,0.00
2025-06-02T03:00,25.2,48,24.2,0.00,0.00,0.00
2025-06-02T04:00,25.0,52,24.2,0.00,0.00,0.00
2025-06-02T05:00,24.4,59,23.8,0.00,0.00,0.00
2025-06-02T06:00,26.3,60,27.3,0.00,0.00,0.00
2025-06-02T07:00,27.4,60,28.3,0.00,0.00,0.00
2025-06-02T08:00,29.1,53,29.6,0.00,0.00,0.00
2025-06-02T09:00,30.3,47,30.8,0.00,0.00,0.00
2025-06-02T10:00,31.6,42,33.1,0.00,0.00,0.00
2025-06-02T11:00,32.2,41,34.1,0.00,0.00,0.00
2025-06-02T12:00,32.2,44,34.6,0.10,0.10,0.00
2025-06-02T13:00,32.8,43,35.3,0.00,0.00,0.00
2025-06-02T14:00,31.5,46,33.4,0.00,0.00,0.00
2025-06-02T15:00,31.9,45,33.4,0.00,0.00,0.00
2025-06-02T16:00,28.5,57,30.2,0.20,0.20,0.00
2025-06-02T17:00,27.8,58,30.9,0.10,0.10,0.00
2025-06-02T18:00,29.7,49,31.0,0.00,0.00,0.00
2025-06-02T19:00,28.0,56,30.0,0.00,0.00,0.00
2025-06-02T20:00,26.8,61,29.3,0.00,0.00,0.00
2025-06-02T21:00,26.1,64,28.5,0.00,0.00,0.00
2025-06-02T22:00,25.9,61,27.6,0.00,0.00,0.00
2025-06-02T23:00,26.3,55,26.4,0.00,0.00,0.00
2025-06-03T00:00,25.6,58,26.0,0.00,0.00,0.00
2025-06-03T01:00,25.3,61,25.6,0.00,0.00,0.00
2025-06-03T02:00,25.2,62,25.3,0.00,0.00,0.00
2025-06-03T03:00,25.3,61,24.8,0.00,0.00,0.00
2025-06-03T04:00,24.8,62,24.3,0.00,0.00,0.00
2025-06-03T05:00,24.4,64,23.9,0.00,0.00,0.00
2025-06-03T06:00,26.0,61,26.1,0.00,0.00,0.00
2025-06-03T07:00,26.5,61,26.7,0.00,0.00,0.00
2025-06-03T08:00,28.0,56,28.0,0.00,0.00,0.00
2025-06-03T09:00,29.5,48,29.6,0.00,0.00,0.00
2025-06-03T10:00,30.3,42,30.3,0.00,0.00,0.00
2025-06-03T11:00,30.7,41,31.1,0.00,0.00,0.00
2025-06-03T12:00,27.7,57,27.8,1.20,1.20,0.00
2025-06-03T13:00,30.1,49,30.8,0.00,0.00,0.00
2025-06-03T14:00,31.9,44,33.0,0.00,0.00,0.00
2025-06-03T15:00,32.3,41,32.6,0.00,0.00,0.00
2025-06-03T16:00,31.5,41,31.2,0.30,0.30,0.00
2025-06-03T17:00,31.2,39,30.5,0.00,0.00,0.00
2025-06-03T18:00,29.4,47,29.8,0.00,0.00,0.00
2025-06-03T19:00,28.5,46,28.4,0.00,0.00,0.00
2025-06-03T20:00,28.2,44,27.2,0.00,0.00,0.00
2025-06-03T21:00,27.1,51,26.5,0.00,0.00,0.00
2025-06-03T22:00,26.3,56,27.0,0.00,0.00,0.00
2025-06-03T23:00,25.5,61,26.7,0.00,0.00,0.00
2025-06-04T00:00,25.2,63,26.4,0.00,0.00,0.00
2025-06-04T01:00,25.5,61,26.6,0.00,0.00,0.00
2025-06-04T02:00,25.3,62,26.0,0.00,0.00,0.00
2025-06-04T03:00,24.2,71,25.5,0.20,0.20,0.00
2025-06-04T04:00,24.4,66,25.4,0.00,0.00,0.00
2025-06-04T05:00,24.3,66,25.4,0.00,0.00,0.00
2025-06-04T06:00,25.3,68,27.5,0.00,0.00,0.00
2025-06-04T07:00,26.7,61,28.4,0.00,0.00,0.00
2025-06-04T08:00,28.3,56,29.2,0.00,0.00,0.00
2025-06-04T09:00,29.2,53,30.3,0.10,0.10,0.00
2025-06-04T10:00,29.9,50,31.4,0.00,0.00,0.00
2025-06-04T11:00,31.0,46,33.6,0.00,0.00,0.00
2025-06-04T12:00,31.8,43,34.5,0.00,0.00,0.00
2025-06-04T13:00,32.4,40,34.3,0.00,0.00,0.00
2025-06-04T14:00,29.3,51,29.8,0.30,0.30,0.00
2025-06-04T15:00,30.1,45,31.0,0.20,0.20,0.00
2025-06-04T16:00,30.6,43,31.7,0.00,0.00,0.00
2025-06-04T17:00,29.7,47,31.2,0.00,0.00,0.00
2025-06-04T18:00,26.6,67,28.4,0.00,0.00,0.00
2025-06-04T19:00,27.2,58,28.7,0.00,0.00,0.00
2025-06-04T20:00,27.1,56,28.4,0.00,0.00,0.00
2025-06-04T21:00,26.2,60,28.0,0.00,0.00,0.00
2025-06-04T22:00,25.6,63,27.1,0.00,0.00,0.00
2025-06-04T23:00,25.3,64,26.9,0.00,0.00,0.00
2025-06-05T00:00,25.0,64,26.8,0.00,0.00,0.00
2025-06-05T01:00,24.3,66,26.4,0.00,0.00,0.00
2025-06-05T02:00,24.6,62,25.6,0.00,0.00,0.00
2025-06-05T03:00,24.7,58,25.9,0.00,0.00,0.00
2025-06-05T04:00,24.0,60,24.6,0.00,0.00,0.00
2025-06-05T05:00,24.0,59,24.7,0.00,0.00,0.00
2025-06-05T06:00,25.3,66,26.8,0.00,0.00,0.00
2025-06-05T07:00,27.0,61,29.0,0.00,0.00,0.00
2025-06-05T08:00,29.2,48,30.4,0.00,0.00,0.00
2025-06-05T09:00,30.6,42,32.0,0.00,0.00,0.00
2025-06-05T10:00,31.4,40,33.6,0.00,0.00,0.00
2025-06-05T11:00,32.4,37,35.4,0.00,0.00,0.00
2025-06-05T12:00,33.3,35,36.7,0.00,0.00,0.00
2025-06-05T13:00,33.9,33,37.0,0.00,0.00,0.00
2025-06-05T14:00,34.1,32,36.8,0.00,0.00,0.00
2025-06-05T15:00,34.2,31,36.1,0.00,0.00,0.00
2025-06-05T16:00,33.8,29,34.5,0.00,0.00,0.00
2025-06-05T17:00,33.2,31,33.5,0.00,0.00,0.00
2025-06-05T18:00,31.2,33,30.9,0.00,0.00,0.00
2025-06-05T19:00,29.3,35,28.7,0.00,0.00,0.00
2025-06-05T20:00,28.3,38,27.3,0.00,0.00,0.00
2025-06-05T21:00,27.6,37,26.6,0.00,0.00,0.00
2025-06-05T22:00,26.7,37,25.8,0.00,0.00,0.00
2025-06-05T23:00,26.2,38,24.8,0.00,0.00,0.00
2025-06-06T00:00,25.8,43,24.6,0.00,0.00,0.00
2025-06-06T01:00,25.5,46,24.5,0.00,0.00,0.00
2025-06-06T02:00,25.2,48,24.5,0.00,0.00,0.00
2025-06-06T03:00,24.8,51,24.2,0.00,0.00,0.00
2025-06-06T04:00,24.4,53,24.0,0.00,0.00,0.00
2025-06-06T05:00,24.2,55,23.8,0.00,0.00,0.00
2025-06-06T06:00,25.9,55,26.2,0.00,0.00,0.00
2025-06-06T07:00,28.4,50,29.3,0.00,0.00,0.00
2025-06-06T08:00,30.9,39,31.1,0.00,0.00,0.00
2025-06-06T09:00,32.5,34,33.0,0.00,0.00,0.00
2025-06-06T10:00,33.7,30,35.1,0.00,0.00,0.00
2025-06-06T11:00,34.6,26,35.8,0.00,0.00,0.00
2025-06-06T12:00,35.4,24,36.7,0.00,0.00,0.00
2025-06-06T13:00,35.9,23,36.6,0.00,0.00,0.00
2025-06-06T14:00,35.8,23,35.4,0.00,0.00,0.00
2025-06-06T15:00,34.7,25,32.3,0.00,0.00,0.00
2025-06-06T16:00,33.7,27,31.4,0.00,0.00,0.00
2025-06-06T17:00,33.2,29,31.8,0.00,0.00,0.00
2025-06-06T18:00,31.7,35,31.6,0.00,0.00,0.00
2025-06-06T19:00,29.8,39,30.0,0.00,0.00,0.00
2025-06-06T20:00,29.1,41,28.7,0.00,0.00,0.00
2025-06-06T21:00,28.6,42,28.2,0.00,0.00,0.00
2025-06-06T22:00,27.7,46,27.6,0.00,0.00,0.00
2025-06-06T23:00,26.9,48,26.8,0.00,0.00,0.00
2025-06-07T00:00,26.3,49,26.2,0.00,0.00,0.00
2025-06-07T01:00,25.9,51,25.8,0.00,0.00,0.00
2025-06-07T02:00,25.5,52,25.4,0.00,0.00,0.00
2025-06-07T03:00,25.5,53,25.5,0.00,0.00,0.00
2025-06-07T04:00,25.6,53,25.6,0.00,0.00,0.00
2025-06-07T05:00,25.6,54,26.0,0.00,0.00,0.00
2025-06-07T06:00,27.5,55,28.6,0.00,0.00,0.00
2025-06-07T07:00,28.2,51,29.1,0.00,0.00,0.00
2025-06-07T08:00,28.9,49,30.1,0.00,0.00,0.00
2025-06-07T09:00,29.9,47,30.7,0.00,0.00,0.00
2025-06-07T10:00,30.2,46,30.7,0.00,0.00,0.00
2025-06-07T11:00,32.0,39,32.5,0.00,0.00,0.00
2025-06-07T12:00,33.9,34,36.1,0.00,0.00,0.00
2025-06-07T13:00,34.5,34,36.4,0.00,0.00,0.00
2025-06-07T14:00,35.0,34,36.9,0.00,0.00,0.00
2025-06-07T15:00,35.0,33,35.6,0.00,0.00,0.00
2025-06-07T16:00,34.2,35,33.7,0.00,0.00,0.00
2025-06-07T17:00,33.3,38,33.7,0.00,0.00,0.00
2025-06-07T18:00,31.8,40,33.1,0.00,0.00,0.00
2025-06-07T19:00,30.4,43,31.3,0.00,0.00,0.00
2025-06-07T20:00,29.9,46,31.1,0.00,0.00,0.00
2025-06-07T21:00,28.7,51,30.4,0.00,0.00,0.00
2025-06-07T22:00,28.7,50,29.5,0.00,0.00,0.00
2025-06-07T23:00,28.3,51,29.1,0.00,0.00,0.00
2025-06-08T00:00,28.0,52,28.4,0.00,0.00,0.00
2025-06-08T01:00,28.2,48,27.4,0.00,0.00,0.00
2025-06-08T02:00,27.9,49,27.1,0.00,0.00,0.00
2025-06-08T03:00,27.4,52,26.6,0.00,0.00,0.00
2025-06-08T04:00,27.2,54,26.3,0.00,0.00,0.00
2025-06-08T05:00,26.9,55,26.2,0.00,0.00,0.00
2025-06-08T06:00,28.1,52,27.0,0.00,0.00,0.00
2025-06-08T07:00,29.3,52,28.8,0.00,0.00,0.00
2025-06-08T08:00,31.0,45,29.9,0.00,0.00,0.00
2025-06-08T09:00,32.6,40,31.6,0.00,0.00,0.00
2025-06-08T10:00,34.1,37,34.1,0.00,0.00,0.00
2025-06-08T11:00,35.7,33,36.5,0.00,0.00,0.00
2025-06-08T12:00,36.7,27,36.7,0.00,0.00,0.00
2025-06-08T13:00,36.3,27,35.6,0.00,0.00,0.00
2025-06-08T14:00,36.4,26,35.5,0.00,0.00,0.00
2025-06-08T15:00,35.4,28,34.3,0.00,0.00,0.00
2025-06-08T16:00,35.9,29,35.8,0.00,0.00,0.00
2025-06-08T17:00,35.3,31,35.9,0.00,0.00,0.00
2025-06-08T18:00,33.5,33,33.8,0.00,0.00,0.00
2025-06-08T19:00,31.5,36,31.4,0.00,0.00,0.00
2025-06-08T20:00,30.8,37,30.4,0.00,0.00,0.00
2025-06-08T21:00,30.5,39,29.9,0.00,0.00,0.00
2025-06-08T22:00,30.1,39,29.4,0.00,0.00,0.00
2025-06-08T23:00,29.4,40,28.6,0.00,0.00,0.00
2025-06-09T00:00,29.3,40,27.7,0.00,0.00,0.00
2025-06-09T01:00,29.4,40,27.4,0.00,0.00,0.00
2025-06-09T02:00,28.3,45,26.4,0.00,0.00,0.00
2025-06-09T03:00,28.1,47,26.3,0.00,0.00,0.00
2025-06-09T04:00,27.6,49,26.1,0.00,0.00,0.00
2025-06-09T05:00,27.2,52,25.8,0.00,0.00,0.00
2025-06-09T06:00,28.5,51,28.0,0.00,0.00,0.00
2025-06-09T07:00,30.0,51,30.3,0.00,0.00,0.00
2025-06-09T08:00,32.0,45,31.9,0.00,0.00,0.00
2025-06-09T09:00,33.7,40,33.5,0.00,0.00,0.00
2025-06-09T10:00,35.4,35,36.0,0.00,0.00,0.00
2025-06-09T11:00,36.7,31,38.1,0.00,0.00,0.00
2025-06-09T12:00,37.7,26,38.1,0.00,0.00,0.00
2025-06-09T13:00,37.5,27,37.6,0.00,0.00,0.00
2025-06-09T14:00,37.9,26,37.8,0.00,0.00,0.00
2025-06-09T15:00,38.1,23,37.1,0.00,0.00,0.00
2025-06-09T16:00,37.9,22,36.4,0.00,0.00,0.00
2025-06-09T17:00,36.6,26,36.2,0.00,0.00,0.00
2025-06-09T18:00,33.4,35,34.6,0.00,0.00,0.00
2025-06-09T19:00,31.6,32,31.2,0.00,0.00,0.00
2025-06-09T20:00,31.3,29,30.0,0.00,0.00,0.00
2025-06-09T21:00,31.0,29,29.7,0.00,0.00,0.00
2025-06-09T22:00,30.0,34,29.9,0.00,0.00,0.00
2025-06-09T23:00,29.0,35,28.6,0.00,0.00,0.00
2025-06-10T00:00,28.1,38,27.7,0.00,0.00,0.00
2025-06-10T01:00,27.8,39,25.4,0.00,0.00,0.00
2025-06-10T02:00,28.0,41,26.1,0.00,0.00,0.00
2025-06-10T03:00,27.5,43,25.4,0.00,0.00,0.00
2025-06-10T04:00,27.4,43,25.4,0.00,0.00,0.00
2025-06-10T05:00,26.8,44,25.4,0.00,0.00,0.00
2025-06-10T06:00,28.0,50,26.8,0.00,0.00,0.00
2025-06-10T07:00,29.7,50,29.8,0.00,0.00,0.00
2025-06-10T08:00,32.3,44,32.4,0.00,0.00,0.00
2025-06-10T09:00,34.5,37,34.9,0.00,0.00,0.00
2025-06-10T10:00,36.5,32,37.7,0.00,0.00,0.00
2025-06-10T11:00,38.1,24,37.3,0.00,0.00,0.00
2025-06-10T12:00,37.1,26,35.7,0.00,0.00,0.00
2025-06-10T13:00,38.5,25,38.7,0.00,0.00,0.00
2025-06-10T14:00,38.6,24,38.6,0.00,0.00,0.00
2025-06-10T15:00,38.0,24,37.2,0.00,0.00,0.00
2025-06-10T16:00,38.8,23,38.6,0.00,0.00,0.00
2025-06-10T17:00,37.0,26,36.5,0.00,0.00,0.00
2025-06-10T18:00,35.4,23,33.9,0.00,0.00,0.00
2025-06-10T19:00,32.5,31,32.1,0.00,0.00,0.00
2025-06-10T20:00,30.7,42,30.7,0.00,0.00,0.00
2025-06-10T21:00,29.5,49,31.3,0.00,0.00,0.00
2025-06-10T22:00,29.3,50,30.7,0.00,0.00,0.00
2025-06-10T23:00,28.7,53,30.4,0.00,0.00,0.00
2025-06-11T00:00,27.4,60,30.0,0.00,0.00,0.00
2025-06-11T01:00,26.9,64,29.8,0.00,0.00,0.00
2025-06-11T02:00,26.4,64,28.9,0.00,0.00,0.00
2025-06-11T03:00,26.1,65,28.8,0.00,0.00,0.00
2025-06-11T04:00,26.0,67,29.0,0.00,0.00,0.00
2025-06-11T05:00,26.1,67,29.6,0.00,0.00,0.00
2025-06-11T06:00,27.0,63,30.2,0.00,0.00,0.00
2025-06-11T07:00,28.9,54,31.8,0.00,0.00,0.00
2025-06-11T08:00,30.6,49,33.2,0.00,0.00,0.00
2025-06-11T09:00,32.2,46,35.2,0.00,0.00,0.00
2025-06-11T10:00,33.5,43,37.1,0.00,0.00,0.00
2025-06-11T11:00,34.0,43,37.4,0.10,0.10,0.00
2025-06-11T12:00,35.0,40,38.7,0.00,0.00,0.00
2025-06-11T13:00,35.8,37,39.0,0.00,0.00,0.00
2025-06-11T14:00,36.6,35,39.2,0.00,0.00,0.00
2025-06-11T15:00,36.7,35,38.7,0.00,0.00,0.00
2025-06-11T16:00,36.2,36,37.8,0.00,0.00,0.00
2025-06-11T17:00,35.2,38,37.1,0.00,0.00,0.00
2025-06-11T18:00,33.2,44,34.9,0.00,0.00,0.00
2025-06-11T19:00,31.4,51,33.6,0.00,0.00,0.00
2025-06-11T20:00,30.4,54,32.9,0.00,0.00,0.00
2025-06-11T21:00,29.7,57,32.2,0.00,0.00,0.00
2025-06-11T22:00,28.9,60,31.8,0.00,0.00,0.00
2025-06-11T23:00,28.2,66,32.1,0.00,0.00,0.00
2025-06-12T00:00,27.9,67,31.9,0.00,0.00,0.00
2025-06-12T01:00,27.3,69,31.0,0.00,0.00,0.00
2025-06-12T02:00,27.1,69,30.9,0.00,0.00,0.00
2025-06-12T03:00,26.8,67,30.0,0.00,0.00,0.00
2025-06-12T04:00,26.5,67,29.2,0.00,0.00,0.00
2025-06-12T05:00,26.1,69,28.4,0.00,0.00,0.00
2025-06-12T06:00,28.0,68,32.4,0.00,0.00,0.00
2025-06-12T07:00,29.8,59,33.8,0.00,0.00,0.00
2025-06-12T08:00,31.0,55,34.7,0.00,0.00,0.00
2025-06-12T09:00,32.1,52,36.1,0.00,0.00,0.00
2025-06-12T10:00,33.1,49,37.8,0.00,0.00,0.00
2025-06-12T11:00,34.3,47,39.3,0.00,0.00,0.00
2025-06-12T12:00,34.9,45,39.2,0.00,0.00,0.00
2025-06-12T13:00,35.2,43,38.8,0.00,0.00,0.00
2025-06-12T14:00,35.7,41,38.8,0.00,0.00,0.00
2025-06-12T15:00,35.8,38,37.7,0.00,0.00,0.00
2025-06-12T16:00,35.5,38,36.5,0.00,0.00,0.00
2025-06-12T17:00,34.3,40,35.2,0.00,0.00,0.00
2025-06-12T18:00,32.6,48,34.9,0.00,0.00,0.00
2025-06-12T19:00,31.4,52,34.7,0.00,0.00,0.00
2025-06-12T20:00,30.7,56,33.7,0.00,0.00,0.00
2025-06-12T21:00,30.0,57,32.5,0.00,0.00,0.00
2025-06-12T22:00,29.1,60,32.0,0.00,0.00,0.00
2025-06-12T23:00,28.4,63,31.6,0.00,0.00,0.00
2025-06-13T00:00,27.9,65,31.0,0.00,0.00,0.00
2025-06-13T01:00,27.3,68,30.6,0.00,0.00,0.00
2025-06-13T02:00,26.6,71,30.1,0.00,0.00,0.00
2025-06-13T03:00,26.1,75,29.6,0.00,0.00,0.00
2025-06-13T04:00,25.6,77,29.4,0.00,0.00,0.00
2025-06-13T05:00,25.3,78,29.0,0.00,0.00,0.00
2025-06-13T06:00,26.7,74,30.0,0.00,0.00,0.00
2025-06-13T07:00,28.0,73,32.0,0.00,0.00,0.00
2025-06-13T08:00,29.4,68,33.2,0.00,0.00,0.00
2025-06-13T09:00,30.7,61,34.6,0.00,0.00,0.00
2025-06-13T10:00,32.1,56,37.2,0.00,0.00,0.00
2025-06-13T11:00,33.1,52,38.5,0.00,0.00,0.00
2025-06-13T12:00,33.8,49,39.2,0.00,0.00,0.00
2025-06-13T13:00,34.3,46,38.9,0.00,0.00,0.00
2025-06-13T14:00,34.7,45,38.9,0.00,0.00,0.00
2025-06-13T15:00,34.7,44,38.1,0.00,0.00,0.00
2025-06-13T16:00,34.2,45,36.9,0.00,0.00,0.00
2025-06-13T17:00,33.5,46,36.2,0.00,0.00,0.00
2025-06-13T18:00,32.2,50,34.7,0.00,0.00,0.00
2025-06-13T19:00,30.7,57,34.0,0.00,0.00,0.00
2025-06-13T20:00,29.6,63,33.2,0.00,0.00,0.00
2025-06-13T21:00,28.9,65,32.1,0.00,0.00,0.00
2025-06-13T22:00,28.6,65,31.5,0.00,0.00,0.00
2025-06-13T23:00,28.3,67,31.4,0.00,0.00,0.00
2025-06-14T00:00,27.8,69,30.9,0.00,0.00,0.00
2025-06-14T01:00,27.4,72,30.8,0.00,0.00,0.00
2025-06-14T02:00,27.0,73,30.6,0.00,0.00,0.00
2025-06-14T03:00,26.6,75,30.3,0.00,0.00,0.00
2025-06-14T04:00,26.3,77,30.0,0.00,0.00,0.00
2025-06-14T05:00,25.8,80,29.6,0.00,0.00,0.00
2025-06-14T06:00,27.1,78,31.4,0.00,0.00,0.00
2025-06-14T07:00,28.7,69,32.4,0.00,0.00,0.00
2025-06-14T08:00,30.2,61,33.6,0.00,0.00,0.00
2025-06-14T09:00,31.6,56,35.4,0.00,0.00,0.00
2025-06-14T10:00,32.8,52,37.9,0.00,0.00,0.00
2025-06-14T11:00,34.1,48,39.4,0.00,0.00,0.00
2025-06-14T12:00,34.6,45,39.4,0.00,0.00,0.00
2025-06-14T13:00,35.1,44,39.6,0.00,0.00,0.00
2025-06-14T14:00,35.1,44,39.1,0.00,0.00,0.00
2025-06-14T15:00,34.9,43,38.1,0.00,0.00,0.00
2025-06-14T16:00,32.3,53,34.8,0.40,0.40,0.00
2025-06-14T17:00,32.3,50,35.4,0.00,0.00,0.00
2025-06-14T18:00,26.9,79,30.2,2.50,2.50,0.00
2025-06-14T19:00,27.1,78,31.4,0.10,0.10,0.00
2025-06-14T20:00,27.5,73,31.6,0.00,0.00,0.00
2025-06-14T21:00,27.4,73,31.0,0.00,0.00,0.00
2025-06-14T22:00,27.2,73,31.1,0.00,0.00,0.00
2025-06-14T23:00,27.0,74,30.9,0.00,0.00,0.00
2025-06-15T00:00,26.5,76,29.2,0.00,0.00,0.00
2025-06-15T01:00,25.7,81,28.8,0.00,0.00,0.00
2025-06-15T02:00,25.4,83,28.8,0.00,0.00,0.00
2025-06-15T03:00,25.0,84,28.7,0.00,0.00,0.00
2025-06-15T04:00,24.8,84,28.7,0.00,0.00,0.00
2025-06-15T05:00,24.6,85,28.7,0.00,0.00,0.00
2025-06-15T06:00,25.4,81,29.8,0.00,0.00,0.00
2025-06-15T07:00,27.0,74,30.9,0.00,0.00,0.00
2025-06-15T08:00,28.6,68,32.5,0.00,0.00,0.00
2025-06-15T09:00,30.3,60,34.3,0.00,0.00,0.00
2025-06-15T10:00,31.4,57,36.0,0.00,0.00,0.00
2025-06-15T11:00,32.4,54,37.5,0.00,0.00,0.00
2025-06-15T12:00,33.2,51,38.5,0.00,0.00,0.00
2025-06-15T13:00,33.8,50,38.7,0.00,0.00,0.00
2025-06-15T14:00,34.0,48,38.4,0.00,0.00,0.00
2025-06-15T15:00,34.1,48,37.6,0.00,0.00,0.00
2025-06-15T16:00,33.6,49,36.6,0.00,0.00,0.00
2025-06-15T17:00,32.5,52,35.0,0.00,0.00,0.00
2025-06-15T18:00,28.1,67,31.3,0.10,0.10,0.00
2025-06-15T19:00,27.1,72,29.9,0.00,0.00,0.00
2025-06-15T20:00,26.7,74,29.4,0.00,0.00,0.00
2025-06-15T21:00,26.5,78,29.7,0.00,0.00,0.00
2025-06-15T22:00,26.4,77,29.8,0.00,0.00,0.00
2025-06-15T23:00,26.5,75,29.7,0.00,0.00,0.00
2025-06-16T00:00,26.4,76,29.4,0.00,0.00,0.00
2025-06-16T01:00,26.0,78,29.3,0.00,0.00,0.00
2025-06-16T02:00,25.7,80,29.1,0.00,0.00,0.00
2025-06-16T03:00,25.3,82,29.0,0.00,0.00,0.00
2025-06-16T04:00,25.1,83,28.6,0.00,0.00,0.00
2025-06-16T05:00,24.9,84,28.5,0.00,0.00,0.00
2025-06-16T06:00,25.5,82,28.8,0.00,0.00,0.00
2025-06-16T07:00,26.6,77,29.6,0.00,0.00,0.00
2025-06-16T08:00,27.6,72,30.6,0.10,0.10,0.00
2025-06-16T09:00,28.9,67,32.0,0.10,0.10,0.00
2025-06-16T10:00,29.9,64,33.6,0.00,0.00,0.00
2025-06-16T11:00,31.0,59,35.2,0.00,0.00,0.00
2025-06-16T12:00,31.9,55,35.5,0.00,0.00,0.00
2025-06-16T13:00,32.4,51,34.8,0.00,0.00,0.00
2025-06-16T14:00,33.1,48,35.7,0.00,0.00,0.00
2025-06-16T15:00,31.5,55,34.1,0.60,0.60,0.00
2025-06-16T16:00,30.7,58,32.8,0.20,0.20,0.00
2025-06-16T17:00,27.0,75,28.9,0.10,0.10,0.00
2025-06-16T18:00,29.1,62,30.5,0.00,0.00,0.00
2025-06-16T19:00,28.4,67,30.9,0.00,0.00,0.00
2025-06-16T20:00,27.9,71,30.5,0.00,0.00,0.00
2025-06-16T21:00,24.7,87,26.3,0.50,0.50,0.00
2025-06-16T22:00,23.3,94,25.9,0.50,0.50,0.00
2025-06-16T23:00,23.4,95,26.9,0.20,0.20,0.00
2025-06-17T00:00,23.2,96,26.4,0.10,0.10,0.00
2025-06-17T01:00,23.0,98,26.1,0.00,0.00,0.00
2025-06-17T02:00,23.3,96,26.6,0.00,0.00,0.00
2025-06-17T03:00,23.1,97,26.8,0.00,0.00,0.00
2025-06-17T04:00,23.1,98,26.8,0.00,0.00,0.00
2025-06-17T05:00,23.2,97,26.8,0.00,0.00,0.00
2025-06-17T06:00,24.2,92,27.6,0.00,0.00,0.00
2025-06-17T07:00,25.6,82,28.4,0.00,0.00,0.00
2025-06-17T08:00,26.6,76,29.2,0.00,0.00,0.00
2025-06-17T09:00,27.4,70,30.1,0.00,0.00,0.00
2025-06-17T10:00,27.4,70,30.0,0.00,0.00,0.00
2025-06-17T11:00,28.2,67,31.2,0.00,0.00,0.00
2025-06-17T12:00,28.6,65,31.6,0.10,0.10,0.00
2025-06-17T13:00,28.4,64,30.3,0.00,0.00,0.00
2025-06-17T14:00,28.9,63,31.3,0.00,0.00,0.00
2025-06-17T15:00,28.2,71,31.0,0.80,0.80,0.00
2025-06-17T16:00,29.6,63,32.4,0.40,0.40,0.00
2025-06-17T17:00,29.0,63,31.0,0.00,0.00,0.00
2025-06-17T18:00,29.1,59,31.3,0.00,0.00,0.00
2025-06-17T19:00,28.3,59,30.6,0.00,0.00,0.00
2025-06-17T20:00,28.3,59,30.1,0.00,0.00,0.00
2025-06-17T21:00,27.9,59,29.5,0.00,0.00,0.00
2025-06-17T22:00,27.4,61,29.3,0.00,0.00,0.00
2025-06-17T23:00,26.8,63,29.0,0.00,0.00,0.00
2025-06-18T00:00,26.6,65,29.0,0.00,0.00,0.00
2025-06-18T01:00,26.4,66,28.8,0.00,0.00,0.00
2025-06-18T02:00,26.3,65,28.1,0.00,0.00,0.00
2025-06-18T03:00,26.1,65,27.2,0.00,0.00,0.00
2025-06-18T04:00,25.8,67,26.9,0.00,0.00,0.00
2025-06-18T05:00,25.1,69,26.4,0.00,0.00,0.00
2025-06-18T06:00,25.7,67,26.4,0.00,0.00,0.00
2025-06-18T07:00,26.4,65,27.3,0.00,0.00,0.00
2025-06-18T08:00,27.2,64,28.5,0.00,0.00,0.00
2025-06-18T09:00,28.7,58,30.0,0.00,0.00,0.00
2025-06-18T10:00,29.8,53,31.6,0.00,0.00,0.00
2025-06-18T11:00,31.9,45,34.1,0.00,0.00,0.00
2025-06-18T12:00,32.8,41,33.8,0.00,0.00,0.00
2025-06-18T13:00,33.1,42,34.6,0.00,0.00,0.00
2025-06-18T14:00,30.8,54,32.8,0.30,0.30,0.00
2025-06-18T15:00,30.3,58,32.6,0.60,0.60,0.00
2025-06-18T16:00,29.4,61,30.1,0.20,0.20,0.00
2025-06-18T17:00,27.4,71,29.0,0.00,0.00,0.00
2025-06-18T18:00,27.4,73,30.0,0.00,0.00,0.00
2025-06-18T19:00,26.5,77,29.8,0.00,0.00,0.00
2025-06-18T20:00,26.1,78,28.9,0.00,0.00,0.00
2025-06-18T21:00,26.1,78,28.7,0.00,0.00,0.00
2025-06-18T22:00,26.0,79,28.2,0.00,0.00,0.00
2025-06-18T23:00,25.5,81,27.5,0.00,0.00,0.00
2025-06-19T00:00,24.4,88,26.3,0.00,0.00,0.00
2025-06-19T01:00,23.9,90,26.5,0.00,0.00,0.00
2025-06-19T02:00,23.8,91,26.6,0.00,0.00,0.00
2025-06-19T03:00,23.7,92,26.4,0.00,0.00,0.00
2025-06-19T04:00,23.6,93,26.3,0.00,0.00,0.00
2025-06-19T05:00,23.5,94,26.5,0.00,0.00,0.00
2025-06-19T06:00,24.4,92,27.3,0.10,0.10,0.00
2025-06-19T07:00,24.5,90,27.0,0.20,0.20,0.00
2025-06-19T08:00,25.4,84,27.9,0.10,0.10,0.00
2025-06-19T09:00,27.2,74,29.6,0.20,0.20,0.00
2025-06-19T10:00,28.5,68,30.9,0.10,0.10,0.00
2025-06-19T11:00,29.0,65,31.2,0.10,0.10,0.00
2025-06-19T12:00,29.7,62,31.9,0.10,0.10,0.00
2025-06-19T13:00,30.7,59,33.5,0.10,0.10,0.00
2025-06-19T14:00,30.9,58,33.2,0.00,0.00,0.00
2025-06-19T15:00,31.2,58,33.0,0.00,0.00,0.00
2025-06-19T16:00,29.7,64,32.3,1.10,1.10,0.00
2025-06-19T17:00,26.7,79,28.6,0.50,0.50,0.00
2025-06-19T18:00,26.0,78,26.6,0.10,0.10,0.00
2025-06-19T19:00,24.8,84,26.7,0.10,0.10,0.00
2025-06-19T20:00,24.3,88,26.8,0.00,0.00,0.00
2025-06-19T21:00,24.5,85,26.8,0.00,0.00,0.00
2025-06-19T22:00,24.2,79,25.5,0.00,0.00,0.00
2025-06-19T23:00,23.8,82,25.6,0.00,0.00,0.00
2025-06-20T00:00,23.1,87,25.2,0.20,0.20,0.00
2025-06-20T01:00,22.5,87,24.3,0.20,0.20,0.00
2025-06-20T02:00,22.3,87,23.8,0.20,0.20,0.00
2025-06-20T03:00,21.9,91,23.7,0.20,0.20,0.00
2025-06-20T04:00,21.7,94,23.9,0.20,0.20,0.00
2025-06-20T05:00,21.7,97,23.9,2.20,2.20,0.00
2025-06-20T06:00,22.0,98,24.7,0.70,0.70,0.00
2025-06-20T07:00,23.3,92,25.6,0.10,0.10,0.00
2025-06-20T08:00,24.9,83,26.3,0.10,0.10,0.00
2025-06-20T09:00,25.1,81,26.7,0.20,0.20,0.00
2025-06-20T10:00,25.1,82,27.6,0.30,0.30,0.00
2025-06-20T11:00,27.3,66,28.4,0.10,0.10,0.00
2025-06-20T12:00,28.8,55,29.1,0.00,0.00,0.00
2025-06-20T13:00,28.9,54,28.7,0.00,0.00,0.00
2025-06-20T14:00,30.4,47,29.7,0.00,0.00,0.00
2025-06-20T15:00,30.5,47,30.0,0.00,0.00,0.00
2025-06-20T16:00,29.1,54,29.6,0.00,0.00,0.00
2025-06-20T17:00,28.7,60,30.3,0.00,0.00,0.00
2025-06-20T18:00,27.3,67,29.9,0.00,0.00,0.00
2025-06-20T19:00,26.3,71,29.0,0.00,0.00,0.00
2025-06-20T20:00,25.9,71,28.3,0.00,0.00,0.00
2025-06-20T21:00,25.5,72,27.8,0.00,0.00,0.00
2025-06-20T22:00,25.2,74,27.6,0.00,0.00,0.00
2025-06-20T23:00,25.0,75,27.4,0.00,0.00,0.00
2025-06-21T00:00,24.7,77,27.0,0.00,0.00,0.00
2025-06-21T01:00,24.6,77,26.7,0.00,0.00,0.00
2025-06-21T02:00,24.4,79,26.7,0.00,0.00,0.00
2025-06-21T03:00,24.0,81,26.3,0.00,0.00,0.00
2025-06-21T04:00,23.8,80,25.5,0.00,0.00,0.00
2025-06-21T05:00,23.4,80,25.1,0.00,0.00,0.00
2025-06-21T06:00,24.3,76,25.6,0.00,0.00,0.00
2025-06-21T07:00,25.0,74,26.1,0.00,0.00,0.00
2025-06-21T08:00,26.1,70,26.8,0.00,0.00,0.00
2025-06-21T09:00,26.9,67,27.9,0.00,0.00,0.00
2025-06-21T10:00,27.8,65,28.7,0.10,0.10,0.00
2025-06-21T11:00,28.7,61,29.5,0.20,0.20,0.00
2025-06-21T12:00,29.4,58,30.1,0.10,0.10,0.00
2025-06-21T13:00,30.3,55,32.2,0.00,0.00,0.00
2025-06-21T14:00,30.5,55,32.5,0.00,0.00,0.00
2025-06-21T15:00,30.8,53,32.3,0.00,0.00,0.00
2025-06-21T16:00,31.0,51,32.0,0.10,0.10,0.00
2025-06-21T17:00,30.3,52,31.1,0.00,0.00,0.00
2025-06-21T18:00,27.6,66,29.7,0.40,0.40,0.00
2025-06-21T19:00,25.8,77,28.7,0.40,0.40,0.00
2025-06-21T20:00,24.6,86,28.0,3.80,3.80,0.00
2025-06-21T21:00,23.9,91,27.0,3.40,3.40,0.00
2025-06-21T22:00,23.7,92,26.9,1.80,1.80,0.00
2025-06-21T23:00,23.5,94,26.6,1.50,1.50,0.00
2025-06-22T00:00,23.3,95,26.3,0.80,0.80,0.00
2025-06-22T01:00,23.2,95,26.3,0.40,0.40,0.00
2025-06-22T02:00,23.3,92,25.7,0.40,0.40,0.00
2025-06-22T03:00,23.1,92,25.4,0.00,0.00,0.00
2025-06-22T04:00,23.0,92,25.2,0.10,0.10,0.00
2025-06-22T05:00,23.0,91,24.9,0.00,0.00,0.00
2025-06-22T06:00,23.0,93,25.4,0.50,0.50,0.00
2025-06-22T07:00,23.6,90,26.0,0.20,0.20,0.00
2025-06-22T08:00,24.9,81,26.2,0.20,0.20,0.00
2025-06-22T09:00,25.4,76,26.5,0.10,0.10,0.00
2025-06-22T10:00,26.3,72,27.2,0.10,0.10,0.00
2025-06-22T11:00,27.9,63,28.3,0.00,0.00,0.00
2025-06-22T12:00,28.9,60,29.3,0.00,0.00,0.00
2025-06-22T13:00,29.0,59,29.7,0.00,0.00,0.00
2025-06-22T14:00,29.2,59,30.1,0.00,0.00,0.00
2025-06-22T15:00,28.4,64,30.1,0.00,0.00,0.00
2025-06-22T16:00,26.0,81,28.8,1.50,1.50,0.00
2025-06-22T17:00,26.0,79,29.0,1.50,1.50,0.00
2025-06-22T18:00,25.8,74,27.9,0.00,0.00,0.00
2025-06-22T19:00,24.9,79,27.4,0.00,0.00,0.00
2025-06-22T20:00,24.3,84,27.5,0.00,0.00,0.00
2025-06-22T21:00,24.3,85,27.3,0.00,0.00,0.00
2025-06-22T22:00,24.1,86,26.8,0.10,0.10,0.00
2025-06-22T23:00,23.9,88,26.5,0.00,0.00,0.00
2025-06-23T00:00,23.6,89,26.1,0.10,0.10,0.00
2025-06-23T01:00,23.4,91,25.8,0.00,0.00,0.00
2025-06-23T02:00,23.3,91,25.5,0.00,0.00,0.00
2025-06-23T03:00,23.1,90,25.1,0.00,0.00,0.00
2025-06-23T04:00,23.1,89,24.9,0.00,0.00,0.00
2025-06-23T05:00,22.9,89,24.7,0.00,0.00,0.00
2025-06-23T06:00,23.8,87,25.7,0.00,0.00,0.00
2025-06-23T07:00,25.0,80,26.1,0.00,0.00,0.00
2025-06-23T08:00,26.2,73,26.9,0.00,0.00,0.00
2025-06-23T09:00,27.9,64,28.3,0.00,0.00,0.00
2025-06-23T10:00,28.7,61,29.5,0.00,0.00,0.00
2025-06-23T11:00,30.3,56,32.3,0.00,0.00,0.00
2025-06-23T12:00,30.6,55,32.8,0.10,0.10,0.00
2025-06-23T13:00,30.6,56,33.4,0.40,0.40,0.00
2025-06-23T14:00,27.8,71,30.1,1.50,1.50,0.00
2025-06-23T15:00,27.2,75,30.2,2.20,2.20,0.00
2025-06-23T16:00,26.7,76,28.9,1.30,1.30,0.00
2025-06-23T17:00,26.3,79,29.0,0.00,0.00,0.00
2025-06-23T18:00,25.1,85,28.1,0.10,0.10,0.00
2025-06-23T19:00,24.5,88,27.5,0.70,0.70,0.00
2025-06-23T20:00,24.0,92,27.4,0.90,0.90,0.00
2025-06-23T21:00,24.1,91,27.0,0.00,0.00,0.00
2025-06-23T22:00,23.9,90,26.6,0.10,0.10,0.00
2025-06-23T23:00,23.7,91,26.2,0.20,0.20,0.00
2025-06-24T00:00,23.3,94,25.9,0.10,0.10,0.00
2025-06-24T01:00,23.4,94,25.7,0.10,0.10,0.00
2025-06-24T02:00,23.2,94,25.5,0.10,0.10,0.00
2025-06-24T03:00,23.1,94,25.4,0.20,0.20,0.00
2025-06-24T04:00,23.0,94,25.2,0.10,0.10,0.00
2025-06-24T05:00,22.9,94,25.2,0.00,0.00,0.00
2025-06-24T06:00,23.6,92,26.1,0.10,0.10,0.00
2025-06-24T07:00,24.1,91,27.1,0.10,0.10,0.00
2025-06-24T08:00,25.4,82,27.5,0.10,0.10,0.00
2025-06-24T09:00,26.8,74,28.7,0.10,0.10,0.00
2025-06-24T10:00,27.5,71,29.9,0.10,0.10,0.00
2025-06-24T11:00,29.0,65,31.7,0.00,0.00,0.00
2025-06-24T12:00,29.3,65,32.4,0.10,0.10,0.00
2025-06-24T13:00,29.8,64,33.9,0.00,0.00,0.00
2025-06-24T14:00,23.6,93,27.5,7.60,7.60,0.00
2025-06-24T15:00,24.6,91,28.1,2.40,2.40,0.00
2025-06-24T16:00,24.5,92,28.3,0.80,0.80,0.00
2025-06-24T17:00,24.4,94,28.6,1.90,1.90,0.00
2025-06-24T18:00,25.6,83,28.7,0.20,0.20,0.00
2025-06-24T19:00,23.9,91,26.8,0.20,0.20,0.00
2025-06-24T20:00,23.3,94,26.4,2.10,2.10,0.00
2025-06-24T21:00,23.2,95,25.9,1.80,1.80,0.00
2025-06-24T22:00,23.1,95,25.3,1.20,1.20,0.00
2025-06-24T23:00,22.8,96,25.1,3.00,3.00,0.00
2025-06-25T00:00,23.0,96,25.9,4.80,4.80,0.00
2025-06-25T01:00,22.9,96,25.8,4.30,4.30,0.00
2025-06-25T02:00,22.7,96,25.1,2.50,2.50,0.00
2025-06-25T03:00,22.7,95,25.2,1.60,1.60,0.00
2025-06-25T04:00,22.7,95,25.8,0.40,0.40,0.00
2025-06-25T05:00,22.6,96,25.9,0.00,0.00,0.00
2025-06-25T06:00,23.1,90,25.6,0.10,0.10,0.00
2025-06-25T07:00,23.8,88,26.8,0.20,0.20,0.00
2025-06-25T08:00,24.9,83,27.2,0.30,0.30,0.00
2025-06-25T09:00,26.0,77,28.7,0.20,0.20,0.00
2025-06-25T10:00,27.8,70,31.1,0.20,0.20,0.00
2025-06-25T11:00,28.8,68,32.6,0.00,0.00,0.00
2025-06-25T12:00,30.2,62,35.0,0.00,0.00,0.00
2025-06-25T13:00,30.2,62,34.3,0.10,0.10,0.00
2025-06-25T14:00,26.9,79,31.6,6.20,6.20,0.00
2025-06-25T15:00,26.5,80,31.3,1.40,1.40,0.00
2025-06-25T16:00,26.4,79,30.3,0.40,0.40,0.00
2025-06-25T17:00,25.4,89,30.0,1.90,1.90,0.00
2025-06-25T18:00,26.9,77,30.8,0.00,0.00,0.00
2025-06-25T19:00,25.8,85,30.5,1.10,1.10,0.00
2025-06-25T20:00,25.2,92,30.4,0.20,0.20,0.00
2025-06-25T21:00,24.9,93,29.9,0.30,0.30,0.00
2025-06-25T22:00,24.4,94,29.1,0.10,0.10,0.00
2025-06-25T23:00,24.1,96,28.7,0.10,0.10,0.00
2025-06-26T00:00,23.9,95,28.1,0.20,0.20,0.00
2025-06-26T01:00,23.6,95,27.5,0.40,0.40,0.00
2025-06-26T02:00,23.4,96,27.5,0.20,0.20,0.00
2025-06-26T03:00,23.3,97,27.4,0.10,0.10,0.00
2025-06-26T04:00,23.3,96,27.2,0.00,0.00,0.00
2025-06-26T05:00,23.1,97,26.9,0.10,0.10,0.00
2025-06-26T06:00,23.9,94,28.2,0.00,0.00,0.00
2025-06-26T07:00,25.2,88,29.5,0.00,0.00,0.00
2025-06-26T08:00,26.7,79,30.9,0.00,0.00,0.00
2025-06-26T09:00,26.9,78,31.3,0.10,0.10,0.00
2025-06-26T10:00,24.6,88,28.4,2.40,2.40,0.00
2025-06-26T11:00,25.4,84,29.8,1.30,1.30,0.00
2025-06-26T12:00,25.6,85,30.5,1.00,1.00,0.00
2025-06-26T13:00,26.9,80,32.5,0.30,0.30,0.00
2025-06-26T14:00,27.2,80,31.9,0.50,0.50,0.00
2025-06-26T15:00,24.5,91,28.2,1.40,1.40,0.00
2025-06-26T16:00,25.4,86,28.8,0.30,0.30,0.00
2025-06-26T17:00,24.9,87,28.1,0.10,0.10,0.00
2025-06-26T18:00,23.8,94,27.7,0.20,0.20,0.00
2025-06-26T19:00,23.4,96,27.2,0.10,0.10,0.00
2025-06-26T20:00,23.3,97,27.5,0.10,0.10,0.00
2025-06-26T21:00,23.1,98,27.4,0.00,0.00,0.00
2025-06-26T22:00,22.9,98,26.9,0.00,0.00,0.00
2025-06-26T23:00,22.9,98,27.0,0.00,0.00,0.00
2025-06-27T00:00,23.0,97,26.7,0.00,0.00,0.00
2025-06-27T01:00,23.0,96,26.3,0.00,0.00,0.00
2025-06-27T02:00,22.8,97,25.9,0.00,0.00,0.00
2025-06-27T03:00,22.6,97,25.7,0.00,0.00,0.00
2025-06-27T04:00,22.5,97,25.6,0.00,0.00,0.00
2025-06-27T05:00,22.6,97,25.7,0.00,0.00,0.00
2025-06-27T06:00,23.3,90,25.8,0.00,0.00,0.00
2025-06-27T07:00,24.2,85,26.0,0.00,0.00,0.00
2025-06-27T08:00,25.4,78,27.0,0.00,0.00,0.00
2025-06-27T09:00,26.3,74,28.0,0.00,0.00,0.00
2025-06-27T10:00,27.2,71,29.1,0.00,0.00,0.00
2025-06-27T11:00,27.5,70,29.1,0.00,0.00,0.00
2025-06-27T12:00,28.1,67,29.8,0.00,0.00,0.00
2025-06-27T13:00,29.0,64,31.5,0.00,0.00,0.00
2025-06-27T14:00,29.0,62,30.5,0.20,0.20,0.00
2025-06-27T15:00,28.9,62,30.7,0.00,0.00,0.00
2025-06-27T16:00,26.6,77,28.6,0.50,0.50,0.00
2025-06-27T17:00,26.7,74,28.7,0.00,0.00,0.00
2025-06-27T18:00,24.8,86,27.7,0.10,0.10,0.00
2025-06-27T19:00,24.6,88,27.8,0.00,0.00,0.00
2025-06-27T20:00,25.0,87,28.4,0.00,0.00,0.00
2025-06-27T21:00,25.0,86,28.1,0.00,0.00,0.00
2025-06-27T22:00,24.5,85,27.2,0.00,0.00,0.00
2025-06-27T23:00,24.0,86,26.7,0.00,0.00,0.00
2025-06-28T00:00,24.4,85,27.1,0.00,0.00,0.00
2025-06-28T01:00,24.2,87,26.9,0.00,0.00,0.00
2025-06-28T02:00,23.8,87,25.9,0.10,0.10,0.00
2025-06-28T03:00,23.1,92,25.6,0.30,0.30,0.00
2025-06-28T04:00,23.1,94,25.8,0.10,0.10,0.00
2025-06-28T05:00,23.0,95,25.9,0.30,0.30,0.00
2025-06-28T06:00,23.2,93,25.6,0.00,0.00,0.00
2025-06-28T07:00,23.9,88,26.2,0.00,0.00,0.00
2025-06-28T08:00,25.2,79,26.5,0.00,0.00,0.00
2025-06-28T09:00,26.6,71,27.5,0.00,0.00,0.00
2025-06-28T10:00,27.4,66,28.4,0.00,0.00,0.00
2025-06-28T11:00,27.5,64,28.4,0.00,0.00,0.00
2025-06-28T12:00,28.0,63,29.2,0.00,0.00,0.00
2025-06-28T13:00,28.2,61,29.1,0.00,0.00,0.00
2025-06-28T14:00,28.7,59,29.8,0.00,0.00,0.00
2025-06-28T15:00,28.8,58,29.7,0.00,0.00,0.00
2025-06-28T16:00,28.2,62,29.6,0.00,0.00,0.00
2025-06-28T17:00,27.5,66,29.2,0.00,0.00,0.00
2025-06-28T18:00,25.0,83,27.6,0.30,0.30,0.00
2025-06-28T19:00,24.1,89,27.0,0.20,0.20,0.00
2025-06-28T20:00,23.8,90,26.7,0.10,0.10,0.00
2025-06-28T21:00,23.4,91,25.9,0.60,0.60,0.00
2025-06-28T22:00,23.3,88,25.0,0.10,0.10,0.00
2025-06-28T23:00,23.3,86,24.7,0.10,0.10,0.00
2025-06-29T00:00,22.8,86,24.3,0.10,0.10,0.00
2025-06-29T01:00,22.8,84,24.1,0.10,0.10,0.00
2025-06-29T02:00,23.1,80,23.9,0.00,0.00,0.00
2025-06-29T03:00,23.2,79,23.8,0.00,0.00,0.00
2025-06-29T04:00,23.1,80,24.0,0.00,0.00,0.00
2025-06-29T05:00,22.7,83,24.0,0.00,0.00,0.00
2025-06-29T06:00,22.5,88,24.1,0.00,0.00,0.00
2025-06-29T07:00,22.8,88,24.6,0.10,0.10,0.00
2025-06-29T08:00,23.4,86,24.9,0.10,0.10,0.00
2025-06-29T09:00,23.3,91,25.7,2.00,2.00,0.00
2025-06-29T10:00,24.0,87,26.2,0.60,0.60,0.00
2025-06-29T11:00,24.6,84,26.6,0.30,0.30,0.00
2025-06-29T12:00,24.3,85,25.5,0.40,0.40,0.00
2025-06-29T13:00,24.2,89,26.0,4.30,4.30,0.00
2025-06-29T14:00,24.1,89,26.3,0.50,0.50,0.00
2025-06-29T15:00,26.3,75,27.0,0.30,0.30,0.00
2025-06-29T16:00,26.8,69,26.9,0.00,0.00,0.00
2025-06-29T17:00,26.1,71,26.3,0.00,0.00,0.00
2025-06-29T18:00,23.6,85,24.3,0.00,0.00,0.00
2025-06-29T19:00,23.2,86,24.1,0.00,0.00,0.00
2025-06-29T20:00,23.0,87,24.1,0.00,0.00,0.00
2025-06-29T21:00,23.0,89,24.2,0.00,0.00,0.00
2025-06-29T22:00,23.1,89,24.5,0.00,0.00,0.00
2025-06-29T23:00,22.9,89,23.9,0.00,0.00,0.00
2025-06-30T00:00,22.3,92,23.6,0.20,0.20,0.00
2025-06-30T01:00,22.4,92,23.4,0.10,0.10,0.00
2025-06-30T02:00,22.5,90,23.2,0.00,0.00,0.00
2025-06-30T03:00,22.3,90,22.9,0.00,0.00,0.00
2025-06-30T04:00,22.3,91,23.1,0.00,0.00,0.00
2025-06-30T05:00,22.4,91,23.7,0.10,0.10,0.00
2025-06-30T06:00,22.9,90,24.0,0.00,0.00,0.00
2025-06-30T07:00,23.8,85,24.3,0.00,0.00,0.00
2025-06-30T08:00,24.9,79,24.7,0.00,0.00,0.00
2025-06-30T09:00,26.0,74,25.9,0.00,0.00,0.00
2025-06-30T10:00,27.3,69,28.3,0.00,0.00,0.00
2025-06-30T11:00,28.7,64,31.0,0.00,0.00,0.00
2025-06-30T12:00,29.3,63,32.2,0.00,0.00,0.00
2025-06-30T13:00,28.1,71,31.1,0.80,0.80,0.00
2025-06-30T14:00,27.5,73,30.2,2.50,2.50,0.00
2025-06-30T15:00,26.5,77,28.2,2.20,2.20,0.00
2025-06-30T16:00,27.6,72,29.6,1.30,1.30,0.00
2025-06-30T17:00,26.5,75,27.9,0.00,0.00,0.00
2025-06-30T18:00,25.6,81,28.5,0.30,0.30,0.00
2025-06-30T19:00,24.2,90,27.3,1.20,1.20,0.00
2025-06-30T20:00,23.6,93,26.4,2.00,2.00,0.00
2025-06-30T21:00,23.3,94,26.3,0.10,0.10,0.00
2025-06-30T22:00,23.3,94,26.1,0.10,0.10,0.00
2025-06-30T23:00,23.2,94,25.9,0.10,0.10,0.00
2025-07-01T00:00,23.1,94,25.6,0.20,0.20,0.00
2025-07-01T01:00,22.8,95,25.0,0.20,0.20,0.00
2025-07-01T02:00,22.8,94,24.9,0.00,0.00,0.00
2025-07-01T03:00,22.7,94,24.9,0.00,0.00,0.00
2025-07-01T04:00,22.2,96,24.5,0.10,0.10,0.00
2025-07-01T05:00,22.5,94,24.7,0.10,0.10,0.00
2025-07-01T06:00,23.0,94,25.1,0.80,0.80,0.00
2025-07-01T07:00,23.4,93,25.5,0.10,0.10,0.00
2025-07-01T08:00,24.3,89,26.5,0.20,0.20,0.00
2025-07-01T09:00,24.0,92,26.2,1.00,1.00,0.00
2025-07-01T10:00,24.6,90,27.1,0.50,0.50,0.00
2025-07-01T11:00,25.6,84,27.8,0.20,0.20,0.00
2025-07-01T12:00,25.4,82,26.9,0.20,0.20,0.00
2025-07-01T13:00,26.3,77,27.9,0.10,0.10,0.00
2025-07-01T14:00,26.9,73,28.5,0.00,0.00,0.00
2025-07-01T15:00,26.9,75,28.5,0.50,0.50,0.00
2025-07-01T16:00,26.7,76,28.6,0.10,0.10,0.00
2025-07-01T17:00,25.3,83,27.4,1.00,1.00,0.00
2025-07-01T18:00,24.7,88,27.2,0.80,0.80,0.00
2025-07-01T19:00,23.9,89,25.9,0.00,0.00,0.00
2025-07-01T20:00,23.6,88,25.6,0.00,0.00,0.00
2025-07-01T21:00,23.3,90,25.4,0.10,0.10,0.00
2025-07-01T22:00,23.2,90,25.3,0.00,0.00,0.00
2025-07-01T23:00,23.3,89,25.4,0.00,0.00,0.00
2025-07-02T00:00,23.1,90,25.0,0.00,0.00,0.00
2025-07-02T01:00,23.0,91,24.7,0.00,0.00,0.00
2025-07-02T02:00,23.0,91,24.7,0.00,0.00,0.00
2025-07-02T03:00,23.1,90,24.8,0.00,0.00,0.00
2025-07-02T04:00,23.1,90,24.8,0.00,0.00,0.00
2025-07-02T05:00,23.2,89,24.8,0.00,0.00,0.00
2025-07-02T06:00,23.6,89,25.0,0.10,0.10,0.00
2025-07-02T07:00,23.6,89,25.1,0.10,0.10,0.00
2025-07-02T08:00,24.5,85,25.4,0.10,0.10,0.00
2025-07-02T09:00,25.4,81,26.4,0.40,0.40,0.00
2025-07-02T10:00,24.7,88,26.4,0.50,0.50,0.00
2025-07-02T11:00,24.8,88,26.7,0.60,0.60,0.00
2025-07-02T12:00,26.0,79,27.1,0.20,0.20,0.00
2025-07-02T13:00,26.6,76,28.0,0.10,0.10,0.00
2025-07-02T14:00,27.4,71,28.9,0.00,0.00,0.00
2025-07-02T15:00,27.5,70,29.3,0.00,0.00,0.00
2025-07-02T16:00,27.8,68,29.7,0.00,0.00,0.00
2025-07-02T17:00,27.3,70,29.6,0.00,0.00,0.00
2025-07-02T18:00,26.2,76,29.1,0.00,0.00,0.00
2025-07-02T19:00,25.1,82,28.4,0.00,0.00,0.00
2025-07-02T20:00,24.6,87,27.9,0.00,0.00,0.00
2025-07-02T21:00,24.3,88,27.3,0.00,0.00,0.00
2025-07-02T22:00,24.2,87,26.9,0.00,0.00,0.00
2025-07-02T23:00,23.8,90,26.7,0.10,0.10,0.00
2025-07-03T00:00,23.5,93,26.6,0.20,0.20,0.00
2025-07-03T01:00,23.2,95,26.4,0.30,0.30,0.00
2025-07-03T02:00,22.9,95,25.7,0.10,0.10,0.00
2025-07-03T03:00,22.7,96,25.4,0.00,0.00,0.00
2025-07-03T04:00,22.6,96,25.2,0.00,0.00,0.00
2025-07-03T05:00,22.6,96,25.1,0.00,0.00,0.00
2025-07-03T06:00,23.6,92,26.3,0.00,0.00,0.00
2025-07-03T07:00,24.6,86,27.0,0.00,0.00,0.00
2025-07-03T08:00,25.5,81,27.5,0.00,0.00,0.00
2025-07-03T09:00,26.4,77,28.7,0.00,0.00,0.00
2025-07-03T10:00,27.6,71,29.8,0.00,0.00,0.00
2025-07-03T11:00,29.0,66,32.0,0.00,0.00,0.00
2025-07-03T12:00,29.7,62,32.5,0.10,0.10,0.00
2025-07-03T13:00,28.4,66,30.4,0.50,0.50,0.00
2025-07-03T14:00,27.8,71,30.7,1.30,1.30,0.00
2025-07-03T15:00,27.1,74,29.7,0.50,0.50,0.00
2025-07-03T16:00,26.1,79,28.9,1.10,1.10,0.00
2025-07-03T17:00,25.3,88,29.1,2.20,2.20,0.00
2025-07-03T18:00,24.5,89,28.2,0.40,0.40,0.00
2025-07-03T19:00,24.2,91,27.9,0.10,0.10,0.00
2025-07-03T20:00,24.0,93,27.5,0.30,0.30,0.00
2025-07-03T21:00,23.8,95,27.3,0.30,0.30,0.00
2025-07-03T22:00,23.7,95,27.3,0.60,0.60,0.00
2025-07-03T23:00,23.4,96,27.0,1.00,1.00,0.00
2025-07-04T00:00,23.4,96,26.6,0.50,0.50,0.00
2025-07-04T01:00,23.2,95,26.2,0.20,0.20,0.00
2025-07-04T02:00,23.1,95,25.7,0.40,0.40,0.00
2025-07-04T03:00,23.0,94,25.3,0.70,0.70,0.00
2025-07-04T04:00,22.8,95,25.1,0.30,0.30,0.00
2025-07-04T05:00,22.7,95,25.1,0.50,0.50,0.00
2025-07-04T06:00,23.1,94,25.4,1.00,1.00,0.00
2025-07-04T07:00,23.0,94,25.2,1.50,1.50,0.00
2025-07-04T08:00,22.9,94,25.1,2.20,2.20,0.00
2025-07-04T09:00,23.1,94,25.2,3.40,3.40,0.00
2025-07-04T10:00,23.0,93,24.8,1.90,1.90,0.00
2025-07-04T11:00,23.1,94,24.9,1.40,1.40,0.00
2025-07-04T12:00,23.1,94,24.8,1.60,1.60,0.00
2025-07-04T13:00,23.3,93,25.5,2.10,2.10,0.00
2025-07-04T14:00,23.5,93,25.8,1.80,1.80,0.00
2025-07-04T15:00,24.0,93,26.6,1.00,1.00,0.00
2025-07-04T16:00,24.0,93,26.7,1.00,1.00,0.00
2025-07-04T17:00,23.9,93,27.0,0.60,0.60,0.00
2025-07-04T18:00,24.1,92,27.0,0.10,0.10,0.00
2025-07-04T19:00,23.6,92,26.2,0.10,0.10,0.00
2025-07-04T20:00,23.4,93,25.9,0.10,0.10,0.00
2025-07-04T21:00,23.2,94,25.8,0.10,0.10,0.00
2025-07-04T22:00,23.2,94,25.9,0.10,0.10,0.00
2025-07-04T23:00,23.1,94,25.4,0.00,0.00,0.00
2025-07-05T00:00,23.0,92,25.0,0.00,0.00,0.00
2025-07-05T01:00,23.0,89,24.4,0.00,0.00,0.00
2025-07-05T02:00,23.0,87,24.3,0.00,0.00,0.00
2025-07-05T03:00,22.8,89,24.4,0.00,0.00,0.00
2025-07-05T04:00,22.8,90,24.2,0.00,0.00,0.00
2025-07-05T05:00,22.8,91,24.6,0.00,0.00,0.00
2025-07-05T06:00,23.0,92,25.1,0.10,0.10,0.00
2025-07-05T07:00,23.3,91,25.2,0.10,0.10,0.00
2025-07-05T08:00,24.2,86,25.5,0.00,0.00,0.00
2025-07-05T09:00,25.3,78,26.2,0.00,0.00,0.00
2025-07-05T10:00,25.7,77,26.4,0.80,0.80,0.00
2025-07-05T11:00,25.8,77,26.8,0.10,0.10,0.00
2025-07-05T12:00,25.1,80,26.7,0.20,0.20,0.00
2025-07-05T13:00,25.2,82,27.2,0.40,0.40,0.00
2025-07-05T14:00,25.3,83,27.3,0.50,0.50,0.00
2025-07-05T15:00,26.0,78,27.9,0.30,0.30,0.00
2025-07-05T16:00,26.0,78,27.7,0.10,0.10,0.00
2025-07-05T17:00,25.8,78,27.9,0.10,0.10,0.00
2025-07-05T18:00,24.3,88,27.4,0.00,0.00,0.00
2025-07-05T19:00,23.7,89,26.9,0.00,0.00,0.00
2025-07-05T20:00,23.4,90,26.4,0.10,0.10,0.00
2025-07-05T21:00,23.2,93,26.2,0.20,0.20,0.00
2025-07-05T22:00,23.1,95,26.0,0.10,0.10,0.00
2025-07-05T23:00,23.0,95,25.6,0.00,0.00,0.00
2025-07-06T00:00,22.8,96,25.4,0.10,0.10,0.00
2025-07-06T01:00,22.7,95,24.8,0.20,0.20,0.00
2025-07-06T02:00,22.6,95,24.4,0.10,0.10,0.00
2025-07-06T03:00,22.6,95,24.7,0.10,0.10,0.00
2025-07-06T04:00,22.5,95,24.5,0.10,0.10,0.00
2025-07-06T05:00,22.4,96,24.5,0.10,0.10,0.00
2025-07-06T06:00,22.8,94,24.8,0.70,0.70,0.00
2025-07-06T07:00,23.0,94,25.3,0.30,0.30,0.00
2025-07-06T08:00,23.9,90,25.9,0.20,0.20,0.00
2025-07-06T09:00,24.9,84,26.7,0.10,0.10,0.00
2025-07-06T10:00,25.5,81,27.0,0.10,0.10,0.00
2025-07-06T11:00,25.1,83,26.3,0.40,0.40,0.00
2025-07-06T12:00,25.3,84,26.6,0.80,0.80,0.00
2025-07-06T13:00,24.7,87,26.6,0.90,0.90,0.00
2025-07-06T14:00,25.1,86,26.9,0.40,0.40,0.00
2025-07-06T15:00,25.6,81,27.3,0.20,0.20,0.00
2025-07-06T16:00,24.6,89,27.1,0.60,0.60,0.00
2025-07-06T17:00,24.2,92,27.5,1.80,1.80,0.00
2025-07-06T18:00,23.8,94,27.0,2.30,2.30,0.00
2025-07-06T19:00,23.6,93,26.5,1.90,1.90,0.00
2025-07-06T20:00,23.3,94,26.3,2.00,2.00,0.00
2025-07-06T21:00,23.2,94,25.7,1.40,1.40,0.00
2025-07-06T22:00,23.0,95,25.5,1.50,1.50,0.00
2025-07-06T23:00,23.0,95,25.2,1.60,1.60,0.00
2025-07-07T00:00,22.8,96,25.0,1.10,1.10,0.00
2025-07-07T01:00,22.6,95,24.8,1.80,1.80,0.00
2025-07-07T02:00,22.6,96,24.4,1.10,1.10,0.00
2025-07-07T03:00,22.7,95,24.6,0.90,0.90,0.00
2025-07-07T04:00,22.7,95,24.5,1.10,1.10,0.00
2025-07-07T05:00,22.7,94,24.0,1.20,1.20,0.00
2025-07-07T06:00,22.7,95,24.0,2.70,2.70,0.00
2025-07-07T07:00,22.7,94,23.4,2.80,2.80,0.00
2025-07-07T08:00,23.0,94,23.6,3.10,3.10,0.00
2025-07-07T09:00,23.2,93,23.9,2.30,2.30,0.00
2025-07-07T10:00,23.7,93,24.9,4.30,4.30,0.00
2025-07-07T11:00,23.3,92,24.3,4.90,4.90,0.00
2025-07-07T12:00,23.6,93,25.3,2.60,2.60,0.00
2025-07-07T13:00,24.4,89,26.0,1.60,1.60,0.00
2025-07-07T14:00,25.6,83,27.0,0.20,0.20,0.00
2025-07-07T15:00,25.1,85,26.1,1.00,1.00,0.00
2025-07-07T16:00,24.9,82,25.8,0.10,0.10,0.00
2025-07-07T17:00,23.8,89,25.8,3.60,3.60,0.00
2025-07-07T18:00,23.0,91,23.8,0.90,0.90,0.00
2025-07-07T19:00,22.5,92,22.9,0.80,0.80,0.00
2025-07-07T20:00,22.3,93,22.6,1.90,1.90,0.00
2025-07-07T21:00,22.5,93,23.0,2.60,2.60,0.00
2025-07-07T22:00,22.4,94,23.2,0.00,0.00,0.00
2025-07-07T23:00,22.3,95,23.6,0.50,0.50,0.00
2025-07-08T00:00,22.4,94,23.9,1.50,1.50,0.00
2025-07-08T01:00,22.4,94,23.6,0.90,0.90,0.00
2025-07-08T02:00,22.2,94,23.2,0.30,0.30,0.00
2025-07-08T03:00,22.1,94,23.2,0.70,0.70,0.00
2025-07-08T04:00,22.1,92,23.1,0.10,0.10,0.00
2025-07-08T05:00,21.8,94,22.7,0.20,0.20,0.00
2025-07-08T06:00,22.2,95,24.1,11.90,11.90,0.00
2025-07-08T07:00,22.4,96,26.3,4.80,4.80,0.00
2025-07-08T08:00,23.0,93,25.7,4.70,4.70,0.00
2025-07-08T09:00,23.9,89,26.4,0.60,0.60,0.00
2025-07-08T10:00,24.3,87,25.5,0.10,0.10,0.00
2025-07-08T11:00,25.8,78,26.7,0.00,0.00,0.00
2025-07-08T12:00,27.2,72,28.5,0.00,0.00,0.00
2025-07-08T13:00,27.2,72,28.8,0.00,0.00,0.00
2025-07-08T14:00,27.0,71,28.4,0.10,0.10,0.00
2025-07-08T15:00,27.0,71,28.2,0.10,0.10,0.00
2025-07-08T16:00,26.0,77,27.4,0.30,0.30,0.00
2025-07-08T17:00,25.4,80,26.9,0.20,0.20,0.00
2025-07-08T18:00,23.9,85,24.9,0.10,0.10,0.00
2025-07-08T19:00,23.4,86,24.0,0.00,0.00,0.00
2025-07-08T20:00,23.1,88,24.1,0.10,0.10,0.00
2025-07-08T21:00,22.5,93,24.9,2.10,2.10,0.00
2025-07-08T22:00,22.5,94,24.1,0.70,0.70,0.00
2025-07-08T23:00,22.3,94,24.4,0.00,0.00,0.00
2025-07-09T00:00,22.4,92,24.1,0.00,0.00,0.00
2025-07-09T01:00,22.1,93,23.5,0.30,0.30,0.00
2025-07-09T02:00,21.8,95,23.7,5.30,5.30,0.00
2025-07-09T03:00,21.9,94,23.0,5.00,5.00,0.00
2025-07-09T04:00,21.9,95,23.0,0.20,0.20,0.00
2025-07-09T05:00,22.1,94,23.5,0.10,0.10,0.00
2025-07-09T06:00,22.4,94,24.7,0.50,0.50,0.00
2025-07-09T07:00,23.5,89,25.2,0.00,0.00,0.00
2025-07-09T08:00,24.9,80,25.4,0.00,0.00,0.00
2025-07-09T09:00,26.4,73,26.9,0.00,0.00,0.00
2025-07-09T10:00,26.9,70,27.8,0.00,0.00,0.00
2025-07-09T11:00,27.8,68,29.1,0.00,0.00,0.00
2025-07-09T12:00,27.6,70,29.5,0.10,0.10,0.00
2025-07-09T13:00,28.0,69,30.1,0.20,0.20,0.00
2025-07-09T14:00,27.0,75,29.9,1.20,1.20,0.00
2025-07-09T15:00,27.1,73,29.5,0.00,0.00,0.00
2025-07-09T16:00,27.1,75,30.1,0.00,0.00,0.00
2025-07-09T17:00,25.9,80,28.5,0.30,0.30,0.00
2025-07-09T18:00,24.3,86,27.1,0.00,0.00,0.00
2025-07-09T19:00,24.2,86,26.9,0.00,0.00,0.00
2025-07-09T20:00,23.7,88,26.4,0.00,0.00,0.00
2025-07-09T21:00,23.3,90,26.1,0.00,0.00,0.00
2025-07-09T22:00,23.0,92,26.1,0.10,0.10,0.00
2025-07-09T23:00,22.8,94,25.7,0.10,0.10,0.00
2025-07-10T00:00,23.0,94,25.5,0.00,0.00,0.00
2025-07-10T01:00,22.7,95,24.6,0.00,0.00,0.00
2025-07-10T02:00,22.6,95,24.5,0.00,0.00,0.00
2025-07-10T03:00,22.8,95,25.4,0.00,0.00,0.00
2025-07-10T04:00,22.8,94,25.0,0.00,0.00,0.00
2025-07-10T05:00,22.8,94,25.0,0.00,0.00,0.00
2025-07-10T06:00,23.1,92,25.4,0.00,0.00,0.00
2025-07-10T07:00,24.0,88,26.3,0.00,0.00,0.00
2025-07-10T08:00,25.4,81,27.0,0.00,0.00,0.00
2025-07-10T09:00,27.3,72,28.4,0.00,0.00,0.00
2025-07-10T10:00,28.0,69,29.9,0.00,0.00,0.00
2025-07-10T11:00,28.9,65,31.2,0.00,0.00,0.00
2025-07-10T12:00,26.2,77,29.3,0.80,0.80,0.00
2025-07-10T13:00,29.1,67,32.1,0.20,0.20,0.00
2025-07-10T14:00,29.2,62,30.8,0.00,0.00,0.00
2025-07-10T15:00,28.8,65,31.0,0.00,0.00,0.00
2025-07-10T16:00,28.9,64,30.9,0.00,0.00,0.00
2025-07-10T17:00,27.3,73,30.3,0.60,0.60,0.00
2025-07-10T18:00,26.7,72,29.5,0.00,0.00,0.00
2025-07-10T19:00,25.6,76,28.3,0.00,0.00,0.00
2025-07-10T20:00,24.9,79,27.6,0.00,0.00,0.00
2025-07-10T21:00,24.4,82,27.2,0.00,0.00,0.00
2025-07-10T22:00,24.1,83,26.9,0.00,0.00,0.00
2025-07-10T23:00,23.8,85,26.5,0.00,0.00,0.00
2025-07-11T00:00,23.5,85,25.9,0.00,0.00,0.00
2025-07-11T01:00,23.3,82,25.1,0.00,0.00,0.00
2025-07-11T02:00,23.1,78,24.2,0.00,0.00,0.00
2025-07-11T03:00,23.1,74,23.4,0.00,0.00,0.00
2025-07-11T04:00,22.9,76,23.3,0.00,0.00,0.00
2025-07-11T05:00,22.8,80,23.4,0.00,0.00,0.00
2025-07-11T06:00,23.6,83,24.8,0.00,0.00,0.00
2025-07-11T07:00,24.5,81,26.4,0.00,0.00,0.00
2025-07-11T08:00,26.2,74,27.0,0.00,0.00,0.00
2025-07-11T09:00,27.3,69,28.1,0.10,0.10,0.00
2025-07-11T10:00,27.7,65,28.7,0.10,0.10,0.00
2025-07-11T11:00,28.4,68,30.7,0.10,0.10,0.00
2025-07-11T12:00,28.0,67,29.9,0.10,0.10,0.00
2025-07-11T13:00,28.0,71,30.5,0.50,0.50,0.00
2025-07-11T14:00,28.4,68,31.1,0.00,0.00,0.00
2025-07-11T15:00,27.7,73,30.9,0.80,0.80,0.00
2025-07-11T16:00,27.5,73,30.7,0.80,0.80,0.00
2025-07-11T17:00,26.5,78,29.9,0.00,0.00,0.00
2025-07-11T18:00,26.4,74,29.4,0.00,0.00,0.00
2025-07-11T19:00,25.1,77,28.0,0.00,0.00,0.00
2025-07-11T20:00,24.7,79,27.6,0.00,0.00,0.00
2025-07-11T21:00,24.6,81,27.7,0.00,0.00,0.00
2025-07-11T22:00,24.4,83,27.7,0.00,0.00,0.00
2025-07-11T23:00,24.4,84,27.5,0.00,0.00,0.00
2025-07-12T00:00,24.2,86,27.1,0.00,0.00,0.00
2025-07-12T01:00,23.8,89,26.6,0.00,0.00,0.00
2025-07-12T02:00,23.6,91,26.3,0.00,0.00,0.00
2025-07-12T03:00,23.3,92,25.8,0.00,0.00,0.00
2025-07-12T04:00,23.1,91,25.4,0.00,0.00,0.00
2025-07-12T05:00,22.6,92,24.7,0.40,0.40,0.00
2025-07-12T06:00,23.6,91,25.6,0.00,0.00,0.00
2025-07-12T07:00,24.0,89,26.4,0.10,0.10,0.00
2025-07-12T08:00,23.6,92,25.8,0.20,0.20,0.00
2025-07-12T09:00,23.2,94,25.4,2.30,2.30,0.00
2025-07-12T10:00,23.9,94,26.8,1.00,1.00,0.00
2025-07-12T11:00,25.8,81,28.2,0.00,0.00,0.00
2025-07-12T12:00,27.8,69,29.5,0.00,0.00,0.00
2025-07-12T13:00,29.1,65,32.0,0.10,0.10,0.00
2025-07-12T14:00,30.2,63,34.0,0.00,0.00,0.00
2025-07-12T15:00,27.4,74,30.1,0.60,0.60,0.00
2025-07-12T16:00,28.1,69,30.2,0.20,0.20,0.00
2025-07-12T17:00,27.2,74,29.4,0.20,0.20,0.00
2025-07-12T18:00,26.3,77,29.1,0.00,0.00,0.00
2025-07-12T19:00,25.0,82,28.1,0.00,0.00,0.00
2025-07-12T20:00,24.5,87,27.7,0.00,0.00,0.00
2025-07-12T21:00,24.2,88,27.3,0.00,0.00,0.00
2025-07-12T22:00,24.0,88,26.9,0.00,0.00,0.00
2025-07-12T23:00,23.8,88,26.4,0.00,0.00,0.00
2025-07-13T00:00,23.4,90,25.7,0.00,0.00,0.00
2025-07-13T01:00,23.1,92,25.6,0.00,0.00,0.00
2025-07-13T02:00,23.0,92,25.4,0.00,0.00,0.00
2025-07-13T03:00,22.8,94,25.3,0.00,0.00,0.00
2025-07-13T04:00,23.1,93,25.7,0.00,0.00,0.00
2025-07-13T05:00,23.1,92,25.5,0.00,0.00,0.00
2025-07-13T06:00,23.7,90,26.3,0.00,0.00,0.00
2025-07-13T07:00,24.5,85,26.3,0.00,0.00,0.00
2025-07-13T08:00,25.5,80,26.9,0.00,0.00,0.00
2025-07-13T09:00,26.1,78,28.0,0.10,0.10,0.00
2025-07-13T10:00,27.0,76,29.3,0.10,0.10,0.00
2025-07-13T11:00,28.0,72,31.1,0.00,0.00,0.00
2025-07-13T12:00,27.4,71,29.2,0.20,0.20,0.00
2025-07-13T13:00,28.0,69,30.4,0.50,0.50,0.00
2025-07-13T14:00,28.5,68,30.8,0.70,0.70,0.00
2025-07-13T15:00,28.3,68,30.7,0.00,0.00,0.00
2025-07-13T16:00,28.2,67,30.5,0.10,0.10,0.00
2025-07-13T17:00,27.1,72,29.8,0.00,0.00,0.00
2025-07-13T18:00,27.1,73,30.7,0.00,0.00,0.00
2025-07-13T19:00,25.8,82,29.5,0.00,0.00,0.00
2025-07-13T20:00,25.0,87,29.2,0.00,0.00,0.00
2025-07-13T21:00,24.7,87,28.6,0.00,0.00,0.00
2025-07-13T22:00,24.5,87,28.2,0.90,0.90,0.00
2025-07-13T23:00,24.1,89,27.7,0.00,0.00,0.00
2025-07-14T00:00,23.8,90,27.3,0.00,0.00,0.00
2025-07-14T01:00,23.4,92,26.8,0.00,0.00,0.00
2025-07-14T02:00,23.2,93,26.5,0.00,0.00,0.00
2025-07-14T03:00,22.9,95,26.2,0.00,0.00,0.00
2025-07-14T04:00,22.7,96,25.8,0.00,0.00,0.00
2025-07-14T05:00,22.9,95,25.9,0.00,0.00,0.00
2025-07-14T06:00,23.6,91,26.2,0.00,0.00,0.00
2025-07-14T07:00,24.4,87,26.7,0.00,0.00,0.00
2025-07-14T08:00,25.4,81,27.7,0.00,0.00,0.00
2025-07-14T09:00,26.9,74,29.7,0.20,0.20,0.00
2025-07-14T10:00,27.7,71,30.8,0.10,0.10,0.00
2025-07-14T11:00,28.9,67,33.6,0.10,0.10,0.00
2025-07-14T12:00,29.8,65,35.1,0.00,0.00,0.00
2025-07-14T13:00,30.1,63,34.9,0.00,0.00,0.00
2025-07-14T14:00,29.1,64,31.6,0.10,0.10,0.00
2025-07-14T15:00,28.3,71,31.3,0.50,0.50,0.00
2025-07-14T16:00,26.1,80,28.8,2.30,2.30,0.00
2025-07-14T17:00,26.0,79,29.6,0.00,0.00,0.00
2025-07-14T18:00,25.8,80,30.2,0.00,0.00,0.00
2025-07-14T19:00,24.8,86,28.9,0.00,0.00,0.00
2025-07-14T20:00,24.5,88,28.5,0.00,0.00,0.00
2025-07-14T21:00,24.3,88,28.1,0.00,0.00,0.00
2025-07-14T22:00,24.0,90,27.8,0.00,0.00,0.00
2025-07-14T23:00,23.8,92,27.8,0.00,0.00,0.00
2025-07-15T00:00,23.7,92,27.8,0.00,0.00,0.00
2025-07-15T01:00,23.5,93,27.5,0.00,0.00,0.00
2025-07-15T02:00,23.4,93,27.3,0.00,0.00,0.00
2025-07-15T03:00,23.2,93,26.8,0.00,0.00,0.00
2025-07-15T04:00,23.1,93,26.4,0.00,0.00,0.00
2025-07-15T05:00,22.8,94,26.1,0.00,0.00,0.00
2025-07-15T06:00,23.9,92,27.3,0.00,0.00,0.00
2025-07-15T07:00,24.9,87,28.3,0.00,0.00,0.00
2025-07-15T08:00,26.0,81,29.5,0.00,0.00,0.00
2025-07-15T09:00,27.2,76,31.0,0.10,0.10,0.00
2025-07-15T10:00,28.2,73,33.1,0.10,0.10,0.00
2025-07-15T11:00,28.8,71,33.1,0.10,0.10,0.00
2025-07-15T12:00,27.4,76,30.7,1.00,1.00,0.00
2025-07-15T13:00,27.5,77,32.1,1.80,1.80,0.00
2025-07-15T14:00,28.7,71,33.2,0.20,0.20,0.00
2025-07-15T15:00,28.0,74,32.1,0.90,0.90,0.00
2025-07-15T16:00,26.7,79,30.3,2.10,2.10,0.00
2025-07-15T17:00,25.3,86,29.6,1.60,1.60,0.00
2025-07-15T18:00,24.3,90,28.5,4.00,4.00,0.00
2025-07-15T19:00,24.2,92,28.1,0.00,0.00,0.00
2025-07-15T20:00,23.9,92,28.2,0.00,0.00,0.00
2025-07-15T21:00,23.7,93,28.3,0.00,0.00,0.00
2025-07-15T22:00,23.6,93,27.6,0.00,0.00,0.00
2025-07-15T23:00,23.6,93,27.9,0.00,0.00,0.00
2025-07-16T00:00,23.5,93,27.4,0.00,0.00,0.00
2025-07-16T01:00,23.6,93,27.2,0.00,0.00,0.00
2025-07-16T02:00,23.4,95,27.0,0.00,0.00,0.00
2025-07-16T03:00,23.3,96,26.9,0.00,0.00,0.00
2025-07-16T04:00,23.0,96,26.3,0.00,0.00,0.00
2025-07-16T05:00,22.6,96,25.6,0.00,0.00,0.00
2025-07-16T06:00,23.7,92,26.8,0.00,0.00,0.00
2025-07-16T07:00,24.7,88,27.8,0.00,0.00,0.00
2025-07-16T08:00,26.0,82,29.0,0.00,0.00,0.00
2025-07-16T09:00,27.2,75,29.8,0.00,0.00,0.00
2025-07-16T10:00,27.5,73,30.3,0.00,0.00,0.00
2025-07-16T11:00,28.3,70,31.3,0.10,0.10,0.00
2025-07-16T12:00,28.9,70,33.3,0.00,0.00,0.00
2025-07-16T13:00,29.4,67,33.5,0.10,0.10,0.00
2025-07-16T14:00,29.5,65,32.9,0.10,0.10,0.00
2025-07-16T15:00,26.9,81,31.1,3.00,3.00,0.00
2025-07-16T16:00,27.2,78,31.7,0.10,0.10,0.00
2025-07-16T17:00,26.7,80,31.3,1.50,1.50,0.00
2025-07-16T18:00,25.1,89,30.1,0.40,0.40,0.00
2025-07-16T19:00,24.7,94,30.0,0.00,0.00,0.00
2025-07-16T20:00,24.0,97,29.3,0.00,0.00,0.00
2025-07-16T21:00,24.0,98,29.0,0.00,0.00,0.00
2025-07-16T22:00,23.8,99,28.5,0.10,0.10,0.00
2025-07-16T23:00,23.9,98,28.5,0.00,0.00,0.00
2025-07-17T00:00,23.9,95,28.2,0.00,0.00,0.00
2025-07-17T01:00,23.8,95,28.0,0.00,0.00,0.00
2025-07-17T02:00,23.6,95,27.6,0.00,0.00,0.00
2025-07-17T03:00,23.5,95,27.6,0.00,0.00,0.00
2025-07-17T04:00,23.5,95,27.7,0.00,0.00,0.00
2025-07-17T05:00,23.3,96,27.3,0.00,0.00,0.00
2025-07-17T06:00,24.1,94,28.0,0.00,0.00,0.00
2025-07-17T07:00,25.0,88,28.7,0.00,0.00,0.00
2025-07-17T08:00,24.9,88,28.7,0.00,0.00,0.00
2025-07-17T09:00,26.3,83,30.1,0.00,0.00,0.00
2025-07-17T10:00,26.8,78,30.1,0.00,0.00,0.00
2025-07-17T11:00,28.0,73,32.3,0.20,0.20,0.00
2025-07-17T12:00,29.0,69,33.8,0.00,0.00,0.00
2025-07-17T13:00,26.6,79,30.2,2.10,2.10,0.00
2025-07-17T14:00,27.5,76,31.4,0.30,0.30,0.00
2025-07-17T15:00,27.3,76,30.6,0.10,0.10,0.00
2025-07-17T16:00,26.8,76,30.1,0.20,0.20,0.00
2025-07-17T17:00,26.2,81,29.9,0.00,0.00,0.00
2025-07-17T18:00,25.6,84,30.0,0.10,0.10,0.00
2025-07-17T19:00,24.7,89,29.6,0.00,0.00,0.00
2025-07-17T20:00,24.4,91,29.1,0.00,0.00,0.00
2025-07-17T21:00,24.1,93,28.8,0.00,0.00,0.00
2025-07-17T22:00,23.6,95,28.2,0.00,0.00,0.00
2025-07-17T23:00,23.3,97,27.8,0.00,0.00,0.00
2025-07-18T00:00,23.0,98,27.3,0.00,0.00,0.00
2025-07-18T01:00,22.9,98,27.0,0.00,0.00,0.00
2025-07-18T02:00,23.0,97,26.7,0.00,0.00,0.00
2025-07-18T03:00,22.9,97,26.5,0.00,0.00,0.00
2025-07-18T04:00,22.8,97,26.5,0.00,0.00,0.00
2025-07-18T05:00,22.9,96,26.5,0.00,0.00,0.00
2025-07-18T06:00,23.6,98,28.0,0.00,0.00,0.00
2025-07-18T07:00,24.5,93,28.4,0.10,0.10,0.00
2025-07-18T08:00,25.8,84,29.2,0.10,0.10,0.00
2025-07-18T09:00,27.0,76,30.1,0.00,0.00,0.00
2025-07-18T10:00,28.4,67,31.9,0.00,0.00,0.00
2025-07-18T11:00,29.3,61,33.1,0.00,0.00,0.00
2025-07-18T12:00,30.0,57,33.5,0.00,0.00,0.00
2025-07-18T13:00,30.4,56,34.0,0.10,0.10,0.00
2025-07-18T14:00,30.2,57,33.2,0.10,0.10,0.00
2025-07-18T15:00,30.0,55,32.0,0.00,0.00,0.00
2025-07-18T16:00,29.8,56,31.6,0.00,0.00,0.00
2025-07-18T17:00,28.5,63,30.9,0.00,0.00,0.00
2025-07-18T18:00,27.1,74,31.2,0.00,0.00,0.00
2025-07-18T19:00,25.7,81,30.1,0.00,0.00,0.00
2025-07-18T20:00,25.3,81,29.0,0.00,0.00,0.00
2025-07-18T21:00,24.9,78,28.2,0.00,0.00,0.00
2025-07-18T22:00,24.0,81,27.1,0.00,0.00,0.00
2025-07-18T23:00,23.2,83,26.1,0.00,0.00,0.00
2025-07-19T00:00,22.7,85,25.4,0.00,0.00,0.00
2025-07-19T01:00,22.3,86,25.1,0.00,0.00,0.00
2025-07-19T02:00,22.0,86,24.7,0.00,0.00,0.00
2025-07-19T03:00,21.7,85,24.3,0.00,0.00,0.00
2025-07-19T04:00,21.5,86,24.1,0.00,0.00,0.00
2025-07-19T05:00,21.5,87,24.0,0.00,0.00,0.00
2025-07-19T06:00,22.9,85,26.0,0.00,0.00,0.00
2025-07-19T07:00,24.6,81,28.4,0.00,0.00,0.00
2025-07-19T08:00,26.2,76,30.1,0.00,0.00,0.00
2025-07-19T09:00,27.7,68,31.6,0.00,0.00,0.00
2025-07-19T10:00,28.7,64,33.3,0.00,0.00,0.00
2025-07-19T11:00,29.3,60,34.1,0.10,0.10,0.00
2025-07-19T12:00,29.8,58,34.3,0.10,0.10,0.00
2025-07-19T13:00,30.3,57,34.8,0.20,0.20,0.00
2025-07-19T14:00,30.0,58,33.3,0.30,0.30,0.00
2025-07-19T15:00,29.5,61,32.3,0.20,0.20,0.00
2025-07-19T16:00,29.0,64,31.9,0.10,0.10,0.00
2025-07-19T17:00,29.0,64,32.2,0.00,0.00,0.00
2025-07-19T18:00,27.5,76,32.2,0.00,0.00,0.00
2025-07-19T19:00,26.2,81,30.6,0.00,0.00,0.00
2025-07-19T20:00,25.3,85,29.9,0.00,0.00,0.00
2025-07-19T21:00,24.8,86,29.2,0.00,0.00,0.00
2025-07-19T22:00,24.6,84,28.6,0.00,0.00,0.00
2025-07-19T23:00,24.1,85,27.8,0.00,0.00,0.00
2025-07-20T00:00,23.8,87,27.5,0.00,0.00,0.00
2025-07-20T01:00,23.8,88,27.3,0.00,0.00,0.00
2025-07-20T02:00,24.0,86,27.5,0.00,0.00,0.00
2025-07-20T03:00,23.9,85,27.2,0.00,0.00,0.00
2025-07-20T04:00,24.1,80,26.6,0.00,0.00,0.00
2025-07-20T05:00,24.1,77,26.2,0.00,0.00,0.00
2025-07-20T06:00,24.6,78,26.9,0.00,0.00,0.00
2025-07-20T07:00,25.6,77,28.2,0.00,0.00,0.00
2025-07-20T08:00,26.5,73,29.0,0.00,0.00,0.00
2025-07-20T09:00,27.2,68,29.7,0.00,0.00,0.00
2025-07-20T10:00,27.8,66,30.7,0.00,0.00,0.00
2025-07-20T11:00,28.6,62,32.0,0.00,0.00,0.00
2025-07-20T12:00,29.6,57,33.4,0.00,0.00,0.00
2025-07-20T13:00,30.2,55,35.2,0.00,0.00,0.00
2025-07-20T14:00,30.4,54,34.5,0.00,0.00,0.00
2025-07-20T15:00,30.2,55,33.5,0.00,0.00,0.00
2025-07-20T16:00,29.9,57,32.9,0.00,0.00,0.00
2025-07-20T17:00,29.4,59,32.6,0.00,0.00,0.00
2025-07-20T18:00,27.1,74,31.1,0.00,0.00,0.00
2025-07-20T19:00,25.7,83,30.5,0.00,0.00,0.00
2025-07-20T20:00,25.3,84,30.0,0.00,0.00,0.00
2025-07-20T21:00,24.6,87,29.0,0.00,0.00,0.00
2025-07-20T22:00,24.5,89,29.0,0.00,0.00,0.00
2025-07-20T23:00,24.4,89,28.9,0.00,0.00,0.00
2025-07-21T00:00,24.3,89,29.0,0.10,0.10,0.00
2025-07-21T01:00,23.8,95,28.9,0.40,0.40,0.00
2025-07-21T02:00,23.7,96,29.1,0.00,0.00,0.00
2025-07-21T03:00,23.3,98,28.5,0.20,0.20,0.00
2025-07-21T04:00,23.4,97,27.5,0.10,0.10,0.00
2025-07-21T05:00,23.3,95,27.5,0.00,0.00,0.00
2025-07-21T06:00,23.6,95,28.0,0.00,0.00,0.00
2025-07-21T07:00,24.6,91,29.3,0.00,0.00,0.00
2025-07-21T08:00,26.3,80,30.6,0.00,0.00,0.00
2025-07-21T09:00,27.5,70,30.9,0.00,0.00,0.00
2025-07-21T10:00,28.5,64,32.0,0.00,0.00,0.00
2025-07-21T11:00,29.5,61,33.7,0.00,0.00,0.00
2025-07-21T12:00,30.1,60,34.7,0.10,0.10,0.00
2025-07-21T13:00,30.3,58,34.8,0.10,0.10,0.00
2025-07-21T14:00,30.7,57,35.1,0.00,0.00,0.00
2025-07-21T15:00,28.7,67,31.8,0.70,0.70,0.00
2025-07-21T16:00,27.9,70,31.9,0.30,0.30,0.00
2025-07-21T17:00,28.2,73,32.5,0.00,0.00,0.00
2025-07-21T18:00,27.4,81,32.9,0.00,0.00,0.00
2025-07-21T19:00,26.5,85,32.4,0.00,0.00,0.00
2025-07-21T20:00,25.9,87,31.0,0.00,0.00,0.00
2025-07-21T21:00,25.4,90,30.7,0.00,0.00,0.00
2025-07-21T22:00,25.1,89,30.3,0.00,0.00,0.00
2025-07-21T23:00,24.6,90,29.2,0.00,0.00,0.00
2025-07-22T00:00,24.2,91,28.7,0.00,0.00,0.00
2025-07-22T01:00,23.9,92,28.6,0.00,0.00,0.00
2025-07-22T02:00,23.8,94,28.3,0.00,0.00,0.00
2025-07-22T03:00,23.5,95,28.3,0.10,0.10,0.00
2025-07-22T04:00,23.7,93,27.6,0.00,0.00,0.00
2025-07-22T05:00,23.8,91,27.3,0.00,0.00,0.00
2025-07-22T06:00,25.1,85,29.0,0.00,0.00,0.00
2025-07-22T07:00,26.4,82,31.1,0.00,0.00,0.00
2025-07-22T08:00,27.9,74,32.3,0.10,0.10,0.00
2025-07-22T09:00,28.8,70,33.2,0.10,0.10,0.00
2025-07-22T10:00,27.0,76,30.2,3.90,3.90,0.00
2025-07-22T11:00,24.7,88,28.5,1.90,1.90,0.00
2025-07-22T12:00,26.1,85,30.6,0.10,0.10,0.00
2025-07-22T13:00,28.3,72,33.8,0.20,0.20,0.00
2025-07-22T14:00,28.6,71,32.8,0.20,0.20,0.00
2025-07-22T15:00,28.5,73,32.4,0.30,0.30,0.00
2025-07-22T16:00,28.2,72,31.9,0.10,0.10,0.00
2025-07-22T17:00,27.8,74,31.9,0.00,0.00,0.00
2025-07-22T18:00,27.1,81,32.3,0.00,0.00,0.00
2025-07-22T19:00,26.5,85,31.9,0.00,0.00,0.00
2025-07-22T20:00,26.0,85,30.5,0.00,0.00,0.00
2025-07-22T21:00,25.5,86,29.8,0.00,0.00,0.00
2025-07-22T22:00,25.1,88,29.4,0.00,0.00,0.00
2025-07-22T23:00,24.4,92,28.6,0.00,0.00,0.00
2025-07-23T00:00,24.3,94,28.4,0.00,0.00,0.00
2025-07-23T01:00,24.4,92,28.2,0.00,0.00,0.00
2025-07-23T02:00,24.2,94,27.9,0.00,0.00,0.00
2025-07-23T03:00,24.0,95,27.4,0.00,0.00,0.00
2025-07-23T04:00,23.9,95,27.3,0.00,0.00,0.00
2025-07-23T05:00,23.8,94,27.3,0.00,0.00,0.00
2025-07-23T06:00,23.8,93,27.0,0.00,0.00,0.00
2025-07-23T07:00,24.9,88,27.9,0.00,0.00,0.00
2025-07-23T08:00,26.2,82,29.1,0.00,0.00,0.00
2025-07-23T09:00,27.4,76,30.7,0.10,0.10,0.00
2025-07-23T10:00,28.8,72,33.2,0.10,0.10,0.00
2025-07-23T11:00,27.2,81,32.5,3.70,3.70,0.00
2025-07-23T12:00,28.8,72,33.3,0.30,0.30,0.00
2025-07-23T13:00,27.8,74,31.8,0.50,0.50,0.00
2025-07-23T14:00,28.2,74,32.2,2.10,2.10,0.00
2025-07-23T15:00,27.1,81,31.4,3.60,3.60,0.00
2025-07-23T16:00,26.6,81,30.7,0.40,0.40,0.00
2025-07-23T17:00,26.5,81,30.4,0.10,0.10,0.00
2025-07-23T18:00,25.5,90,29.6,0.30,0.30,0.00
2025-07-23T19:00,24.8,92,28.9,0.30,0.30,0.00
2025-07-23T20:00,24.5,94,28.8,0.20,0.20,0.00
2025-07-23T21:00,24.2,95,28.3,0.10,0.10,0.00
2025-07-23T22:00,24.0,95,28.1,0.50,0.50,0.00
2025-07-23T23:00,23.8,95,27.4,0.10,0.10,0.00
2025-07-24T00:00,23.6,96,26.6,0.20,0.20,0.00
2025-07-24T01:00,23.5,96,26.7,0.30,0.30,0.00
2025-07-24T02:00,23.5,96,26.6,0.40,0.40,0.00
2025-07-24T03:00,23.4,95,26.3,0.30,0.30,0.00
2025-07-24T04:00,23.3,95,26.1,0.10,0.10,0.00
2025-07-24T05:00,23.3,95,25.9,0.00,0.00,0.00
2025-07-24T06:00,23.6,93,25.9,0.00,0.00,0.00
2025-07-24T07:00,24.1,90,26.6,0.10,0.10,0.00
2025-07-24T08:00,25.0,86,26.8,0.10,0.10,0.00
2025-07-24T09:00,25.7,82,27.6,0.20,0.20,0.00
2025-07-24T10:00,26.0,81,28.0,0.20,0.20,0.00
2025-07-24T11:00,26.6,78,28.7,0.10,0.10,0.00
2025-07-24T12:00,26.4,78,28.7,0.30,0.30,0.00
2025-07-24T13:00,26.6,80,29.5,0.40,0.40,0.00
2025-07-24T14:00,27.0,79,30.6,0.20,0.20,0.00
2025-07-24T15:00,25.1,86,27.6,6.10,6.10,0.00
2025-07-24T16:00,24.4,92,27.7,3.30,3.30,0.00
2025-07-24T17:00,24.3,93,27.6,1.60,1.60,0.00
2025-07-24T18:00,24.0,93,27.0,0.30,0.30,0.00
2025-07-24T19:00,23.5,94,26.2,0.50,0.50,0.00
2025-07-24T20:00,23.3,94,26.1,0.50,0.50,0.00
2025-07-24T21:00,23.2,94,25.9,0.40,0.40,0.00
2025-07-24T22:00,23.2,94,25.8,0.50,0.50,0.00
2025-07-24T23:00,22.8,94,25.2,2.30,2.30,0.00
2025-07-25T00:00,22.9,95,25.1,1.20,1.20,0.00
2025-07-25T01:00,22.6,95,24.6,1.60,1.60,0.00
2025-07-25T02:00,22.6,95,24.5,0.50,0.50,0.00
2025-07-25T03:00,22.4,95,24.0,0.00,0.00,0.00
2025-07-25T04:00,22.1,93,23.2,0.00,0.00,0.00
2025-07-25T05:00,21.9,93,22.8,0.00,0.00,0.00
2025-07-25T06:00,22.6,91,23.9,0.00,0.00,0.00
2025-07-25T07:00,23.6,89,25.5,0.00,0.00,0.00
2025-07-25T08:00,25.3,82,26.1,0.00,0.00,0.00
2025-07-25T09:00,26.7,75,27.5,0.10,0.10,0.00
2025-07-25T10:00,26.9,75,28.4,0.20,0.20,0.00
2025-07-25T11:00,26.3,81,28.6,0.70,0.70,0.00
2025-07-25T12:00,25.5,85,28.9,0.40,0.40,0.00
2025-07-25T13:00,26.9,82,30.9,0.40,0.40,0.00
2025-07-25T14:00,27.6,80,31.6,0.30,0.30,0.00
2025-07-25T15:00,27.0,79,30.4,1.60,1.60,0.00
2025-07-25T16:00,26.0,86,29.4,1.50,1.50,0.00
2025-07-25T17:00,24.9,92,28.6,1.30,1.30,0.00
2025-07-25T18:00,25.0,90,28.8,0.20,0.20,0.00
2025-07-25T19:00,24.3,94,27.8,0.60,0.60,0.00
2025-07-25T20:00,23.9,95,27.2,0.20,0.20,0.00
2025-07-25T21:00,23.7,95,26.6,0.00,0.00,0.00
2025-07-25T22:00,23.5,95,26.4,0.20,0.20,0.00
2025-07-25T23:00,23.2,94,26.2,0.30,0.30,0.00
2025-07-26T00:00,23.0,95,25.7,0.90,0.90,0.00
2025-07-26T01:00,23.0,94,25.2,1.60,1.60,0.00
2025-07-26T02:00,23.1,94,25.4,2.50,2.50,0.00
2025-07-26T03:00,23.0,94,26.0,4.70,4.70,0.00
2025-07-26T04:00,23.0,94,25.4,5.80,5.80,0.00
2025-07-26T05:00,22.9,95,25.7,6.50,6.50,0.00
2025-07-26T06:00,23.7,93,25.1,4.40,4.40,0.00
2025-07-26T07:00,23.8,94,25.7,2.80,2.80,0.00
2025-07-26T08:00,23.8,93,26.1,2.20,2.20,0.00
2025-07-26T09:00,24.2,93,27.0,1.40,1.40,0.00
2025-07-26T10:00,24.4,93,27.7,0.50,0.50,0.00
2025-07-26T11:00,24.9,90,28.1,0.30,0.30,0.00
2025-07-26T12:00,25.4,85,28.0,0.20,0.20,0.00
2025-07-26T13:00,25.6,84,28.1,0.20,0.20,0.00
2025-07-26T14:00,26.0,82,28.4,0.10,0.10,0.00
2025-07-26T15:00,25.4,83,27.4,0.00,0.00,0.00
2025-07-26T16:00,24.8,87,27.2,0.20,0.20,0.00
2025-07-26T17:00,24.2,92,26.9,0.60,0.60,0.00
2025-07-26T18:00,23.8,90,25.9,0.40,0.40,0.00
2025-07-26T19:00,23.2,94,25.4,1.40,1.40,0.00
2025-07-26T20:00,23.1,95,25.4,1.80,1.80,0.00
2025-07-26T21:00,23.0,96,25.2,1.40,1.40,0.00
2025-07-26T22:00,22.9,96,25.2,1.10,1.10,0.00
2025-07-26T23:00,22.8,96,25.0,0.20,0.20,0.00
2025-07-27T00:00,22.8,96,25.0,0.10,0.10,0.00
2025-07-27T01:00,22.4,95,24.0,0.00,0.00,0.00
2025-07-27T02:00,22.2,94,23.5,0.00,0.00,0.00
2025-07-27T03:00,22.2,95,23.9,1.10,1.10,0.00
2025-07-27T04:00,22.2,96,24.0,0.10,0.10,0.00
2025-07-27T05:00,22.2,96,24.5,0.10,0.10,0.00
2025-07-27T06:00,23.0,95,25.0,0.10,0.10,0.00
2025-07-27T07:00,23.4,94,25.2,0.10,0.10,0.00
2025-07-27T08:00,23.9,91,25.6,0.20,0.20,0.00
2025-07-27T09:00,25.3,84,26.7,0.20,0.20,0.00
2025-07-27T10:00,27.1,76,28.8,0.20,0.20,0.00
2025-07-27T11:00,27.7,71,29.0,0.00,0.00,0.00
2025-07-27T12:00,25.9,85,28.3,0.50,0.50,0.00
2025-07-27T13:00,27.9,70,29.4,0.30,0.30,0.00
2025-07-27T14:00,27.1,80,29.5,1.10,1.10,0.00
2025-07-27T15:00,26.8,77,28.4,0.30,0.30,0.00
2025-07-27T16:00,26.7,77,28.3,0.40,0.40,0.00
2025-07-27T17:00,25.5,84,27.4,0.50,0.50,0.00
2025-07-27T18:00,24.4,86,26.4,0.00,0.00,0.00
2025-07-27T19:00,23.5,92,26.0,0.00,0.00,0.00
2025-07-27T20:00,23.1,93,25.5,0.00,0.00,0.00
2025-07-27T21:00,22.9,94,25.3,0.00,0.00,0.00
2025-07-27T22:00,22.8,94,25.0,0.00,0.00,0.00
2025-07-27T23:00,22.9,91,24.8,0.00,0.00,0.00
2025-07-28T00:00,22.6,91,24.4,0.00,0.00,0.00
2025-07-28T01:00,22.4,93,24.2,0.00,0.00,0.00
2025-07-28T02:00,22.4,92,24.1,0.00,0.00,0.00
2025-07-28T03:00,22.5,91,24.0,0.00,0.00,0.00
2025-07-28T04:00,22.3,91,23.9,0.00,0.00,0.00
2025-07-28T05:00,22.2,91,23.9,0.00,0.00,0.00
2025-07-28T06:00,23.1,86,24.5,0.00,0.00,0.00
2025-07-28T07:00,23.5,86,25.1,0.00,0.00,0.00
2025-07-28T08:00,23.9,85,25.3,0.00,0.00,0.00
2025-07-28T09:00,25.1,77,25.2,0.00,0.00,0.00
2025-07-28T10:00,25.4,77,26.1,0.00,0.00,0.00
2025-07-28T11:00,25.4,77,26.2,0.00,0.00,0.00
2025-07-28T12:00,26.1,73,26.2,0.00,0.00,0.00
2025-07-28T13:00,27.1,68,26.9,0.00,0.00,0.00
2025-07-28T14:00,26.8,70,27.0,0.00,0.00,0.00
2025-07-28T15:00,26.4,75,26.9,0.10,0.10,0.00
2025-07-28T16:00,25.6,82,27.1,0.20,0.20,0.00
2025-07-28T17:00,25.4,82,27.1,0.20,0.20,0.00
2025-07-28T18:00,24.8,83,26.5,0.00,0.00,0.00
2025-07-28T19:00,24.6,83,26.2,0.10,0.10,0.00
2025-07-28T20:00,23.5,92,25.5,3.90,3.90,0.00
2025-07-28T21:00,23.4,93,25.5,1.40,1.40,0.00
2025-07-28T22:00,23.4,93,25.5,0.00,0.00,0.00
2025-07-28T23:00,23.3,93,25.2,0.60,0.60,0.00
2025-07-29T00:00,23.0,95,24.9,2.70,2.70,0.00
2025-07-29T01:00,22.8,95,24.3,1.10,1.10,0.00
2025-07-29T02:00,22.6,96,24.1,1.70,1.70,0.00
2025-07-29T03:00,22.6,95,24.2,1.60,1.60,0.00
2025-07-29T04:00,22.5,95,24.2,1.60,1.60,0.00
2025-07-29T05:00,22.4,95,24.0,1.90,1.90,0.00
2025-07-29T06:00,22.8,95,24.6,0.30,0.30,0.00
2025-07-29T07:00,23.1,94,25.1,0.90,0.90,0.00
2025-07-29T08:00,23.3,95,25.5,2.00,2.00,0.00
2025-07-29T09:00,23.5,96,26.0,3.00,3.00,0.00
2025-07-29T10:00,23.1,93,24.3,5.20,5.20,0.00
2025-07-29T11:00,22.8,93,24.0,3.30,3.30,0.00
2025-07-29T12:00,22.9,93,23.8,2.30,2.30,0.00
2025-07-29T13:00,23.5,92,24.6,0.90,0.90,0.00
2025-07-29T14:00,23.7,93,25.2,0.70,0.70,0.00
2025-07-29T15:00,23.6,90,24.7,0.40,0.40,0.00
2025-07-29T16:00,22.8,92,23.8,1.10,1.10,0.00
2025-07-29T17:00,22.6,92,23.8,0.80,0.80,0.00
2025-07-29T18:00,22.5,93,23.9,0.40,0.40,0.00
2025-07-29T19:00,22.2,93,23.3,0.10,0.10,0.00
2025-07-29T20:00,22.0,93,22.8,0.50,0.50,0.00
2025-07-29T21:00,21.9,92,22.6,0.00,0.00,0.00
2025-07-29T22:00,21.7,91,22.4,0.10,0.10,0.00
2025-07-29T23:00,21.5,92,22.4,0.30,0.30,0.00
2025-07-30T00:00,21.4,95,22.5,0.90,0.90,0.00
2025-07-30T01:00,21.5,95,22.9,1.10,1.10,0.00
2025-07-30T02:00,21.6,95,22.8,1.70,1.70,0.00
2025-07-30T03:00,21.5,96,22.9,0.60,0.60,0.00
2025-07-30T04:00,21.6,95,22.9,0.50,0.50,0.00
2025-07-30T05:00,21.7,95,23.0,0.30,0.30,0.00
2025-07-30T06:00,22.4,94,24.1,0.90,0.90,0.00
2025-07-30T07:00,23.0,93,24.8,0.20,0.20,0.00
2025-07-30T08:00,23.7,90,25.3,0.10,0.10,0.00
2025-07-30T09:00,25.1,83,26.1,0.00,0.00,0.00
2025-07-30T10:00,25.6,80,26.8,0.00,0.00,0.00
2025-07-30T11:00,25.1,80,26.2,0.00,0.00,0.00
2025-07-30T12:00,25.7,77,26.8,0.00,0.00,0.00
2025-07-30T13:00,26.5,72,27.3,0.00,0.00,0.00
2025-07-30T14:00,26.4,73,27.5,0.00,0.00,0.00
2025-07-30T15:00,27.0,71,28.5,0.00,0.00,0.00
2025-07-30T16:00,27.2,70,28.6,0.00,0.00,0.00
2025-07-30T17:00,26.5,73,28.4,0.00,0.00,0.00
2025-07-30T18:00,25.3,76,27.2,0.00,0.00,0.00
2025-07-30T19:00,24.4,78,26.2,0.00,0.00,0.00
2025-07-30T20:00,23.7,81,25.6,0.00,0.00,0.00
2025-07-30T21:00,23.1,83,25.1,0.00,0.00,0.00
2025-07-30T22:00,22.5,87,24.9,0.00,0.00,0.00
2025-07-30T23:00,22.1,91,24.6,0.00,0.00,0.00
2025-07-31T00:00,21.8,93,24.3,0.00,0.00,0.00
2025-07-31T01:00,21.7,94,24.1,0.00,0.00,0.00
2025-07-31T02:00,21.7,94,23.8,0.00,0.00,0.00
2025-07-31T03:00,21.6,95,23.7,0.00,0.00,0.00
2025-07-31T04:00,21.9,93,24.1,0.00,0.00,0.00
2025-07-31T05:00,22.2,92,24.5,0.00,0.00,0.00
2025-07-31T06:00,22.5,91,24.2,0.00,0.00,0.00
2025-07-31T07:00,23.4,87,24.8,0.00,0.00,0.00
2025-07-31T08:00,24.9,78,25.7,0.00,0.00,0.00
2025-07-31T09:00,26.0,73,27.3,0.10,0.10,0.00
2025-07-31T10:00,27.2,67,28.8,0.10,0.10,0.00
2025-07-31T11:00,28.1,68,31.0,0.10,0.10,0.00
2025-07-31T12:00,28.4,65,31.0,0.00,0.00,0.00
2025-07-31T13:00,28.6,66,32.0,0.30,0.30,0.00
2025-07-31T14:00,28.6,64,30.7,0.10,0.10,0.00
2025-07-31T15:00,28.5,64,30.2,0.00,0.00,0.00
2025-07-31T16:00,28.2,63,29.5,0.00,0.00,0.00
2025-07-31T17:00,27.4,67,29.4,0.00,0.00,0.00
2025-07-31T18:00,25.7,76,27.8,0.00,0.00,0.00
2025-07-31T19:00,25.0,78,27.4,0.00,0.00,0.00
2025-07-31T20:00,24.5,80,27.2,0.00,0.00,0.00
2025-07-31T21:00,23.6,84,26.5,0.00,0.00,0.00
2025-07-31T22:00,23.1,86,25.8,0.00,0.00,0.00
2025-07-31T23:00,22.7,88,25.4,0.00,0.00,0.00
2025-08-01T00:00,22.5,91,25.0,0.00,0.00,0.00
2025-08-01T01:00,22.3,92,24.9,0.00,0.00,0.00
2025-08-01T02:00,22.2,94,24.7,0.00,0.00,0.00
2025-08-01T03:00,22.2,95,24.7,0.00,0.00,0.00
2025-08-01T04:00,22.2,94,24.6,0.00,0.00,0.00
2025-08-01T05:00,22.2,93,24.1,0.00,0.00,0.00
2025-08-01T06:00,23.1,88,25.4,0.00,0.00,0.00
2025-08-01T07:00,23.5,87,25.9,0.00,0.00,0.00
2025-08-01T08:00,24.5,82,26.4,0.00,0.00,0.00
2025-08-01T09:00,25.5,76,27.2,0.00,0.00,0.00
2025-08-01T10:00,26.8,70,28.7,0.00,0.00,0.00
2025-08-01T11:00,27.7,65,29.8,0.00,0.00,0.00
2025-08-01T12:00,28.9,59,31.7,0.00,0.00,0.00
2025-08-01T13:00,29.0,59,31.7,0.10,0.10,0.00
2025-08-01T14:00,29.6,57,31.9,0.20,0.20,0.00
2025-08-01T15:00,28.9,62,30.8,0.10,0.10,0.00
2025-08-01T16:00,28.5,65,30.5,0.00,0.00,0.00
2025-08-01T17:00,27.9,68,30.2,0.00,0.00,0.00
2025-08-01T18:00,26.4,74,29.1,0.00,0.00,0.00
2025-08-01T19:00,25.5,77,28.3,0.00,0.00,0.00
2025-08-01T20:00,25.0,80,27.9,0.00,0.00,0.00
2025-08-01T21:00,24.6,82,27.7,0.00,0.00,0.00
2025-08-01T22:00,24.6,82,27.6,0.00,0.00,0.00
2025-08-01T23:00,24.0,85,26.7,0.00,0.00,0.00
2025-08-02T00:00,23.6,87,25.9,0.00,0.00,0.00
2025-08-02T01:00,23.3,89,25.4,0.00,0.00,0.00
2025-08-02T02:00,22.9,91,25.2,0.00,0.00,0.00
2025-08-02T03:00,22.8,91,25.1,0.00,0.00,0.00
2025-08-02T04:00,22.6,92,25.0,0.00,0.00,0.00
2025-08-02T05:00,22.5,92,24.9,0.00,0.00,0.00
2025-08-02T06:00,23.0,89,24.9,0.00,0.00,0.00
2025-08-02T07:00,23.8,86,26.1,0.00,0.00,0.00
2025-08-02T08:00,25.4,77,27.1,0.00,0.00,0.00
2025-08-02T09:00,26.8,70,28.5,0.00,0.00,0.00
2025-08-02T10:00,27.7,67,29.9,0.10,0.10,0.00
2025-08-02T11:00,28.6,62,31.6,0.10,0.10,0.00
2025-08-02T12:00,29.1,61,32.7,0.20,0.20,0.00
2025-08-02T13:00,28.4,66,32.4,0.50,0.50,0.00
2025-08-02T14:00,28.9,64,32.3,0.10,0.10,0.00
2025-08-02T15:00,28.7,64,31.0,0.10,0.10,0.00
2025-08-02T16:00,28.1,66,30.3,0.10,0.10,0.00
2025-08-02T17:00,27.6,71,30.4,0.00,0.00,0.00
2025-08-02T18:00,26.7,73,29.7,0.00,0.00,0.00
2025-08-02T19:00,25.8,75,28.5,0.00,0.00,0.00
2025-08-02T20:00,25.0,78,27.8,0.00,0.00,0.00
2025-08-02T21:00,24.3,83,27.4,0.00,0.00,0.00
2025-08-02T22:00,24.1,84,27.1,0.00,0.00,0.00
2025-08-02T23:00,23.7,86,27.0,0.00,0.00,0.00
2025-08-03T00:00,23.4,88,26.6,0.00,0.00,0.00
2025-08-03T01:00,23.3,89,26.3,0.00,0.00,0.00
2025-08-03T02:00,23.0,90,26.0,0.00,0.00,0.00
2025-08-03T03:00,22.9,90,26.0,0.00,0.00,0.00
2025-08-03T04:00,22.8,90,25.5,0.00,0.00,0.00
2025-08-03T05:00,22.8,88,25.3,0.00,0.00,0.00
2025-08-03T06:00,23.4,86,26.0,0.00,0.00,0.00
2025-08-03T07:00,24.6,83,27.3,0.00,0.00,0.00
2025-08-03T08:00,25.8,78,28.2,0.00,0.00,0.00
2025-08-03T09:00,27.0,72,29.6,0.10,0.10,0.00
2025-08-03T10:00,27.5,70,31.1,0.20,0.20,0.00
2025-08-03T11:00,28.7,64,33.0,0.10,0.10,0.00
2025-08-03T12:00,29.7,59,34.3,0.10,0.10,0.00
2025-08-03T13:00,29.8,59,33.9,0.10,0.10,0.00
2025-08-03T14:00,29.1,61,32.2,0.20,0.20,0.00
2025-08-03T15:00,28.3,65,30.7,0.10,0.10,0.00
2025-08-03T16:00,28.0,67,30.8,0.00,0.00,0.00
2025-08-03T17:00,28.0,67,31.4,0.00,0.00,0.00
2025-08-03T18:00,26.8,74,30.7,0.00,0.00,0.00
2025-08-03T19:00,25.8,76,28.9,0.00,0.00,0.00
2025-08-03T20:00,25.3,75,27.7,0.00,0.00,0.00
2025-08-03T21:00,24.6,78,27.3,0.00,0.00,0.00
2025-08-03T22:00,24.0,82,27.0,0.00,0.00,0.00
2025-08-03T23:00,23.6,83,26.6,0.00,0.00,0.00
2025-08-04T00:00,23.3,84,26.2,0.00,0.00,0.00
2025-08-04T01:00,23.1,85,26.1,0.00,0.00,0.00
2025-08-04T02:00,22.8,86,25.7,0.00,0.00,0.00
2025-08-04T03:00,22.4,87,25.0,0.00,0.00,0.00
2025-08-04T04:00,22.3,87,24.8,0.00,0.00,0.00
2025-08-04T05:00,22.1,88,24.7,0.00,0.00,0.00
2025-08-04T06:00,23.4,85,26.1,0.00,0.00,0.00
2025-08-04T07:00,24.8,82,28.1,0.00,0.00,0.00
2025-08-04T08:00,26.2,76,29.0,0.00,0.00,0.00
2025-08-04T09:00,27.3,71,29.9,0.00,0.00,0.00
2025-08-04T10:00,28.4,65,31.7,0.00,0.00,0.00
2025-08-04T11:00,29.3,60,32.9,0.00,0.00,0.00
2025-08-04T12:00,30.1,56,34.3,0.00,0.00,0.00
2025-08-04T13:00,30.4,54,34.2,0.10,0.10,0.00
2025-08-04T14:00,30.4,55,33.9,0.20,0.20,0.00
2025-08-04T15:00,29.8,56,31.9,0.10,0.10,0.00
2025-08-04T16:00,29.0,61,31.4,0.10,0.10,0.00
2025-08-04T17:00,28.3,66,31.2,0.00,0.00,0.00
2025-08-04T18:00,27.2,74,31.5,0.00,0.00,0.00
2025-08-04T19:00,26.1,77,29.8,0.00,0.00,0.00
2025-08-04T20:00,25.5,77,28.6,0.00,0.00,0.00
2025-08-04T21:00,24.9,78,27.7,0.00,0.00,0.00
2025-08-04T22:00,24.2,81,27.3,0.00,0.00,0.00
2025-08-04T23:00,23.7,84,26.8,0.00,0.00,0.00
2025-08-05T00:00,23.6,84,26.4,0.00,0.00,0.00
2025-08-05T01:00,23.2,87,26.1,0.00,0.00,0.00
2025-08-05T02:00,23.0,88,25.8,0.00,0.00,0.00
2025-08-05T03:00,22.8,88,25.7,0.00,0.00,0.00
2025-08-05T04:00,22.8,88,25.5,0.00,0.00,0.00
2025-08-05T05:00,22.7,88,25.3,0.00,0.00,0.00
2025-08-05T06:00,24.0,84,26.7,0.00,0.00,0.00
2025-08-05T07:00,25.4,81,28.6,0.00,0.00,0.00
2025-08-05T08:00,26.5,76,29.7,0.00,0.00,0.00
2025-08-05T09:00,27.3,71,30.8,0.20,0.20,0.00
2025-08-05T10:00,28.2,66,32.0,0.20,0.20,0.00
2025-08-05T11:00,29.0,61,33.1,0.00,0.00,0.00
2025-08-05T12:00,29.6,59,34.2,0.10,0.10,0.00
2025-08-05T13:00,30.0,58,34.7,0.10,0.10,0.00
2025-08-05T14:00,30.4,56,34.4,0.10,0.10,0.00
2025-08-05T15:00,30.6,53,33.7,0.10,0.10,0.00
2025-08-05T16:00,30.1,55,32.2,0.10,0.10,0.00
2025-08-05T17:00,29.1,63,32.1,0.00,0.00,0.00
2025-08-05T18:00,27.6,71,31.5,0.00,0.00,0.00
2025-08-05T19:00,26.3,74,29.7,0.00,0.00,0.00
2025-08-05T20:00,25.5,76,28.5,0.00,0.00,0.00
2025-08-05T21:00,24.9,78,27.9,0.00,0.00,0.00
2025-08-05T22:00,24.2,82,27.4,0.00,0.00,0.00
2025-08-05T23:00,23.6,84,26.6,0.00,0.00,0.00
2025-08-06T00:00,23.0,87,26.1,0.00,0.00,0.00
2025-08-06T01:00,22.5,90,25.7,0.00,0.00,0.00
2025-08-06T02:00,22.2,91,25.4,0.00,0.00,0.00
2025-08-06T03:00,22.2,90,25.4,0.00,0.00,0.00
2025-08-06T04:00,22.3,89,25.4,0.00,0.00,0.00
2025-08-06T05:00,22.2,88,25.1,0.00,0.00,0.00
2025-08-06T06:00,23.8,79,26.2,0.00,0.00,0.00
2025-08-06T07:00,25.6,76,28.6,0.00,0.00,0.00
2025-08-06T08:00,27.3,67,30.1,0.00,0.00,0.00
2025-08-06T09:00,28.5,59,31.5,0.00,0.00,0.00
2025-08-06T10:00,29.3,56,32.8,0.10,0.10,0.00
2025-08-06T11:00,29.9,56,34.3,0.10,0.10,0.00
2025-08-06T12:00,30.4,55,35.5,0.00,0.00,0.00
2025-08-06T13:00,30.4,57,35.3,0.10,0.10,0.00
2025-08-06T14:00,29.6,58,32.4,0.10,0.10,0.00
2025-08-06T15:00,29.9,57,32.8,0.00,0.00,0.00
2025-08-06T16:00,29.4,58,31.6,0.20,0.20,0.00
2025-08-06T17:00,28.0,68,30.9,0.10,0.10,0.00
2025-08-06T18:00,27.9,69,31.5,0.00,0.00,0.00
2025-08-06T19:00,26.5,74,29.9,0.00,0.00,0.00
2025-08-06T20:00,25.6,78,29.1,0.00,0.00,0.00
2025-08-06T21:00,24.9,80,28.4,0.00,0.00,0.00
2025-08-06T22:00,24.5,82,27.8,0.00,0.00,0.00
2025-08-06T23:00,24.3,82,27.5,0.00,0.00,0.00
2025-08-07T00:00,24.2,81,27.2,0.00,0.00,0.00
2025-08-07T01:00,24.0,79,26.6,0.00,0.00,0.00
2025-08-07T02:00,23.8,79,25.9,0.00,0.00,0.00
2025-08-07T03:00,23.6,80,25.8,0.00,0.00,0.00
2025-08-07T04:00,23.4,81,25.7,0.00,0.00,0.00
2025-08-07T05:00,23.3,81,25.6,0.00,0.00,0.00
2025-08-07T06:00,24.5,80,27.1,0.00,0.00,0.00
2025-08-07T07:00,25.5,80,28.8,0.00,0.00,0.00
2025-08-07T08:00,27.0,73,29.9,0.00,0.00,0.00
2025-08-07T09:00,28.1,67,30.7,0.00,0.00,0.00
2025-08-07T10:00,28.9,64,32.3,0.00,0.00,0.00
2025-08-07T11:00,29.7,62,34.1,0.00,0.00,0.00
2025-08-07T12:00,30.1,61,35.1,0.00,0.00,0.00
2025-08-07T13:00,30.2,60,35.1,0.00,0.00,0.00
2025-08-07T14:00,29.8,60,33.7,0.30,0.30,0.00
2025-08-07T15:00,29.5,59,32.3,0.60,0.60,0.00
2025-08-07T16:00,27.9,68,30.4,0.40,0.40,0.00
2025-08-07T17:00,24.7,88,27.6,0.50,0.50,0.00
2025-08-07T18:00,24.7,90,28.1,0.20,0.20,0.00
2025-08-07T19:00,24.2,92,28.2,0.00,0.00,0.00
2025-08-07T20:00,24.0,93,28.2,0.00,0.00,0.00
2025-08-07T21:00,23.5,95,27.4,0.00,0.00,0.00
2025-08-07T22:00,23.3,96,27.1,0.00,0.00,0.00
2025-08-07T23:00,23.4,97,27.2,0.00,0.00,0.00
2025-08-08T00:00,23.1,99,27.4,0.00,0.00,0.00
2025-08-08T01:00,22.9,99,26.8,0.00,0.00,0.00
2025-08-08T02:00,22.9,96,26.5,0.00,0.00,0.00
2025-08-08T03:00,23.0,90,26.3,0.00,0.00,0.00
2025-08-08T04:00,22.2,94,24.8,0.30,0.30,0.00
2025-08-08T05:00,22.1,95,25.0,0.00,0.00,0.00
2025-08-08T06:00,22.5,97,25.9,0.00,0.00,0.00
2025-08-08T07:00,23.7,89,26.8,0.00,0.00,0.00
2025-08-08T08:00,25.2,80,28.4,0.00,0.00,0.00
2025-08-08T09:00,25.8,78,29.1,0.00,0.00,0.00
2025-08-08T10:00,27.1,73,31.2,0.30,0.30,0.00
2025-08-08T11:00,27.8,70,32.3,0.10,0.10,0.00
2025-08-08T12:00,28.3,64,32.0,0.00,0.00,0.00
2025-08-08T13:00,27.9,67,32.1,0.00,0.00,0.00
2025-08-08T14:00,24.5,83,27.1,1.80,1.80,0.00
2025-08-08T15:00,24.2,86,27.8,0.60,0.60,0.00
2025-08-08T16:00,24.6,85,28.5,0.10,0.10,0.00
2025-08-08T17:00,25.2,83,29.2,0.00,0.00,0.00
2025-08-08T18:00,24.8,91,29.6,1.50,1.50,0.00
2025-08-08T19:00,24.6,91,29.6,1.80,1.80,0.00
2025-08-08T20:00,24.3,92,29.5,1.50,1.50,0.00
2025-08-08T21:00,24.0,95,29.3,0.70,0.70,0.00
2025-08-08T22:00,23.9,95,29.2,0.20,0.20,0.00
2025-08-08T23:00,23.6,97,28.2,0.10,0.10,0.00
2025-08-09T00:00,23.3,96,27.3,0.10,0.10,0.00
2025-08-09T01:00,23.1,96,27.3,0.00,0.00,0.00
2025-08-09T02:00,23.0,96,27.5,0.00,0.00,0.00
2025-08-09T03:00,22.8,97,27.0,0.00,0.00,0.00
2025-08-09T04:00,22.3,98,26.1,0.00,0.00,0.00
2025-08-09T05:00,22.1,98,25.6,0.00,0.00,0.00
2025-08-09T06:00,23.1,96,26.7,0.00,0.00,0.00
2025-08-09T07:00,23.8,88,27.1,0.20,0.20,0.00
2025-08-09T08:00,24.3,88,27.8,0.00,0.00,0.00
2025-08-09T09:00,25.1,85,28.9,0.00,0.00,0.00
2025-08-09T10:00,26.6,79,30.8,0.00,0.00,0.00
2025-08-09T11:00,27.3,76,31.7,0.10,0.10,0.00
2025-08-09T12:00,28.4,66,33.3,0.20,0.20,0.00
2025-08-09T13:00,27.9,68,31.1,0.00,0.00,0.00
2025-08-09T14:00,28.3,67,31.9,0.00,0.00,0.00
2025-08-09T15:00,27.9,70,31.4,0.00,0.00,0.00
2025-08-09T16:00,23.8,90,27.2,3.70,3.70,0.00
2025-08-09T17:00,24.4,88,28.8,0.30,0.30,0.00
2025-08-09T18:00,26.1,74,29.3,0.00,0.00,0.00
2025-08-09T19:00,25.0,78,28.2,0.00,0.00,0.00
2025-08-09T20:00,24.2,82,27.6,0.00,0.00,0.00
2025-08-09T21:00,23.8,85,27.0,0.00,0.00,0.00
2025-08-09T22:00,23.5,87,26.6,0.00,0.00,0.00
2025-08-09T23:00,23.3,88,26.6,0.00,0.00,0.00
2025-08-10T00:00,22.9,90,26.3,0.00,0.00,0.00
2025-08-10T01:00,22.6,91,25.7,0.00,0.00,0.00
2025-08-10T02:00,22.3,91,25.3,0.00,0.00,0.00
2025-08-10T03:00,22.1,91,25.0,0.00,0.00,0.00
2025-08-10T04:00,21.8,94,24.9,0.00,0.00,0.00
2025-08-10T05:00,21.7,96,24.7,0.00,0.00,0.00
2025-08-10T06:00,22.8,91,25.5,0.00,0.00,0.00
2025-08-10T07:00,24.3,87,27.6,0.00,0.00,0.00
2025-08-10T08:00,25.9,79,29.3,0.10,0.10,0.00
2025-08-10T09:00,26.9,72,30.3,0.20,0.20,0.00
2025-08-10T10:00,27.5,69,31.7,0.30,0.30,0.00
2025-08-10T11:00,28.1,68,33.1,0.40,0.40,0.00
2025-08-10T12:00,28.6,68,34.4,0.10,0.10,0.00
2025-08-10T13:00,29.0,65,34.0,0.10,0.10,0.00
2025-08-10T14:00,29.1,65,33.0,0.10,0.10,0.00
2025-08-10T15:00,26.5,77,30.1,1.70,1.70,0.00
2025-08-10T16:00,25.9,79,29.5,0.80,0.80,0.00
2025-08-10T17:00,26.3,76,29.7,0.00,0.00,0.00
2025-08-10T18:00,25.8,85,31.0,0.00,0.00,0.00
2025-08-10T19:00,25.1,88,30.1,0.00,0.00,0.00
2025-08-10T20:00,24.4,89,29.0,0.00,0.00,0.00
2025-08-10T21:00,24.1,90,28.5,0.00,0.00,0.00
2025-08-10T22:00,23.9,89,27.7,0.00,0.00,0.00
2025-08-10T23:00,23.5,90,27.1,0.00,0.00,0.00
2025-08-11T00:00,23.4,90,26.9,0.00,0.00,0.00
2025-08-11T01:00,23.2,90,26.6,0.00,0.00,0.00
2025-08-11T02:00,23.0,92,26.4,0.00,0.00,0.00
2025-08-11T03:00,22.8,93,26.1,0.00,0.00,0.00
2025-08-11T04:00,22.6,94,25.9,0.00,0.00,0.00
2025-08-11T05:00,22.5,95,25.6,0.00,0.00,0.00
2025-08-11T06:00,23.7,91,26.8,0.00,0.00,0.00
2025-08-11T07:00,24.9,86,28.5,0.00,0.00,0.00
2025-08-11T08:00,26.0,81,29.5,0.00,0.00,0.00
2025-08-11T09:00,27.2,76,30.7,0.10,0.10,0.00
2025-08-11T10:00,28.3,72,32.9,0.10,0.10,0.00
2025-08-11T11:00,29.0,68,34.5,0.00,0.00,0.00
2025-08-11T12:00,29.3,66,34.5,0.00,0.00,0.00
2025-08-11T13:00,29.6,65,35.0,0.00,0.00,0.00
2025-08-11T14:00,28.9,69,33.2,0.10,0.10,0.00
2025-08-11T15:00,25.9,83,30.2,3.80,3.80,0.00
2025-08-11T16:00,25.9,83,29.7,0.40,0.40,0.00
2025-08-11T17:00,26.3,81,30.2,0.10,0.10,0.00
2025-08-11T18:00,26.1,79,29.9,0.00,0.00,0.00
2025-08-11T19:00,25.3,83,29.3,0.00,0.00,0.00
2025-08-11T20:00,24.9,85,28.9,0.00,0.00,0.00
2025-08-11T21:00,24.6,87,28.6,0.00,0.00,0.00
2025-08-11T22:00,24.1,88,28.1,0.00,0.00,0.00
2025-08-11T23:00,23.9,89,27.8,0.00,0.00,0.00
2025-08-12T00:00,23.7,90,27.3,0.00,0.00,0.00
2025-08-12T01:00,23.5,92,27.1,0.00,0.00,0.00
2025-08-12T02:00,23.5,93,27.1,0.00,0.00,0.00
2025-08-12T03:00,23.3,94,26.9,0.00,0.00,0.00
2025-08-12T04:00,23.2,94,26.6,0.00,0.00,0.00
2025-08-12T05:00,23.1,94,26.1,0.00,0.00,0.00
2025-08-12T06:00,24.1,90,27.3,0.00,0.00,0.00
2025-08-12T07:00,25.2,84,28.4,0.00,0.00,0.00
2025-08-12T08:00,26.3,79,29.0,0.00,0.00,0.00
2025-08-12T09:00,27.1,76,29.7,0.00,0.00,0.00
2025-08-12T10:00,28.1,72,31.5,0.00,0.00,0.00
2025-08-12T11:00,28.8,69,33.0,0.20,0.20,0.00
2025-08-12T12:00,29.4,67,33.9,0.00,0.00,0.00
2025-08-12T13:00,29.9,63,33.9,0.00,0.00,0.00
2025-08-12T14:00,28.3,73,31.9,1.00,1.00,0.00
2025-08-12T15:00,28.2,75,32.1,0.60,0.60,0.00
2025-08-12T16:00,25.9,83,29.6,1.90,1.90,0.00
2025-08-12T17:00,26.1,84,30.5,0.00,0.00,0.00
2025-08-12T18:00,26.4,80,30.7,0.00,0.00,0.00
2025-08-12T19:00,25.4,85,29.8,0.00,0.00,0.00
2025-08-12T20:00,24.9,87,28.9,0.00,0.00,0.00
2025-08-12T21:00,24.7,87,28.3,0.00,0.00,0.00
2025-08-12T22:00,24.5,87,28.1,0.00,0.00,0.00
2025-08-12T23:00,24.3,88,27.9,0.00,0.00,0.00
2025-08-13T00:00,24.2,89,27.9,0.00,0.00,0.00
2025-08-13T01:00,24.0,90,27.7,0.00,0.00,0.00
2025-08-13T02:00,23.8,90,27.2,0.30,0.30,0.00
2025-08-13T03:00,23.4,92,26.6,1.00,1.00,0.00
2025-08-13T04:00,23.4,93,26.9,3.40,3.40,0.00
2025-08-13T05:00,23.2,94,26.4,0.30,0.30,0.00
2025-08-13T06:00,23.8,90,26.3,0.00,0.00,0.00
2025-08-13T07:00,25.1,85,28.1,0.00,0.00,0.00
2025-08-13T08:00,25.1,84,26.9,1.40,1.40,0.00
2025-08-13T09:00,24.6,90,27.6,0.80,0.80,0.00
2025-08-13T10:00,24.8,91,27.8,0.80,0.80,0.00
2025-08-13T11:00,26.7,83,30.7,0.40,0.40,0.00
2025-08-13T12:00,26.7,79,29.4,0.20,0.20,0.00
2025-08-13T13:00,25.6,87,29.1,0.80,0.80,0.00
2025-08-13T14:00,26.8,78,29.2,0.30,0.30,0.00
2025-08-13T15:00,27.0,76,29.2,0.20,0.20,0.00
2025-08-13T16:00,26.9,77,29.5,0.00,0.00,0.00
2025-08-13T17:00,26.4,79,29.2,0.20,0.20,0.00
2025-08-13T18:00,24.0,91,28.7,3.60,3.60,0.00
2025-08-13T19:00,23.8,94,27.3,0.50,0.50,0.00
2025-08-13T20:00,23.4,94,26.9,0.20,0.20,0.00
2025-08-13T21:00,23.4,96,27.2,0.20,0.20,0.00
2025-08-13T22:00,23.6,96,27.3,0.00,0.00,0.00
2025-08-13T23:00,23.5,97,26.9,0.00,0.00,0.00
2025-08-14T00:00,23.1,97,26.5,0.00,0.00,0.00
2025-08-14T01:00,22.8,98,26.3,0.00,0.00,0.00
2025-08-14T02:00,22.7,98,26.2,0.00,0.00,0.00
2025-08-14T03:00,22.8,98,26.2,0.00,0.00,0.00
2025-08-14T04:00,22.8,98,26.3,0.00,0.00,0.00
2025-08-14T05:00,22.9,97,26.6,0.00,0.00,0.00
2025-08-14T06:00,23.2,97,27.2,0.00,0.00,0.00
2025-08-14T07:00,24.3,92,28.4,0.00,0.00,0.00
2025-08-14T08:00,25.4,86,29.4,0.10,0.10,0.00
2025-08-14T09:00,26.4,84,30.6,0.00,0.00,0.00
2025-08-14T10:00,27.7,77,32.5,0.00,0.00,0.00
2025-08-14T11:00,27.4,75,31.0,0.20,0.20,0.00
2025-08-14T12:00,28.1,73,32.4,0.10,0.10,0.00
2025-08-14T13:00,28.6,72,34.2,0.20,0.20,0.00
2025-08-14T14:00,28.9,72,34.7,0.40,0.40,0.00
2025-08-14T15:00,29.1,71,34.3,0.10,0.10,0.00
2025-08-14T16:00,28.1,74,32.1,0.20,0.20,0.00
2025-08-14T17:00,25.0,88,28.4,2.50,2.50,0.00
2025-08-14T18:00,26.7,81,32.0,0.00,0.00,0.00
2025-08-14T19:00,25.6,87,30.6,0.00,0.00,0.00
2025-08-14T20:00,25.0,88,29.3,0.00,0.00,0.00
2025-08-14T21:00,24.7,89,28.6,0.00,0.00,0.00
2025-08-14T22:00,24.1,93,28.9,0.00,0.00,0.00
2025-08-14T23:00,23.7,95,28.2,0.00,0.00,0.00
2025-08-15T00:00,23.2,97,28.2,0.00,0.00,0.00
2025-08-15T01:00,23.1,97,27.5,0.00,0.00,0.00
2025-08-15T02:00,22.9,96,27.2,0.00,0.00,0.00
2025-08-15T03:00,22.6,96,26.8,0.00,0.00,0.00
2025-08-15T04:00,22.5,96,26.5,0.00,0.00,0.00
2025-08-15T05:00,22.1,95,25.2,0.10,0.10,0.00
2025-08-15T06:00,23.9,92,28.6,0.10,0.10,0.00
2025-08-15T07:00,24.8,90,29.6,0.00,0.00,0.00
2025-08-15T08:00,25.4,90,30.0,0.10,0.10,0.00
2025-08-15T09:00,24.8,93,29.5,1.00,1.00,0.00
2025-08-15T10:00,25.3,91,30.1,0.40,0.40,0.00
2025-08-15T11:00,27.5,82,34.2,0.20,0.20,0.00
2025-08-15T12:00,28.1,77,33.8,0.20,0.20,0.00
2025-08-15T13:00,28.8,72,34.0,0.10,0.10,0.00
2025-08-15T14:00,25.2,88,28.9,1.80,1.80,0.00
2025-08-15T15:00,25.8,86,30.5,0.20,0.20,0.00
2025-08-15T16:00,26.3,84,30.5,0.10,0.10,0.00
2025-08-15T17:00,26.2,85,30.4,0.00,0.00,0.00
2025-08-15T18:00,25.6,88,30.4,0.00,0.00,0.00
2025-08-15T19:00,25.0,92,30.1,0.00,0.00,0.00
2025-08-15T20:00,24.7,93,29.8,0.00,0.00,0.00
2025-08-15T21:00,24.6,93,29.1,0.00,0.00,0.00
2025-08-15T22:00,24.1,95,28.9,0.00,0.00,0.00
2025-08-15T23:00,23.2,96,26.5,1.70,1.70,0.00
2025-08-16T00:00,22.9,95,25.9,0.00,0.00,0.00
2025-08-16T01:00,22.9,94,26.0,0.00,0.00,0.00
2025-08-16T02:00,23.3,95,26.2,0.00,0.00,0.00
2025-08-16T03:00,23.0,96,26.5,0.00,0.00,0.00
2025-08-16T04:00,23.1,96,26.6,0.00,0.00,0.00
2025-08-16T05:00,22.8,97,26.9,0.10,0.10,0.00
2025-08-16T06:00,24.0,96,27.7,0.20,0.20,0.00
2025-08-16T07:00,24.9,92,28.7,0.00,0.00,0.00
2025-08-16T08:00,26.0,88,30.2,0.10,0.10,0.00
2025-08-16T09:00,26.9,83,31.1,0.40,0.40,0.00
2025-08-16T10:00,26.9,83,30.4,3.20,3.20,0.00
2025-08-16T11:00,23.8,93,27.8,10.20,10.20,0.00
2025-08-16T12:00,26.1,87,30.4,0.20,0.20,0.00
2025-08-16T13:00,26.5,86,31.3,0.30,0.30,0.00
2025-08-16T14:00,27.0,81,31.6,0.10,0.10,0.00
2025-08-16T15:00,26.7,81,30.6,0.70,0.70,0.00
2025-08-16T16:00,26.3,85,31.0,0.10,0.10,0.00
2025-08-16T17:00,26.1,86,31.3,0.10,0.10,0.00
2025-08-16T18:00,24.3,93,28.9,0.00,0.00,0.00
2025-08-16T19:00,23.7,96,28.3,0.00,0.00,0.00
2025-08-16T20:00,23.5,96,27.8,0.00,0.00,0.00
2025-08-16T21:00,23.3,96,27.4,0.00,0.00,0.00
2025-08-16T22:00,23.3,96,27.4,0.00,0.00,0.00
2025-08-16T23:00,23.2,96,27.3,0.00,0.00,0.00
2025-08-17T00:00,23.0,97,27.0,0.10,0.10,0.00
2025-08-17T01:00,22.9,98,26.9,0.10,0.10,0.00
2025-08-17T02:00,22.7,99,26.9,0.00,0.00,0.00
2025-08-17T03:00,22.7,100,26.8,0.00,0.00,0.00
2025-08-17T04:00,22.8,99,26.8,0.00,0.00,0.00
2025-08-17T05:00,23.0,98,26.9,0.10,0.10,0.00
2025-08-17T06:00,23.2,98,27.2,0.10,0.10,0.00
2025-08-17T07:00,23.4,98,26.9,0.10,0.10,0.00
2025-08-17T08:00,24.4,92,27.6,0.20,0.20,0.00
2025-08-17T09:00,26.1,86,29.8,0.10,0.10,0.00
2025-08-17T10:00,27.4,78,31.2,0.00,0.00,0.00
2025-08-17T11:00,26.3,81,29.0,0.40,0.40,0.00
2025-08-17T12:00,27.5,79,32.2,0.60,0.60,0.00
2025-08-17T13:00,28.1,75,33.3,0.20,0.20,0.00
2025-08-17T14:00,28.4,74,33.5,0.40,0.40,0.00
2025-08-17T15:00,28.7,75,34.0,0.00,0.00,0.00
2025-08-17T16:00,26.1,84,29.4,6.30,6.30,0.00
2025-08-17T17:00,25.6,85,30.5,1.80,1.80,0.00
2025-08-17T18:00,26.1,84,30.7,0.00,0.00,0.00
2025-08-17T19:00,24.7,91,29.6,0.00,0.00,0.00
2025-08-17T20:00,24.8,90,29.4,0.00,0.00,0.00
2025-08-17T21:00,24.3,92,29.1,0.00,0.00,0.00
2025-08-17T22:00,24.0,94,28.7,0.00,0.00,0.00
2025-08-17T23:00,23.7,95,28.4,0.00,0.00,0.00
2025-08-18T00:00,23.6,95,28.2,0.00,0.00,0.00
2025-08-18T01:00,23.2,96,27.2,0.00,0.00,0.00
2025-08-18T02:00,22.8,97,26.8,0.00,0.00,0.00
2025-08-18T03:00,22.5,97,26.9,0.00,0.00,0.00
2025-08-18T04:00,22.5,98,26.7,0.00,0.00,0.00
2025-08-18T05:00,22.4,94,25.9,0.40,0.40,0.00
2025-08-18T06:00,23.7,93,27.9,0.00,0.00,0.00
2025-08-18T07:00,24.2,91,28.3,0.50,0.50,0.00
2025-08-18T08:00,24.5,89,28.3,1.00,1.00,0.00
2025-08-18T09:00,26.2,85,30.7,0.10,0.10,0.00
2025-08-18T10:00,27.4,80,32.4,0.20,0.20,0.00
2025-08-18T11:00,28.2,76,33.8,0.20,0.20,0.00
2025-08-18T12:00,28.1,74,33.2,0.30,0.30,0.00
2025-08-18T13:00,26.9,79,30.7,2.60,2.60,0.00
2025-08-18T14:00,25.2,88,28.9,0.30,0.30,0.00
2025-08-18T15:00,27.0,79,31.1,0.10,0.10,0.00
2025-08-18T16:00,27.3,77,31.4,0.10,0.10,0.00
2025-08-18T17:00,26.1,82,30.2,2.20,2.20,0.00
2025-08-18T18:00,25.9,89,31.5,0.10,0.10,0.00
2025-08-18T19:00,25.2,93,30.8,0.10,0.10,0.00
2025-08-18T20:00,24.9,93,29.9,0.00,0.00,0.00
2025-08-18T21:00,24.6,94,29.0,0.00,0.00,0.00
2025-08-18T22:00,24.0,94,28.3,0.00,0.00,0.00
2025-08-18T23:00,23.6,94,27.1,0.00,0.00,0.00
2025-08-19T00:00,23.4,95,27.2,0.00,0.00,0.00
2025-08-19T01:00,23.3,96,27.0,0.00,0.00,0.00
2025-08-19T02:00,23.3,97,27.2,0.00,0.00,0.00
2025-08-19T03:00,23.4,97,27.2,0.10,0.10,0.00
2025-08-19T04:00,23.3,97,27.2,0.00,0.00,0.00
2025-08-19T05:00,22.9,91,27.0,4.40,4.40,0.00
2025-08-19T06:00,23.3,94,27.2,0.90,0.90,0.00
2025-08-19T07:00,24.2,94,28.0,0.00,0.00,0.00
2025-08-19T08:00,25.2,89,29.6,0.20,0.20,0.00
2025-08-19T09:00,26.6,84,31.0,0.10,0.10,0.00
2025-08-19T10:00,27.5,78,31.9,0.10,0.10,0.00
2025-08-19T11:00,27.6,76,31.7,0.20,0.20,0.00
2025-08-19T12:00,27.6,75,31.6,0.20,0.20,0.00
2025-08-19T13:00,28.4,72,32.9,0.10,0.10,0.00
2025-08-19T14:00,26.1,81,29.8,0.50,0.50,0.00
2025-08-19T15:00,27.1,80,32.0,0.20,0.20,0.00
2025-08-19T16:00,26.8,81,31.6,0.20,0.20,0.00
2025-08-19T17:00,24.2,90,28.5,8.50,8.50,0.00
2025-08-19T18:00,23.7,92,28.3,1.10,1.10,0.00
2025-08-19T19:00,23.5,94,28.0,0.20,0.20,0.00
2025-08-19T20:00,23.2,97,27.8,0.10,0.10,0.00
2025-08-19T21:00,23.0,98,28.2,0.10,0.10,0.00
2025-08-19T22:00,22.9,98,27.7,0.00,0.00,0.00
2025-08-19T23:00,22.8,98,27.5,0.00,0.00,0.00
2025-08-20T00:00,22.5,99,27.6,0.00,0.00,0.00
2025-08-20T01:00,22.4,100,27.0,0.00,0.00,0.00
2025-08-20T02:00,22.4,99,27.0,0.00,0.00,0.00
2025-08-20T03:00,22.4,100,26.6,0.00,0.00,0.00
2025-08-20T04:00,22.5,98,26.7,0.00,0.00,0.00
2025-08-20T05:00,22.7,97,26.8,0.00,0.00,0.00
2025-08-20T06:00,23.2,96,27.4,0.70,0.70,0.00
2025-08-20T07:00,23.4,95,28.1,0.70,0.70,0.00
2025-08-20T08:00,23.7,94,28.3,1.20,1.20,0.00
2025-08-20T09:00,24.0,94,28.5,1.40,1.40,0.00
2025-08-20T10:00,24.4,91,28.4,1.60,1.60,0.00
2025-08-20T11:00,24.4,91,28.3,1.60,1.60,0.00
2025-08-20T12:00,25.2,93,30.3,0.90,0.90,0.00
2025-08-20T13:00,24.7,92,28.9,0.80,0.80,0.00
2025-08-20T14:00,24.8,90,29.2,3.10,3.10,0.00
2025-08-20T15:00,24.0,91,27.5,0.80,0.80,0.00
2025-08-20T16:00,24.2,92,28.4,0.50,0.50,0.00
2025-08-20T17:00,24.2,91,27.6,0.00,0.00,0.00
2025-08-20T18:00,23.4,96,27.0,0.80,0.80,0.00
2025-08-20T19:00,23.1,97,26.9,0.40,0.40,0.00
2025-08-20T20:00,23.1,97,26.3,0.10,0.10,0.00
2025-08-20T21:00,22.8,97,25.9,0.20,0.20,0.00
2025-08-20T22:00,22.6,98,25.5,0.30,0.30,0.00
2025-08-20T23:00,22.7,98,25.3,0.10,0.10,0.00
2025-08-21T00:00,22.6,97,25.2,0.10,0.10,0.00
2025-08-21T01:00,22.5,96,25.0,0.30,0.30,0.00
2025-08-21T02:00,22.5,95,24.7,0.10,0.10,0.00
2025-08-21T03:00,22.3,96,24.8,0.00,0.00,0.00
2025-08-21T04:00,22.4,94,24.8,0.00,0.00,0.00
2025-08-21T05:00,22.2,96,25.0,0.00,0.00,0.00
2025-08-21T06:00,22.4,98,25.6,0.10,0.10,0.00
2025-08-21T07:00,22.6,97,25.1,0.10,0.10,0.00
2025-08-21T08:00,23.7,90,25.9,0.20,0.20,0.00
2025-08-21T09:00,25.1,82,27.1,0.20,0.20,0.00
2025-08-21T10:00,26.3,79,28.7,0.00,0.00,0.00
2025-08-21T11:00,26.9,72,29.2,0.10,0.10,0.00
2025-08-21T12:00,27.5,72,30.6,0.30,0.30,0.00
2025-08-21T13:00,26.5,80,30.0,5.90,5.90,0.00
2025-08-21T14:00,24.6,91,27.6,7.40,7.40,0.00
2025-08-21T15:00,24.4,89,27.7,0.40,0.40,0.00
2025-08-21T16:00,25.0,91,28.6,0.30,0.30,0.00
2025-08-21T17:00,24.0,91,27.1,1.90,1.90,0.00
2025-08-21T18:00,23.8,92,27.4,0.00,0.00,0.00
2025-08-21T19:00,23.3,96,26.7,0.00,0.00,0.00
2025-08-21T20:00,23.5,94,26.6,0.00,0.00,0.00
2025-08-21T21:00,23.3,93,26.1,0.00,0.00,0.00
2025-08-21T22:00,23.1,94,25.7,0.00,0.00,0.00
2025-08-21T23:00,22.8,96,25.6,0.00,0.00,0.00
2025-08-22T00:00,22.7,93,24.8,0.00,0.00,0.00
2025-08-22T01:00,22.5,92,24.5,0.00,0.00,0.00
2025-08-22T02:00,22.6,92,24.5,0.00,0.00,0.00
2025-08-22T03:00,22.8,92,24.5,0.00,0.00,0.00
2025-08-22T04:00,22.8,91,24.5,0.00,0.00,0.00
2025-08-22T05:00,22.6,91,24.3,0.00,0.00,0.00
2025-08-22T06:00,23.1,91,25.1,0.00,0.00,0.00
2025-08-22T07:00,23.9,88,25.8,0.00,0.00,0.00
2025-08-22T08:00,24.7,83,25.7,0.00,0.00,0.00
2025-08-22T09:00,25.7,80,26.9,0.10,0.10,0.00
2025-08-22T10:00,26.5,77,27.8,0.10,0.10,0.00
2025-08-22T11:00,25.2,79,25.6,0.60,0.60,0.00
2025-08-22T12:00,25.8,82,28.3,0.30,0.30,0.00
2025-08-22T13:00,24.6,86,26.9,1.60,1.60,0.00
2025-08-22T14:00,24.5,85,26.3,0.20,0.20,0.00
2025-08-22T15:00,24.8,83,26.3,0.10,0.10,0.00
2025-08-22T16:00,24.6,85,26.2,0.20,0.20,0.00
2025-08-22T17:00,24.3,88,26.6,0.00,0.00,0.00
2025-08-22T18:00,23.5,90,25.4,0.20,0.20,0.00
2025-08-22T19:00,23.3,89,25.0,0.00,0.00,0.00
2025-08-22T20:00,23.3,89,24.9,0.00,0.00,0.00
2025-08-22T21:00,23.2,89,24.6,0.00,0.00,0.00
2025-08-22T22:00,22.9,89,24.0,0.10,0.10,0.00
2025-08-22T23:00,22.6,91,23.9,0.20,0.20,0.00
2025-08-23T00:00,22.5,91,23.5,0.00,0.00,0.00
2025-08-23T01:00,22.5,91,23.4,0.00,0.00,0.00
2025-08-23T02:00,22.4,90,23.2,0.00,0.00,0.00
2025-08-23T03:00,22.3,90,23.2,0.00,0.00,0.00
2025-08-23T04:00,22.3,90,23.5,0.00,0.00,0.00
2025-08-23T05:00,22.3,89,23.4,0.00,0.00,0.00
2025-08-23T06:00,22.1,94,23.4,0.80,0.80,0.00
2025-08-23T07:00,22.1,95,23.6,0.30,0.30,0.00
2025-08-23T08:00,22.4,94,23.7,1.30,1.30,0.00
2025-08-23T09:00,22.7,93,24.0,0.30,0.30,0.00
2025-08-23T10:00,23.4,89,24.6,0.10,0.10,0.00
2025-08-23T11:00,23.9,86,24.8,0.20,0.20,0.00
2025-08-23T12:00,24.1,86,25.4,0.10,0.10,0.00
2025-08-23T13:00,25.3,80,26.5,0.50,0.50,0.00
2025-08-23T14:00,26.4,78,28.2,1.00,1.00,0.00
2025-08-23T15:00,26.4,78,28.6,0.20,0.20,0.00
2025-08-23T16:00,24.7,82,26.3,0.10,0.10,0.00
2025-08-23T17:00,24.7,83,26.8,0.10,0.10,0.00
2025-08-23T18:00,23.6,89,26.4,0.20,0.20,0.00
2025-08-23T19:00,22.8,92,24.9,0.30,0.30,0.00
2025-08-23T20:00,22.8,93,25.0,0.10,0.10,0.00
2025-08-23T21:00,22.6,93,24.4,0.00,0.00,0.00
2025-08-23T22:00,22.5,93,24.0,0.00,0.00,0.00
2025-08-23T23:00,22.4,93,23.6,0.30,0.30,0.00
2025-08-24T00:00,22.1,94,23.3,0.80,0.80,0.00
2025-08-24T01:00,21.9,94,23.0,0.90,0.90,0.00
2025-08-24T02:00,21.7,94,22.4,1.20,1.20,0.00
2025-08-24T03:00,21.5,94,22.3,1.40,1.40,0.00
2025-08-24T04:00,21.5,95,22.5,1.20,1.20,0.00
2025-08-24T05:00,21.4,95,22.6,1.20,1.20,0.00
2025-08-24T06:00,21.9,94,22.9,0.10,0.10,0.00
2025-08-24T07:00,22.4,92,23.3,0.00,0.00,0.00
2025-08-24T08:00,23.3,88,23.8,0.00,0.00,0.00
2025-08-24T09:00,24.1,82,24.0,0.00,0.00,0.00
2025-08-24T10:00,24.9,78,24.6,0.00,0.00,0.00
2025-08-24T11:00,25.4,76,25.1,0.00,0.00,0.00
2025-08-24T12:00,25.8,75,25.5,0.00,0.00,0.00
2025-08-24T13:00,26.0,75,26.6,0.10,0.10,0.00
2025-08-24T14:00,25.7,77,26.3,0.10,0.10,0.00
2025-08-24T15:00,26.0,74,26.7,0.10,0.10,0.00
2025-08-24T16:00,26.0,74,26.9,0.00,0.00,0.00
2025-08-24T17:00,25.6,77,27.3,0.00,0.00,0.00
2025-08-24T18:00,24.2,84,26.1,0.00,0.00,0.00
2025-08-24T19:00,22.9,90,24.7,0.60,0.60,0.00
2025-08-24T20:00,22.9,92,24.7,0.30,0.30,0.00
2025-08-24T21:00,22.5,93,24.1,0.10,0.10,0.00
2025-08-24T22:00,22.4,93,23.6,0.30,0.30,0.00
2025-08-24T23:00,22.3,94,23.8,1.00,1.00,0.00
2025-08-25T00:00,22.1,95,23.8,0.00,0.00,0.00
2025-08-25T01:00,22.2,93,23.7,0.00,0.00,0.00
2025-08-25T02:00,21.9,93,23.3,0.00,0.00,0.00
2025-08-25T03:00,21.8,93,23.4,0.00,0.00,0.00
2025-08-25T04:00,21.8,94,23.4,0.10,0.10,0.00
2025-08-25T05:00,21.7,94,23.3,0.00,0.00,0.00
2025-08-25T06:00,22.0,93,23.6,0.00,0.00,0.00
2025-08-25T07:00,22.8,91,24.4,0.00,0.00,0.00
2025-08-25T08:00,24.3,82,24.8,0.00,0.00,0.00
2025-08-25T09:00,25.4,77,25.9,0.10,0.10,0.00
2025-08-25T10:00,25.0,80,26.2,0.10,0.10,0.00
2025-08-25T11:00,26.0,75,27.1,0.10,0.10,0.00
2025-08-25T12:00,26.8,73,28.9,0.30,0.30,0.00
2025-08-25T13:00,27.0,75,29.9,0.30,0.30,0.00
2025-08-25T14:00,26.5,78,29.0,0.80,0.80,0.00
2025-08-25T15:00,27.1,73,29.1,0.20,0.20,0.00
2025-08-25T16:00,27.1,73,29.2,0.10,0.10,0.00
2025-08-25T17:00,24.8,86,27.7,1.50,1.50,0.00
2025-08-25T18:00,23.9,92,27.3,0.10,0.10,0.00
2025-08-25T19:00,23.3,95,26.9,0.00,0.00,0.00
2025-08-25T20:00,23.0,96,26.5,0.00,0.00,0.00
2025-08-25T21:00,22.9,96,26.4,0.00,0.00,0.00
2025-08-25T22:00,22.6,97,25.9,0.00,0.00,0.00
2025-08-25T23:00,22.5,98,26.2,0.00,0.00,0.00
2025-08-26T00:00,22.2,98,26.2,0.00,0.00,0.00
2025-08-26T01:00,22.1,98,25.9,0.00,0.00,0.00
2025-08-26T02:00,22.1,98,25.8,0.00,0.00,0.00
2025-08-26T03:00,22.0,97,25.5,0.00,0.00,0.00
2025-08-26T04:00,22.2,96,25.6,0.00,0.00,0.00
2025-08-26T05:00,22.3,95,25.7,0.00,0.00,0.00
2025-08-26T06:00,22.5,96,25.9,0.00,0.00,0.00
2025-08-26T07:00,23.8,89,26.5,0.00,0.00,0.00
2025-08-26T08:00,25.0,83,27.8,0.00,0.00,0.00
2025-08-26T09:00,26.3,77,29.3,0.00,0.00,0.00
2025-08-26T10:00,27.6,74,32.1,0.10,0.10,0.00
2025-08-26T11:00,28.5,70,34.2,0.10,0.10,0.00
2025-08-26T12:00,28.4,70,33.5,0.40,0.40,0.00
2025-08-26T13:00,27.4,74,31.8,1.10,1.10,0.00
2025-08-26T14:00,26.4,79,30.4,2.60,2.60,0.00
2025-08-26T15:00,26.1,80,29.8,0.40,0.40,0.00
2025-08-26T16:00,26.1,81,30.7,0.10,0.10,0.00
2025-08-26T17:00,25.2,84,29.5,4.00,4.00,0.00
2025-08-26T18:00,24.2,93,29.4,0.00,0.00,0.00
2025-08-26T19:00,23.6,96,28.5,0.00,0.00,0.00
2025-08-26T20:00,23.6,96,28.3,0.00,0.00,0.00
2025-08-26T21:00,23.7,95,28.1,0.00,0.00,0.00
2025-08-26T22:00,23.5,94,27.7,0.00,0.00,0.00
2025-08-26T23:00,23.4,94,27.0,0.00,0.00,0.00
2025-08-27T00:00,23.2,94,26.5,0.00,0.00,0.00
2025-08-27T01:00,23.0,95,26.2,0.00,0.00,0.00
2025-08-27T02:00,22.7,96,25.9,0.00,0.00,0.00
2025-08-27T03:00,22.5,96,25.8,0.00,0.00,0.00
2025-08-27T04:00,22.4,97,25.8,0.00,0.00,0.00
2025-08-27T05:00,22.3,97,25.8,0.00,0.00,0.00
2025-08-27T06:00,23.1,95,26.5,0.00,0.00,0.00
2025-08-27T07:00,24.2,89,27.5,0.00,0.00,0.00
2025-08-27T08:00,25.3,85,29.1,0.00,0.00,0.00
2025-08-27T09:00,27.4,74,31.1,0.00,0.00,0.00
2025-08-27T10:00,28.0,73,32.9,0.10,0.10,0.00
2025-08-27T11:00,28.4,73,34.2,0.20,0.20,0.00
2025-08-27T12:00,28.5,72,33.6,0.20,0.20,0.00
2025-08-27T13:00,28.3,73,33.0,1.50,1.50,0.00
2025-08-27T14:00,26.7,83,31.9,0.70,0.70,0.00
2025-08-27T15:00,26.9,79,31.7,0.10,0.10,0.00
2025-08-27T16:00,27.1,79,32.1,0.10,0.10,0.00
2025-08-27T17:00,24.8,87,29.2,8.70,8.70,0.00
2025-08-27T18:00,25.4,87,29.9,0.00,0.00,0.00
2025-08-27T19:00,24.5,91,28.5,0.00,0.00,0.00
2025-08-27T20:00,23.9,92,27.1,0.80,0.80,0.00
2025-08-27T21:00,23.3,94,26.8,0.10,0.10,0.00
2025-08-27T22:00,22.8,95,25.8,0.00,0.00,0.00
2025-08-27T23:00,22.5,94,26.3,0.00,0.00,0.00
2025-08-28T00:00,22.2,94,25.0,0.00,0.00,0.00
2025-08-28T01:00,22.2,94,25.4,0.00,0.00,0.00
2025-08-28T02:00,22.1,95,25.2,0.00,0.00,0.00
2025-08-28T03:00,21.9,96,25.0,0.00,0.00,0.00
2025-08-28T04:00,21.8,96,24.8,0.00,0.00,0.00
2025-08-28T05:00,21.8,96,24.8,0.00,0.00,0.00
2025-08-28T06:00,23.4,95,27.4,0.00,0.00,0.00
2025-08-28T07:00,24.6,92,29.0,0.00,0.00,0.00
2025-08-28T08:00,25.9,87,31.1,0.00,0.00,0.00
2025-08-28T09:00,27.0,84,32.0,0.20,0.20,0.00
2025-08-28T10:00,28.1,74,33.1,0.10,0.10,0.00
2025-08-28T11:00,28.5,72,32.9,0.00,0.00,0.00
2025-08-28T12:00,28.3,73,32.7,0.10,0.10,0.00
2025-08-28T13:00,28.7,72,33.9,0.20,0.20,0.00
2025-08-28T14:00,25.6,85,29.5,2.60,2.60,0.00
2025-08-28T15:00,26.0,85,30.6,0.50,0.50,0.00
2025-08-28T16:00,26.3,85,31.8,0.10,0.10,0.00
2025-08-28T17:00,26.5,82,31.4,0.30,0.30,0.00
2025-08-28T18:00,25.3,88,30.1,0.00,0.00,0.00
2025-08-28T19:00,24.3,94,29.1,0.00,0.00,0.00
2025-08-28T20:00,23.8,96,29.2,0.00,0.00,0.00
2025-08-28T21:00,23.2,98,28.4,0.00,0.00,0.00
2025-08-28T22:00,23.1,98,27.8,0.00,0.00,0.00
2025-08-28T23:00,23.2,94,26.8,0.10,0.10,0.00
2025-08-29T00:00,22.9,96,27.5,0.30,0.30,0.00
2025-08-29T01:00,22.5,97,26.9,0.10,0.10,0.00
2025-08-29T02:00,22.2,98,26.6,0.20,0.20,0.00
2025-08-29T03:00,22.1,97,26.7,0.00,0.00,0.00
2025-08-29T04:00,21.9,98,26.2,0.00,0.00,0.00
2025-08-29T05:00,22.0,98,25.9,0.00,0.00,0.00
2025-08-29T06:00,22.8,96,26.6,0.10,0.10,0.00
2025-08-29T07:00,23.8,92,27.3,0.00,0.00,0.00
2025-08-29T08:00,25.0,88,29.3,0.00,0.00,0.00
2025-08-29T09:00,26.0,86,30.8,0.00,0.00,0.00
2025-08-29T10:00,26.6,79,30.9,0.10,0.10,0.00
2025-08-29T11:00,27.1,77,31.2,0.20,0.20,0.00
2025-08-29T12:00,27.5,77,32.0,0.10,0.10,0.00
2025-08-29T13:00,28.1,74,32.9,0.00,0.00,0.00
2025-08-29T14:00,26.8,78,30.9,0.70,0.70,0.00
2025-08-29T15:00,27.0,79,31.7,0.40,0.40,0.00
2025-08-29T16:00,26.4,83,30.7,1.80,1.80,0.00
2025-08-29T17:00,25.4,88,30.1,1.10,1.10,0.00
2025-08-29T18:00,25.4,86,29.8,0.10,0.10,0.00
2025-08-29T19:00,24.5,93,29.0,0.00,0.00,0.00
2025-08-29T20:00,23.9,95,28.7,0.00,0.00,0.00
2025-08-29T21:00,23.8,95,28.9,0.00,0.00,0.00
2025-08-29T22:00,23.6,95,28.0,0.10,0.10,0.00
2025-08-29T23:00,23.4,95,28.1,0.00,0.00,0.00
2025-08-30T00:00,23.2,94,27.5,0.00,0.00,0.00
2025-08-30T01:00,23.0,95,27.4,0.00,0.00,0.00
2025-08-30T02:00,22.6,97,27.2,0.00,0.00,0.00
2025-08-30T03:00,22.2,98,26.9,0.00,0.00,0.00
2025-08-30T04:00,21.8,100,26.2,0.00,0.00,0.00
2025-08-30T05:00,21.8,100,26.4,0.00,0.00,0.00
2025-08-30T06:00,22.9,100,27.8,0.00,0.00,0.00
2025-08-30T07:00,23.7,96,28.4,0.10,0.10,0.00
2025-08-30T08:00,24.7,90,29.2,0.10,0.10,0.00
2025-08-30T09:00,25.9,83,30.2,0.10,0.10,0.00
2025-08-30T10:00,27.0,76,32.2,0.20,0.20,0.00
2025-08-30T11:00,27.8,72,33.2,0.20,0.20,0.00
2025-08-30T12:00,28.2,72,33.5,0.20,0.20,0.00
2025-08-30T13:00,28.4,72,32.9,0.00,0.00,0.00
2025-08-30T14:00,26.6,79,30.3,0.40,0.40,0.00
2025-08-30T15:00,27.4,80,32.0,0.40,0.40,0.00
2025-08-30T16:00,25.7,86,29.8,1.40,1.40,0.00
2025-08-30T17:00,25.3,88,29.3,0.10,0.10,0.00
2025-08-30T18:00,25.0,92,29.6,0.00,0.00,0.00
2025-08-30T19:00,24.3,95,29.0,0.00,0.00,0.00
2025-08-30T20:00,23.9,97,28.4,0.00,0.00,0.00
2025-08-30T21:00,23.7,97,27.9,0.00,0.00,0.00
2025-08-30T22:00,23.6,97,28.2,0.00,0.00,0.00
2025-08-30T23:00,23.2,98,27.6,0.00,0.00,0.00
2025-08-31T00:00,23.0,99,27.6,0.00,0.00,0.00
2025-08-31T01:00,23.0,100,27.6,0.00,0.00,0.00
2025-08-31T02:00,23.2,99,27.6,0.00,0.00,0.00
2025-08-31T03:00,22.9,98,27.0,0.00,0.00,0.00
2025-08-31T04:00,22.7,97,26.9,0.00,0.00,0.00
2025-08-31T05:00,22.7,97,26.8,0.00,0.00,0.00
2025-08-31T06:00,23.4,95,27.4,0.00,0.00,0.00
2025-08-31T07:00,24.3,91,28.6,0.00,0.00,0.00
2025-08-31T08:00,25.4,84,29.5,0.00,0.00,0.00
2025-08-31T09:00,26.3,79,30.3,0.10,0.10,0.00
2025-08-31T10:00,27.1,77,31.5,0.40,0.40,0.00
2025-08-31T11:00,27.6,81,32.8,0.30,0.30,0.00
2025-08-31T12:00,27.4,79,31.7,1.10,1.10,0.00
2025-08-31T13:00,25.1,88,28.4,1.40,1.40,0.00
2025-08-31T14:00,25.8,85,28.8,1.00,1.00,0.00
2025-08-31T15:00,26.3,78,28.3,0.10,0.10,0.00
2025-08-31T16:00,26.3,78,28.6,0.00,0.00,0.00
2025-08-31T17:00,26.3,78,29.1,0.00,0.00,0.00
2025-08-31T18:00,24.5,91,28.0,0.00,0.00,0.00
2025-08-31T19:00,24.0,92,27.4,0.00,0.00,0.00
2025-08-31T20:00,23.6,93,26.7,0.00,0.00,0.00
2025-08-31T21:00,23.5,94,26.8,0.00,0.00,0.00
2025-08-31T22:00,23.3,94,26.8,0.00,0.00,0.00
2025-08-31T23:00,23.2,95,26.7,0.00,0.00,0.00
2025-09-01T00:00,23.1,95,26.4,0.00,0.00,0.00
2025-09-01T01:00,23.0,95,26.5,0.00,0.00,0.00
2025-09-01T02:00,22.9,96,26.7,0.00,0.00,0.00
2025-09-01T03:00,22.9,95,26.1,0.00,0.00,0.00
2025-09-01T04:00,23.0,94,26.0,0.00,0.00,0.00
2025-09-01T05:00,22.9,94,25.5,0.00,0.00,0.00
2025-09-01T06:00,23.1,94,26.0,0.00,0.00,0.00
2025-09-01T07:00,23.9,91,26.5,0.00,0.00,0.00
2025-09-01T08:00,25.0,84,27.0,0.00,0.00,0.00
2025-09-01T09:00,26.1,80,28.5,0.10,0.10,0.00
2025-09-01T10:00,27.0,77,30.4,0.20,0.20,0.00
2025-09-01T11:00,27.6,75,31.1,0.20,0.20,0.00
2025-09-01T12:00,27.3,74,29.9,0.50,0.50,0.00
2025-09-01T13:00,26.9,78,30.4,1.80,1.80,0.00
2025-09-01T14:00,27.1,76,30.3,0.40,0.40,0.00
2025-09-01T15:00,25.4,80,29.2,3.10,3.10,0.00
2025-09-01T16:00,24.8,85,27.9,1.30,1.30,0.00
2025-09-01T17:00,24.4,88,28.5,0.30,0.30,0.00
2025-09-01T18:00,24.5,88,28.4,0.20,0.20,0.00
2025-09-01T19:00,24.1,92,28.7,0.50,0.50,0.00
2025-09-01T20:00,23.4,94,27.4,0.40,0.40,0.00
2025-09-01T21:00,23.3,94,27.5,1.00,1.00,0.00
2025-09-01T22:00,23.1,95,27.0,0.80,0.80,0.00
2025-09-01T23:00,22.9,96,26.4,1.30,1.30,0.00
2025-09-02T00:00,22.8,96,26.1,1.10,1.10,0.00
2025-09-02T01:00,22.6,96,25.5,0.90,0.90,0.00
2025-09-02T02:00,22.4,96,24.9,0.70,0.70,0.00
2025-09-02T03:00,22.3,96,24.9,0.40,0.40,0.00
2025-09-02T04:00,22.2,96,25.0,0.10,0.10,0.00
2025-09-02T05:00,22.1,96,24.9,0.00,0.00,0.00
2025-09-02T06:00,22.7,95,25.7,0.30,0.30,0.00
2025-09-02T07:00,23.3,93,26.2,0.10,0.10,0.00
2025-09-02T08:00,24.5,87,27.2,0.00,0.00,0.00
2025-09-02T09:00,26.1,78,28.7,0.00,0.00,0.00
2025-09-02T10:00,27.1,75,30.4,0.10,0.10,0.00
2025-09-02T11:00,28.0,70,32.1,0.10,0.10,0.00
2025-09-02T12:00,27.0,72,29.8,0.40,0.40,0.00
2025-09-02T13:00,27.5,69,30.2,0.10,0.10,0.00
2025-09-02T14:00,27.4,72,30.5,0.10,0.10,0.00
2025-09-02T15:00,27.5,72,30.2,0.10,0.10,0.00
2025-09-02T16:00,27.0,72,30.1,0.00,0.00,0.00
2025-09-02T17:00,26.5,76,29.8,0.00,0.00,0.00
2025-09-02T18:00,24.8,90,29.5,1.20,1.20,0.00
2025-09-02T19:00,24.4,89,28.6,0.00,0.00,0.00
2025-09-02T20:00,23.8,92,27.6,0.00,0.00,0.00
2025-09-02T21:00,23.4,94,27.5,0.00,0.00,0.00
2025-09-02T22:00,23.1,94,26.8,0.00,0.00,0.00
2025-09-02T23:00,22.9,94,26.3,0.00,0.00,0.00
2025-09-03T00:00,22.8,95,26.3,0.00,0.00,0.00
2025-09-03T01:00,22.6,96,25.7,0.00,0.00,0.00
2025-09-03T02:00,22.3,96,25.3,0.00,0.00,0.00
2025-09-03T03:00,22.5,94,25.5,0.00,0.00,0.00
2025-09-03T04:00,22.5,94,25.4,0.00,0.00,0.00
2025-09-03T05:00,22.5,95,25.6,0.00,0.00,0.00
2025-09-03T06:00,23.1,94,26.0,0.10,0.10,0.00
2025-09-03T07:00,23.1,94,26.2,0.90,0.90,0.00
2025-09-03T08:00,23.2,93,26.1,1.40,1.40,0.00
2025-09-03T09:00,23.2,93,26.3,1.10,1.10,0.00
2025-09-03T10:00,23.6,92,26.9,0.20,0.20,0.00
2025-09-03T11:00,24.1,90,27.3,0.30,0.30,0.00
2025-09-03T12:00,24.5,87,27.5,0.10,0.10,0.00
2025-09-03T13:00,26.2,81,29.7,0.00,0.00,0.00
2025-09-03T14:00,27.3,73,30.8,0.00,0.00,0.00
2025-09-03T15:00,25.5,81,28.4,1.00,1.00,0.00
2025-09-03T16:00,25.2,85,29.5,2.00,2.00,0.00
2025-09-03T17:00,23.8,90,28.3,3.80,3.80,0.00
2025-09-03T18:00,24.1,90,28.2,0.10,0.10,0.00
2025-09-03T19:00,23.2,95,26.9,0.00,0.00,0.00
2025-09-03T20:00,22.8,96,26.2,0.00,0.00,0.00
2025-09-03T21:00,22.5,96,25.8,0.00,0.00,0.00
2025-09-03T22:00,22.3,97,25.4,0.00,0.00,0.00
2025-09-03T23:00,22.2,98,25.7,0.00,0.00,0.00
2025-09-04T00:00,22.3,97,25.8,0.00,0.00,0.00
2025-09-04T01:00,22.3,96,25.8,0.00,0.00,0.00
2025-09-04T02:00,22.1,97,25.7,0.00,0.00,0.00
2025-09-04T03:00,22.0,97,25.7,0.00,0.00,0.00
2025-09-04T04:00,22.0,97,26.0,0.00,0.00,0.00
2025-09-04T05:00,21.6,98,25.8,0.00,0.00,0.00
2025-09-04T06:00,22.1,98,26.2,0.00,0.00,0.00
2025-09-04T07:00,23.1,95,27.4,0.00,0.00,0.00
2025-09-04T08:00,24.2,89,29.0,0.10,0.10,0.00
2025-09-04T09:00,25.5,84,30.1,0.00,0.00,0.00
2025-09-04T10:00,26.3,81,30.2,0.10,0.10,0.00
2025-09-04T11:00,27.1,78,32.0,0.10,0.10,0.00
2025-09-04T12:00,27.4,76,31.8,0.00,0.00,0.00
2025-09-04T13:00,27.1,76,30.0,0.10,0.10,0.00
2025-09-04T14:00,26.8,78,29.5,0.30,0.30,0.00
2025-09-04T15:00,25.7,85,29.2,0.30,0.30,0.00
2025-09-04T16:00,25.0,85,28.0,0.50,0.50,0.00
2025-09-04T17:00,24.3,87,27.2,0.60,0.60,0.00
2025-09-04T18:00,23.6,92,27.0,0.10,0.10,0.00
2025-09-04T19:00,23.4,94,27.2,0.00,0.00,0.00
2025-09-04T20:00,23.3,96,27.1,0.10,0.10,0.00
2025-09-04T21:00,23.1,97,26.8,0.00,0.00,0.00
2025-09-04T22:00,22.7,96,25.9,0.00,0.00,0.00
2025-09-04T23:00,22.3,98,25.8,0.00,0.00,0.00
2025-09-05T00:00,22.1,100,25.5,0.00,0.00,0.00
2025-09-05T01:00,22.1,99,24.8,0.00,0.00,0.00
2025-09-05T02:00,21.9,99,24.6,0.00,0.00,0.00
2025-09-05T03:00,21.8,99,24.5,0.00,0.00,0.00
2025-09-05T04:00,21.7,99,24.1,0.00,0.00,0.00
2025-09-05T05:00,21.7,97,23.7,0.00,0.00,0.00
2025-09-05T06:00,21.9,98,23.7,0.20,0.20,0.00
2025-09-05T07:00,22.5,94,24.1,0.20,0.20,0.00
2025-09-05T08:00,23.1,91,24.7,0.10,0.10,0.00
2025-09-05T09:00,24.4,84,26.1,0.20,0.20,0.00
2025-09-05T10:00,24.9,82,26.7,0.30,0.30,0.00
2025-09-05T11:00,25.4,80,27.2,0.30,0.30,0.00
2025-09-05T12:00,26.2,79,28.7,0.10,0.10,0.00
2025-09-05T13:00,26.7,77,30.0,0.10,0.10,0.00
2025-09-05T14:00,27.3,75,30.4,0.00,0.00,0.00
2025-09-05T15:00,26.5,77,28.8,0.40,0.40,0.00
2025-09-05T16:00,25.7,82,28.3,0.60,0.60,0.00
2025-09-05T17:00,23.9,91,27.1,0.20,0.20,0.00
2025-09-05T18:00,23.8,92,27.1,0.00,0.00,0.00
2025-09-05T19:00,23.5,94,27.0,0.00,0.00,0.00
2025-09-05T20:00,23.3,96,26.6,0.00,0.00,0.00
2025-09-05T21:00,23.0,96,26.3,0.20,0.20,0.00
2025-09-05T22:00,22.8,98,26.3,0.10,0.10,0.00
2025-09-05T23:00,22.6,99,26.1,0.00,0.00,0.00
2025-09-06T00:00,22.4,99,25.9,0.00,0.00,0.00
2025-09-06T01:00,22.2,99,25.8,0.00,0.00,0.00
2025-09-06T02:00,22.0,100,25.7,0.00,0.00,0.00
2025-09-06T03:00,22.0,100,25.7,0.00,0.00,0.00
2025-09-06T04:00,22.1,99,25.6,0.10,0.10,0.00
2025-09-06T05:00,21.9,99,25.5,0.00,0.00,0.00
2025-09-06T06:00,22.4,98,25.3,0.00,0.00,0.00
2025-09-06T07:00,22.9,95,25.9,0.10,0.10,0.00
2025-09-06T08:00,23.7,90,26.2,0.20,0.20,0.00
2025-09-06T09:00,24.7,85,27.3,0.20,0.20,0.00
2025-09-06T10:00,26.2,79,29.3,0.20,0.20,0.00
2025-09-06T11:00,26.3,77,29.4,1.00,1.00,0.00
2025-09-06T12:00,26.8,79,30.4,0.50,0.50,0.00
2025-09-06T13:00,26.2,85,29.7,1.40,1.40,0.00
2025-09-06T14:00,24.7,87,27.0,3.20,3.20,0.00
2025-09-06T15:00,24.9,87,27.7,0.20,0.20,0.00
2025-09-06T16:00,25.6,83,28.4,0.10,0.10,0.00
2025-09-06T17:00,24.4,89,27.4,0.10,0.10,0.00
2025-09-06T18:00,23.3,95,27.4,0.00,0.00,0.00
2025-09-06T19:00,22.8,98,26.6,0.00,0.00,0.00
2025-09-06T20:00,22.8,98,26.7,0.00,0.00,0.00
2025-09-06T21:00,22.7,99,26.5,0.00,0.00,0.00
2025-09-06T22:00,22.6,99,26.6,0.00,0.00,0.00
2025-09-06T23:00,22.6,97,25.9,0.00,0.00,0.00
2025-09-07T00:00,22.1,97,25.2,0.00,0.00,0.00
2025-09-07T01:00,21.9,98,25.4,0.00,0.00,0.00
2025-09-07T02:00,21.8,98,25.5,0.00,0.00,0.00
2025-09-07T03:00,21.6,97,25.2,0.00,0.00,0.00
2025-09-07T04:00,21.4,96,24.8,0.00,0.00,0.00
2025-09-07T05:00,21.2,96,24.3,0.00,0.00,0.00
2025-09-07T06:00,22.3,93,25.5,0.00,0.00,0.00
2025-09-07T07:00,23.3,90,26.9,0.00,0.00,0.00
2025-09-07T08:00,24.5,84,27.7,0.00,0.00,0.00
2025-09-07T09:00,25.8,76,28.6,0.00,0.00,0.00
2025-09-07T10:00,26.4,75,29.5,0.00,0.00,0.00
2025-09-07T11:00,27.2,75,31.5,0.10,0.10,0.00
2025-09-07T12:00,27.9,73,33.0,0.10,0.10,0.00
2025-09-07T13:00,27.9,72,32.1,0.20,0.20,0.00
2025-09-07T14:00,27.9,71,31.1,0.10,0.10,0.00
2025-09-07T15:00,23.9,90,27.1,4.50,4.50,0.00
2025-09-07T16:00,25.3,84,29.2,0.10,0.10,0.00
2025-09-07T17:00,25.3,84,29.3,0.00,0.00,0.00
2025-09-07T18:00,24.0,91,28.0,0.00,0.00,0.00
2025-09-07T19:00,23.3,95,27.6,0.00,0.00,0.00
2025-09-07T20:00,23.0,96,27.2,0.00,0.00,0.00
2025-09-07T21:00,22.8,95,26.9,0.00,0.00,0.00
2025-09-07T22:00,22.6,94,26.0,0.00,0.00,0.00
2025-09-07T23:00,22.4,93,25.5,0.00,0.00,0.00
2025-09-08T00:00,22.2,95,25.3,0.00,0.00,0.00
2025-09-08T01:00,21.9,96,25.2,0.00,0.00,0.00
2025-09-08T02:00,21.8,96,24.8,0.00,0.00,0.00
2025-09-08T03:00,21.7,96,24.4,0.00,0.00,0.00
2025-09-08T04:00,21.5,96,24.3,0.00,0.00,0.00
2025-09-08T05:00,21.4,96,24.2,0.00,0.00,0.00
2025-09-08T06:00,22.8,96,26.3,0.00,0.00,0.00
2025-09-08T07:00,23.6,92,27.0,0.00,0.00,0.00
2025-09-08T08:00,24.9,87,29.1,0.00,0.00,0.00
2025-09-08T09:00,26.0,82,30.8,0.10,0.10,0.00
2025-09-08T10:00,26.9,78,32.6,0.10,0.10,0.00
2025-09-08T11:00,28.1,74,35.5,0.20,0.20,0.00
2025-09-08T12:00,28.6,72,35.5,0.20,0.20,0.00
2025-09-08T13:00,26.3,80,31.3,5.00,5.00,0.00
2025-09-08T14:00,25.3,83,30.0,4.70,4.70,0.00
2025-09-08T15:00,25.4,84,29.8,0.00,0.00,0.00
2025-09-08T16:00,25.5,84,29.6,0.00,0.00,0.00
2025-09-08T17:00,25.2,83,28.8,0.00,0.00,0.00
2025-09-08T18:00,24.5,87,28.8,0.00,0.00,0.00
2025-09-08T19:00,23.9,89,27.9,0.00,0.00,0.00
2025-09-08T20:00,23.6,90,27.6,0.00,0.00,0.00
2025-09-08T21:00,23.1,93,27.2,0.00,0.00,0.00
2025-09-08T22:00,22.8,94,26.6,0.00,0.00,0.00
2025-09-08T23:00,22.6,94,26.2,0.00,0.00,0.00
2025-09-09T00:00,22.4,93,25.7,0.00,0.00,0.00
2025-09-09T01:00,22.2,93,25.3,0.00,0.00,0.00
2025-09-09T02:00,22.0,94,25.0,0.00,0.00,0.00
2025-09-09T03:00,22.0,93,24.9,0.00,0.00,0.00
2025-09-09T04:00,21.9,93,24.7,0.00,0.00,0.00
2025-09-09T05:00,21.9,92,24.6,0.00,0.00,0.00
2025-09-09T06:00,22.7,93,25.9,0.10,0.10,0.00
2025-09-09T07:00,23.8,91,27.3,0.00,0.00,0.00
2025-09-09T08:00,25.5,85,29.0,0.00,0.00,0.00
2025-09-09T09:00,27.1,76,30.6,0.00,0.00,0.00
2025-09-09T10:00,28.3,72,33.6,0.00,0.00,0.00
2025-09-09T11:00,28.8,69,34.3,0.00,0.00,0.00
2025-09-09T12:00,29.2,68,35.3,0.00,0.00,0.00
2025-09-09T13:00,29.1,68,34.1,0.00,0.00,0.00
2025-09-09T14:00,29.1,67,33.1,0.00,0.00,0.00
2025-09-09T15:00,28.7,68,32.8,0.10,0.10,0.00
2025-09-09T16:00,26.1,78,29.7,0.20,0.20,0.00
2025-09-09T17:00,26.2,78,30.1,0.00,0.00,0.00
2025-09-09T18:00,25.1,86,29.5,0.00,0.00,0.00
2025-09-09T19:00,24.4,89,28.5,0.00,0.00,0.00
2025-09-09T20:00,24.1,88,27.3,0.00,0.00,0.00
2025-09-09T21:00,23.6,89,26.8,0.00,0.00,0.00
2025-09-09T22:00,23.2,91,26.4,0.00,0.00,0.00
2025-09-09T23:00,23.1,91,26.2,0.00,0.00,0.00
2025-09-10T00:00,23.0,92,26.0,0.00,0.00,0.00
2025-09-10T01:00,22.9,93,25.8,0.00,0.00,0.00
2025-09-10T02:00,22.6,93,25.4,0.00,0.00,0.00
2025-09-10T03:00,22.5,92,25.1,0.00,0.00,0.00
2025-09-10T04:00,22.4,92,25.0,0.00,0.00,0.00
2025-09-10T05:00,22.4,92,25.0,0.00,0.00,0.00
2025-09-10T06:00,23.2,90,26.1,0.00,0.00,0.00
2025-09-10T07:00,24.7,87,28.2,0.00,0.00,0.00
2025-09-10T08:00,26.3,80,29.8,0.00,0.00,0.00
2025-09-10T09:00,27.7,74,31.1,0.00,0.00,0.00
2025-09-10T10:00,28.6,71,33.3,0.00,0.00,0.00
2025-09-10T11:00,28.5,70,33.8,0.10,0.10,0.00
2025-09-10T12:00,27.7,75,32.5,0.10,0.10,0.00
2025-09-10T13:00,27.1,80,32.2,0.20,0.20,0.00
2025-09-10T14:00,27.2,79,31.5,0.10,0.10,0.00
2025-09-10T15:00,26.7,77,30.5,0.90,0.90,0.00
2025-09-10T16:00,26.8,75,30.1,0.00,0.00,0.00
2025-09-10T17:00,26.2,79,29.9,0.00,0.00,0.00
2025-09-10T18:00,24.8,85,28.5,0.00,0.00,0.00
2025-09-10T19:00,24.4,86,27.9,0.00,0.00,0.00
2025-09-10T20:00,24.0,86,27.3,0.00,0.00,0.00
2025-09-10T21:00,23.8,87,27.0,0.00,0.00,0.00
2025-09-10T22:00,23.6,86,26.5,0.00,0.00,0.00
2025-09-10T23:00,23.5,85,26.2,0.00,0.00,0.00
2025-09-11T00:00,23.4,85,25.9,0.00,0.00,0.00
2025-09-11T01:00,23.3,85,25.8,0.00,0.00,0.00
2025-09-11T02:00,23.2,86,25.7,0.00,0.00,0.00
2025-09-11T03:00,23.0,86,25.5,0.00,0.00,0.00
2025-09-11T04:00,23.0,86,25.2,0.00,0.00,0.00
2025-09-11T05:00,22.9,86,25.1,0.00,0.00,0.00
2025-09-11T06:00,23.5,84,25.6,0.00,0.00,0.00
2025-09-11T07:00,24.9,79,27.0,0.00,0.00,0.00
2025-09-11T08:00,25.9,78,28.3,0.00,0.00,0.00
2025-09-11T09:00,27.1,73,29.4,0.00,0.00,0.00
2025-09-11T10:00,28.0,70,31.2,0.00,0.00,0.00
2025-09-11T11:00,28.3,69,31.8,0.00,0.00,0.00
2025-09-11T12:00,28.7,67,33.1,0.00,0.00,0.00
2025-09-11T13:00,28.3,70,32.1,0.00,0.00,0.00
2025-09-11T14:00,27.2,73,31.1,0.00,0.00,0.00
2025-09-11T15:00,25.1,83,28.7,1.20,1.20,0.00
2025-09-11T16:00,25.5,81,29.6,0.20,0.20,0.00
2025-09-11T17:00,25.5,82,30.0,0.00,0.00,0.00
2025-09-11T18:00,24.8,88,30.0,0.00,0.00,0.00
2025-09-11T19:00,24.2,90,29.2,0.00,0.00,0.00
2025-09-11T20:00,23.7,93,28.4,0.00,0.00,0.00
2025-09-11T21:00,23.3,95,27.7,0.00,0.00,0.00
2025-09-11T22:00,23.4,93,27.2,0.00,0.00,0.00
2025-09-11T23:00,23.4,89,26.7,0.00,0.00,0.00
2025-09-12T00:00,23.0,90,26.1,0.00,0.00,0.00
2025-09-12T01:00,22.6,92,25.7,0.00,0.00,0.00
2025-09-12T02:00,22.5,94,25.4,0.00,0.00,0.00
2025-09-12T03:00,22.7,92,25.4,0.00,0.00,0.00
2025-09-12T04:00,22.7,91,25.2,0.00,0.00,0.00
2025-09-12T05:00,22.7,90,25.2,0.00,0.00,0.00
2025-09-12T06:00,23.3,89,25.6,0.00,0.00,0.00
2025-09-12T07:00,24.1,87,26.7,0.00,0.00,0.00
2025-09-12T08:00,25.0,82,27.1,0.00,0.00,0.00
2025-09-12T09:00,26.0,77,27.8,0.10,0.10,0.00
2025-09-12T10:00,27.2,73,29.9,0.00,0.00,0.00
2025-09-12T11:00,28.1,71,31.5,0.00,0.00,0.00
2025-09-12T12:00,28.4,70,32.2,0.10,0.10,0.00
2025-09-12T13:00,28.1,68,30.3,0.00,0.00,0.00
2025-09-12T14:00,28.3,69,31.2,0.10,0.10,0.00
2025-09-12T15:00,28.1,71,31.0,0.30,0.30,0.00
2025-09-12T16:00,26.5,80,30.6,1.90,1.90,0.00
2025-09-12T17:00,25.7,85,30.4,0.80,0.80,0.00
2025-09-12T18:00,24.9,87,29.2,0.00,0.00,0.00
2025-09-12T19:00,24.2,90,28.4,0.00,0.00,0.00
2025-09-12T20:00,23.9,90,26.9,0.00,0.00,0.00
2025-09-12T21:00,23.6,87,26.3,0.00,0.00,0.00
2025-09-12T22:00,23.4,89,26.4,0.00,0.00,0.00
2025-09-12T23:00,23.3,91,26.8,0.00,0.00,0.00
2025-09-13T00:00,23.3,92,26.6,0.00,0.00,0.00
2025-09-13T01:00,23.3,91,26.4,0.00,0.00,0.00
2025-09-13T02:00,23.3,89,25.9,0.00,0.00,0.00
2025-09-13T03:00,23.1,89,25.6,0.00,0.00,0.00
2025-09-13T04:00,22.9,90,25.3,0.10,0.10,0.00
2025-09-13T05:00,22.7,92,25.7,0.10,0.10,0.00
2025-09-13T06:00,23.1,93,26.4,0.10,0.10,0.00
2025-09-13T07:00,24.0,90,27.4,0.00,0.00,0.00
2025-09-13T08:00,25.3,85,28.3,0.00,0.00,0.00
2025-09-13T09:00,26.4,81,29.4,0.00,0.00,0.00
2025-09-13T10:00,27.4,76,30.3,0.00,0.00,0.00
2025-09-13T11:00,28.3,71,32.2,0.00,0.00,0.00
2025-09-13T12:00,28.7,71,33.4,0.10,0.10,0.00
2025-09-13T13:00,28.7,72,33.5,0.10,0.10,0.00
2025-09-13T14:00,28.6,74,33.6,0.20,0.20,0.00
2025-09-13T15:00,26.5,82,30.8,1.30,1.30,0.00
2025-09-13T16:00,25.7,83,29.6,3.00,3.00,0.00
2025-09-13T17:00,25.5,86,30.1,0.90,0.90,0.00
2025-09-13T18:00,24.5,91,28.9,0.00,0.00,0.00
2025-09-13T19:00,24.0,91,27.8,0.00,0.00,0.00
2025-09-13T20:00,24.0,92,27.7,0.00,0.00,0.00
2025-09-13T21:00,23.9,94,27.9,0.00,0.00,0.00
2025-09-13T22:00,23.7,94,27.6,0.00,0.00,0.00
2025-09-13T23:00,23.5,95,27.2,0.00,0.00,0.00
2025-09-14T00:00,23.3,96,27.4,0.00,0.00,0.00
2025-09-14T01:00,23.2,96,27.0,0.00,0.00,0.00
2025-09-14T02:00,23.0,96,27.1,0.00,0.00,0.00
2025-09-14T03:00,22.9,96,26.7,0.00,0.00,0.00
2025-09-14T04:00,22.9,96,26.3,0.00,0.00,0.00
2025-09-14T05:00,22.7,96,26.7,0.00,0.00,0.00
2025-09-14T06:00,23.1,90,26.3,0.00,0.00,0.00
2025-09-14T07:00,24.2,88,28.2,0.10,0.10,0.00
2025-09-14T08:00,25.3,85,29.2,0.00,0.00,0.00
2025-09-14T09:00,26.6,81,30.5,0.00,0.00,0.00
2025-09-14T10:00,27.5,77,31.7,0.00,0.00,0.00
2025-09-14T11:00,27.8,74,31.9,0.10,0.10,0.00
2025-09-14T12:00,27.8,76,31.9,0.00,0.00,0.00
2025-09-14T13:00,27.9,76,32.5,0.20,0.20,0.00
2025-09-14T14:00,28.0,75,32.8,0.10,0.10,0.00
2025-09-14T15:00,27.8,76,32.4,0.10,0.10,0.00
2025-09-14T16:00,25.5,87,29.9,1.20,1.20,0.00
2025-09-14T17:00,25.5,88,31.1,0.00,0.00,0.00
2025-09-14T18:00,25.0,90,29.7,0.00,0.00,0.00
2025-09-14T19:00,24.4,92,28.7,0.00,0.00,0.00
2025-09-14T20:00,24.1,92,28.4,0.00,0.00,0.00
2025-09-14T21:00,23.8,92,28.1,0.00,0.00,0.00
2025-09-14T22:00,23.4,94,27.9,0.00,0.00,0.00
2025-09-14T23:00,23.3,94,27.7,0.00,0.00,0.00
2025-09-15T00:00,23.0,95,27.5,0.00,0.00,0.00
2025-09-15T01:00,22.8,96,27.1,0.00,0.00,0.00
2025-09-15T02:00,22.3,98,26.8,0.00,0.00,0.00
2025-09-15T03:00,22.5,98,26.9,0.00,0.00,0.00
2025-09-15T04:00,22.3,100,27.0,0.00,0.00,0.00
2025-09-15T05:00,22.4,99,26.9,0.00,0.00,0.00
2025-09-15T06:00,23.3,96,27.9,0.00,0.00,0.00
2025-09-15T07:00,24.5,90,29.4,0.00,0.00,0.00
2025-09-15T08:00,25.4,86,30.6,0.00,0.00,0.00
2025-09-15T09:00,26.7,81,32.0,0.00,0.00,0.00
2025-09-15T10:00,27.7,75,33.6,0.10,0.10,0.00
2025-09-15T11:00,28.0,73,33.0,0.00,0.00,0.00
2025-09-15T12:00,28.1,71,33.0,0.00,0.00,0.00
2025-09-15T13:00,27.3,76,31.8,0.00,0.00,0.00
2025-09-15T14:00,25.3,83,29.2,0.20,0.20,0.00
2025-09-15T15:00,25.6,82,29.8,0.10,0.10,0.00
2025-09-15T16:00,25.2,84,29.4,0.10,0.10,0.00
2025-09-15T17:00,24.6,88,28.3,0.20,0.20,0.00
2025-09-15T18:00,23.7,94,28.2,1.50,1.50,0.00
2025-09-15T19:00,23.5,94,28.6,1.80,1.80,0.00
2025-09-15T20:00,23.4,95,28.2,1.10,1.10,0.00
2025-09-15T21:00,23.2,96,28.0,0.40,0.40,0.00
2025-09-15T22:00,23.0,96,27.9,0.10,0.10,0.00
2025-09-15T23:00,22.8,96,27.7,0.00,0.00,0.00
2025-09-16T00:00,22.4,95,27.0,0.00,0.00,0.00
2025-09-16T01:00,22.7,94,27.4,0.00,0.00,0.00
2025-09-16T02:00,22.4,95,26.8,0.00,0.00,0.00
2025-09-16T03:00,22.2,97,25.9,0.00,0.00,0.00
2025-09-16T04:00,22.3,98,25.8,0.20,0.20,0.00
2025-09-16T05:00,22.4,98,26.7,0.00,0.00,0.00
2025-09-16T06:00,23.0,98,27.7,0.30,0.30,0.00
2025-09-16T07:00,23.4,96,28.1,0.60,0.60,0.00
2025-09-16T08:00,24.6,88,29.0,0.10,0.10,0.00
2025-09-16T09:00,26.0,83,30.8,0.10,0.10,0.00
2025-09-16T10:00,27.2,79,33.1,0.10,0.10,0.00
2025-09-16T11:00,28.5,72,34.9,0.10,0.10,0.00
2025-09-16T12:00,28.0,72,33.4,0.10,0.10,0.00
2025-09-16T13:00,27.3,77,32.4,1.20,1.20,0.00
2025-09-16T14:00,23.1,93,26.2,17.90,17.90,0.00
2025-09-16T15:00,22.8,94,26.3,2.80,2.80,0.00
2025-09-16T16:00,23.0,93,26.9,4.30,4.30,0.00
2025-09-16T17:00,23.4,94,28.1,0.70,0.70,0.00
2025-09-16T18:00,24.2,94,29.5,0.00,0.00,0.00
2025-09-16T19:00,23.9,96,29.1,0.00,0.00,0.00
2025-09-16T20:00,23.6,98,28.6,0.00,0.00,0.00
2025-09-16T21:00,23.4,98,28.5,0.20,0.20,0.00
2025-09-16T22:00,23.2,97,27.9,0.00,0.00,0.00
2025-09-16T23:00,23.0,98,27.4,0.00,0.00,0.00
2025-09-17T00:00,22.7,98,27.2,0.00,0.00,0.00
2025-09-17T01:00,22.6,98,27.2,0.00,0.00,0.00
2025-09-17T02:00,22.4,99,26.6,0.80,0.80,0.00
2025-09-17T03:00,22.2,99,26.6,0.00,0.00,0.00
2025-09-17T04:00,21.7,98,25.4,0.50,0.50,0.00
2025-09-17T05:00,21.9,97,25.5,0.40,0.40,0.00
2025-09-17T06:00,22.6,97,26.3,0.00,0.00,0.00
2025-09-17T07:00,23.6,92,27.7,0.00,0.00,0.00
2025-09-17T08:00,24.9,89,29.6,0.00,0.00,0.00
2025-09-17T09:00,26.3,83,31.6,0.00,0.00,0.00
2025-09-17T10:00,27.4,77,32.8,0.00,0.00,0.00
2025-09-17T11:00,28.2,72,34.0,0.00,0.00,0.00
2025-09-17T12:00,27.8,72,32.3,0.00,0.00,0.00
2025-09-17T13:00,28.5,70,33.3,0.20,0.20,0.00
2025-09-17T14:00,25.1,87,29.8,3.80,3.80,0.00
2025-09-17T15:00,24.3,87,28.7,2.30,2.30,0.00
2025-09-17T16:00,25.0,84,29.6,0.10,0.10,0.00
2025-09-17T17:00,25.1,84,29.9,0.00,0.00,0.00
2025-09-17T18:00,24.3,94,29.5,0.00,0.00,0.00
2025-09-17T19:00,24.1,96,29.4,0.00,0.00,0.00
2025-09-17T20:00,23.9,96,29.0,0.00,0.00,0.00
2025-09-17T21:00,23.8,96,28.8,0.00,0.00,0.00
2025-09-17T22:00,23.5,97,28.6,0.00,0.00,0.00
2025-09-17T23:00,23.0,98,28.2,0.00,0.00,0.00
2025-09-18T00:00,22.5,98,27.2,0.00,0.00,0.00
2025-09-18T01:00,22.6,97,27.3,0.00,0.00,0.00
2025-09-18T02:00,22.5,98,27.0,0.00,0.00,0.00
2025-09-18T03:00,22.3,100,26.9,0.00,0.00,0.00
2025-09-18T04:00,22.2,100,26.9,0.00,0.00,0.00
2025-09-18T05:00,22.2,100,26.3,0.00,0.00,0.00
2025-09-18T06:00,22.1,98,26.1,0.00,0.00,0.00
2025-09-18T07:00,23.0,95,27.2,0.00,0.00,0.00
2025-09-18T08:00,24.4,91,29.1,0.10,0.10,0.00
2025-09-18T09:00,25.7,85,30.1,0.10,0.10,0.00
2025-09-18T10:00,26.8,79,31.0,0.00,0.00,0.00
2025-09-18T11:00,27.6,73,31.8,0.00,0.00,0.00
2025-09-18T12:00,27.6,72,31.1,0.00,0.00,0.00
2025-09-18T13:00,27.5,73,31.3,0.10,0.10,0.00
2025-09-18T14:00,27.9,71,31.7,0.10,0.10,0.00
2025-09-18T15:00,27.9,71,31.7,0.10,0.10,0.00
2025-09-18T16:00,27.6,73,31.7,0.00,0.00,0.00
2025-09-18T17:00,26.9,78,31.4,0.00,0.00,0.00
2025-09-18T18:00,25.4,86,30.5,0.00,0.00,0.00
2025-09-18T19:00,24.5,91,29.5,0.00,0.00,0.00
2025-09-18T20:00,24.1,92,29.3,0.00,0.00,0.00
2025-09-18T21:00,23.7,94,28.8,0.00,0.00,0.00
2025-09-18T22:00,23.4,96,28.5,0.00,0.00,0.00
2025-09-18T23:00,23.0,97,28.0,0.00,0.00,0.00
2025-09-19T00:00,22.7,98,27.5,0.00,0.00,0.00
2025-09-19T01:00,22.5,98,27.3,0.00,0.00,0.00
2025-09-19T02:00,22.2,99,27.0,0.00,0.00,0.00
2025-09-19T03:00,22.0,99,26.5,0.00,0.00,0.00
2025-09-19T04:00,22.0,99,26.1,0.00,0.00,0.00
2025-09-19T05:00,22.0,100,26.3,0.00,0.00,0.00
2025-09-19T06:00,22.8,93,26.2,0.00,0.00,0.00
2025-09-19T07:00,23.9,90,28.3,0.00,0.00,0.00
2025-09-19T08:00,25.8,83,30.1,0.00,0.00,0.00
2025-09-19T09:00,27.0,74,30.2,0.10,0.10,0.00
2025-09-19T10:00,27.8,69,31.5,0.00,0.00,0.00
2025-09-19T11:00,28.8,66,33.9,0.10,0.10,0.00
2025-09-19T12:00,28.8,71,34.2,0.00,0.00,0.00
2025-09-19T13:00,29.4,68,34.7,0.10,0.10,0.00
2025-09-19T14:00,29.1,69,34.3,0.00,0.00,0.00
2025-09-19T15:00,27.8,74,31.5,0.70,0.70,0.00
2025-09-19T16:00,27.2,78,31.7,0.80,0.80,0.00
2025-09-19T17:00,25.5,84,29.8,3.30,3.30,0.00
2025-09-19T18:00,25.3,87,30.5,0.00,0.00,0.00
2025-09-19T19:00,24.7,90,29.5,0.00,0.00,0.00
2025-09-19T20:00,24.6,91,29.6,0.00,0.00,0.00
2025-09-19T21:00,24.1,93,29.1,0.00,0.00,0.00
2025-09-19T22:00,23.9,94,28.7,0.00,0.00,0.00
2025-09-19T23:00,23.6,95,28.2,0.00,0.00,0.00
2025-09-20T00:00,23.3,95,28.2,0.00,0.00,0.00
2025-09-20T01:00,23.2,94,27.1,0.80,0.80,0.00
2025-09-20T02:00,23.0,92,27.3,0.10,0.10,0.00
2025-09-20T03:00,22.7,94,27.1,0.00,0.00,0.00
2025-09-20T04:00,22.3,95,26.4,0.00,0.00,0.00
2025-09-20T05:00,22.0,97,26.1,0.00,0.00,0.00
2025-09-20T06:00,22.9,93,26.5,0.00,0.00,0.00
2025-09-20T07:00,24.5,88,28.6,0.00,0.00,0.00
2025-09-20T08:00,26.3,82,30.8,0.00,0.00,0.00
2025-09-20T09:00,27.5,78,32.5,0.00,0.00,0.00
2025-09-20T10:00,28.3,75,34.0,0.00,0.00,0.00
2025-09-20T11:00,28.9,71,34.9,0.10,0.10,0.00
2025-09-20T12:00,28.8,70,34.2,0.10,0.10,0.00
2025-09-20T13:00,29.4,68,35.6,0.10,0.10,0.00
2025-09-20T14:00,26.0,83,29.8,5.40,5.40,0.00
2025-09-20T15:00,25.4,86,29.4,0.70,0.70,0.00
2025-09-20T16:00,25.5,82,29.4,0.00,0.00,0.00
2025-09-20T17:00,25.9,82,30.3,0.00,0.00,0.00
2025-09-20T18:00,24.4,87,28.7,0.00,0.00,0.00
2025-09-20T19:00,24.0,89,28.2,0.00,0.00,0.00
2025-09-20T20:00,23.6,90,27.4,0.00,0.00,0.00
2025-09-20T21:00,23.3,90,26.9,0.00,0.00,0.00
2025-09-20T22:00,22.8,92,26.4,0.00,0.00,0.00
2025-09-20T23:00,22.5,92,25.9,0.00,0.00,0.00
2025-09-21T00:00,22.5,92,25.4,0.00,0.00,0.00
2025-09-21T01:00,22.3,92,25.2,0.00,0.00,0.00
2025-09-21T02:00,22.2,93,25.1,0.00,0.00,0.00
2025-09-21T03:00,22.2,93,25.0,0.00,0.00,0.00
2025-09-21T04:00,22.3,92,25.2,0.00,0.00,0.00
2025-09-21T05:00,22.2,92,25.2,0.00,0.00,0.00
2025-09-21T06:00,23.4,88,26.5,0.00,0.00,0.00
2025-09-21T07:00,24.8,85,28.2,0.00,0.00,0.00
2025-09-21T08:00,26.7,75,29.9,0.00,0.00,0.00
2025-09-21T09:00,27.8,71,30.8,0.00,0.00,0.00
2025-09-21T10:00,28.4,70,32.3,0.10,0.10,0.00
2025-09-21T11:00,28.8,67,33.2,0.10,0.10,0.00
2025-09-21T12:00,29.5,63,34.2,0.00,0.00,0.00
2025-09-21T13:00,29.8,60,33.9,0.00,0.00,0.00
2025-09-21T14:00,29.9,58,32.6,0.00,0.00,0.00
2025-09-21T15:00,29.0,61,30.8,0.00,0.00,0.00
2025-09-21T16:00,28.6,64,31.1,0.00,0.00,0.00
2025-09-21T17:00,27.7,72,31.5,0.00,0.00,0.00
2025-09-21T18:00,25.5,83,29.9,0.00,0.00,0.00
2025-09-21T19:00,25.2,84,29.4,0.00,0.00,0.00
2025-09-21T20:00,24.9,83,28.5,0.00,0.00,0.00
2025-09-21T21:00,24.5,84,27.8,0.00,0.00,0.00
2025-09-21T22:00,24.0,87,27.5,0.00,0.00,0.00
2025-09-21T23:00,23.9,88,27.5,0.00,0.00,0.00
2025-09-22T00:00,23.7,88,27.3,0.00,0.00,0.00
2025-09-22T01:00,23.6,88,26.9,0.00,0.00,0.00
2025-09-22T02:00,23.4,89,26.7,0.00,0.00,0.00
2025-09-22T03:00,23.1,90,26.2,0.00,0.00,0.00
2025-09-22T04:00,22.8,91,26.1,0.00,0.00,0.00
2025-09-22T05:00,22.7,90,25.5,0.00,0.00,0.00
2025-09-22T06:00,23.4,87,26.3,0.00,0.00,0.00
2025-09-22T07:00,24.9,87,28.3,0.00,0.00,0.00
2025-09-22T08:00,27.0,76,30.3,0.00,0.00,0.00
2025-09-22T09:00,28.3,64,30.6,0.00,0.00,0.00
2025-09-22T10:00,29.3,57,32.0,0.00,0.00,0.00
2025-09-22T11:00,30.0,54,33.0,0.00,0.00,0.00
2025-09-22T12:00,30.3,52,33.3,0.00,0.00,0.00
2025-09-22T13:00,30.3,50,32.6,0.00,0.00,0.00
2025-09-22T14:00,30.2,51,32.2,0.00,0.00,0.00
2025-09-22T15:00,29.8,53,31.4,0.00,0.00,0.00
2025-09-22T16:00,29.0,58,30.9,0.00,0.00,0.00
2025-09-22T17:00,27.6,67,30.7,0.00,0.00,0.00
2025-09-22T18:00,26.2,68,28.8,0.00,0.00,0.00
2025-09-22T19:00,25.3,70,27.9,0.00,0.00,0.00
2025-09-22T20:00,24.8,72,27.5,0.00,0.00,0.00
2025-09-22T21:00,23.9,78,26.6,0.00,0.00,0.00
2025-09-22T22:00,23.3,82,26.3,0.00,0.00,0.00
2025-09-22T23:00,23.5,79,26.2,0.00,0.00,0.00
2025-09-23T00:00,23.5,77,26.0,0.00,0.00,0.00
2025-09-23T01:00,23.2,77,25.6,0.00,0.00,0.00
2025-09-23T02:00,22.3,79,24.2,0.00,0.00,0.00
2025-09-23T03:00,22.3,76,23.7,0.00,0.00,0.00
2025-09-23T04:00,22.3,75,23.8,0.00,0.00,0.00
2025-09-23T05:00,22.0,77,23.2,0.00,0.00,0.00
2025-09-23T06:00,22.7,84,24.6,0.00,0.00,0.00
2025-09-23T07:00,24.4,84,26.9,0.00,0.00,0.00
2025-09-23T08:00,26.2,78,29.2,0.00,0.00,0.00
2025-09-23T09:00,28.0,68,30.5,0.00,0.00,0.00
2025-09-23T10:00,28.8,59,31.2,0.10,0.10,0.00
2025-09-23T11:00,29.0,57,31.5,0.10,0.10,0.00
2025-09-23T12:00,29.4,55,32.1,0.00,0.00,0.00
2025-09-23T13:00,29.6,53,32.4,0.00,0.00,0.00
2025-09-23T14:00,29.7,52,31.7,0.00,0.00,0.00
2025-09-23T15:00,28.7,58,30.2,0.00,0.00,0.00
2025-09-23T16:00,28.1,61,29.9,0.00,0.00,0.00
2025-09-23T17:00,26.9,69,29.7,0.00,0.00,0.00
2025-09-23T18:00,26.1,70,28.4,0.00,0.00,0.00
2025-09-23T19:00,25.2,73,27.5,0.00,0.00,0.00
2025-09-23T20:00,24.6,75,26.7,0.00,0.00,0.00
2025-09-23T21:00,24.7,75,26.4,0.00,0.00,0.00
2025-09-23T22:00,24.5,75,26.3,0.00,0.00,0.00
2025-09-23T23:00,24.3,76,26.0,0.00,0.00,0.00
2025-09-24T00:00,24.0,77,25.6,0.00,0.00,0.00
2025-09-24T01:00,23.5,79,25.1,0.00,0.00,0.00
2025-09-24T02:00,23.2,80,24.7,0.00,0.00,0.00
2025-09-24T03:00,23.1,80,24.4,0.00,0.00,0.00
2025-09-24T04:00,23.0,79,24.1,0.00,0.00,0.00
2025-09-24T05:00,22.7,80,23.6,0.00,0.00,0.00
2025-09-24T06:00,23.0,85,24.3,0.00,0.00,0.00
2025-09-24T07:00,24.1,85,26.1,0.00,0.00,0.00
2025-09-24T08:00,25.9,79,28.1,0.00,0.00,0.00
2025-09-24T09:00,27.3,72,29.4,0.00,0.00,0.00
2025-09-24T10:00,28.4,63,30.5,0.00,0.00,0.00
2025-09-24T11:00,29.0,57,30.4,0.00,0.00,0.00
2025-09-24T12:00,29.7,52,31.4,0.00,0.00,0.00
2025-09-24T13:00,29.6,54,31.5,0.00,0.00,0.00
2025-09-24T14:00,29.6,55,31.2,0.00,0.00,0.00
2025-09-24T15:00,29.1,56,29.9,0.00,0.00,0.00
2025-09-24T16:00,28.6,58,30.1,0.00,0.00,0.00
2025-09-24T17:00,27.4,63,29.1,0.00,0.00,0.00
2025-09-24T18:00,26.6,61,27.5,0.00,0.00,0.00
2025-09-24T19:00,25.7,63,27.1,0.00,0.00,0.00
2025-09-24T20:00,24.8,73,26.4,0.00,0.00,0.00
2025-09-24T21:00,25.2,72,26.5,0.00,0.00,0.00
2025-09-24T22:00,24.9,72,26.2,0.00,0.00,0.00
2025-09-24T23:00,24.6,75,25.7,0.00,0.00,0.00
2025-09-25T00:00,24.2,78,25.7,0.00,0.00,0.00
2025-09-25T01:00,24.0,81,25.7,0.40,0.40,0.00
2025-09-25T02:00,23.8,83,25.8,0.00,0.00,0.00
2025-09-25T03:00,23.6,84,25.6,0.00,0.00,0.00
2025-09-25T04:00,23.4,84,25.2,0.00,0.00,0.00
2025-09-25T05:00,23.3,83,24.7,0.00,0.00,0.00
2025-09-25T06:00,24.3,78,25.3,0.00,0.00,0.00
2025-09-25T07:00,23.9,84,25.4,0.30,0.30,0.00
2025-09-25T08:00,24.5,85,26.5,0.10,0.10,0.00
2025-09-25T09:00,25.3,80,27.2,0.00,0.00,0.00
2025-09-25T10:00,27.0,70,28.3,0.00,0.00,0.00
2025-09-25T11:00,28.0,65,29.2,0.00,0.00,0.00
2025-09-25T12:00,28.8,63,30.9,0.00,0.00,0.00
2025-09-25T13:00,26.0,79,28.0,2.50,2.50,0.00
2025-09-25T14:00,27.0,71,28.3,0.20,0.20,0.00
2025-09-25T15:00,28.1,63,29.1,0.00,0.00,0.00
2025-09-25T16:00,27.6,66,28.8,0.00,0.00,0.00
2025-09-25T17:00,26.7,71,28.7,0.00,0.00,0.00
2025-09-25T18:00,25.6,78,28.0,0.00,0.00,0.00
2025-09-25T19:00,25.1,79,27.2,0.00,0.00,0.00
2025-09-25T20:00,24.8,80,27.2,0.00,0.00,0.00
2025-09-25T21:00,24.5,83,27.2,0.00,0.00,0.00
2025-09-25T22:00,24.5,84,27.0,0.00,0.00,0.00
2025-09-25T23:00,24.4,84,26.8,0.00,0.00,0.00
2025-09-26T00:00,24.3,84,26.6,0.00,0.00,0.00
2025-09-26T01:00,24.1,85,26.4,0.00,0.00,0.00
2025-09-26T02:00,24.0,86,26.2,0.00,0.00,0.00
2025-09-26T03:00,23.9,87,26.3,0.00,0.00,0.00
2025-09-26T04:00,23.7,87,26.0,0.00,0.00,0.00
2025-09-26T05:00,23.5,87,25.4,0.00,0.00,0.00
2025-09-26T06:00,23.2,93,25.5,0.00,0.00,0.00
2025-09-26T07:00,24.1,89,26.5,0.00,0.00,0.00
2025-09-26T08:00,25.4,85,27.9,0.00,0.00,0.00
2025-09-26T09:00,27.2,75,29.1,0.00,0.00,0.00
2025-09-26T10:00,28.3,72,31.5,0.00,0.00,0.00
2025-09-26T11:00,29.2,68,33.2,0.00,0.00,0.00
2025-09-26T12:00,29.9,66,34.3,0.00,0.00,0.00
2025-09-26T13:00,29.6,64,32.4,0.10,0.10,0.00
2025-09-26T14:00,29.2,67,32.0,0.30,0.30,0.00
2025-09-26T15:00,29.6,65,31.7,0.00,0.00,0.00
2025-09-26T16:00,27.8,72,30.3,0.40,0.40,0.00
2025-09-26T17:00,26.8,79,29.3,0.00,0.00,0.00
2025-09-26T18:00,25.2,81,27.9,0.00,0.00,0.00
2025-09-26T19:00,25.2,79,27.6,0.00,0.00,0.00
2025-09-26T20:00,25.2,79,27.4,0.00,0.00,0.00
2025-09-26T21:00,25.2,79,27.2,0.00,0.00,0.00
2025-09-26T22:00,25.3,80,27.3,0.00,0.00,0.00
2025-09-26T23:00,25.2,81,27.4,0.00,0.00,0.00
2025-09-27T00:00,24.2,87,26.2,0.10,0.10,0.00
2025-09-27T01:00,23.4,90,25.2,0.10,0.10,0.00
2025-09-27T02:00,23.2,92,25.2,0.00,0.00,0.00
2025-09-27T03:00,23.1,92,25.1,0.00,0.00,0.00
2025-09-27T04:00,22.9,93,24.8,0.00,0.00,0.00
2025-09-27T05:00,22.8,93,24.8,0.00,0.00,0.00
2025-09-27T06:00,22.3,93,23.7,0.20,0.20,0.00
2025-09-27T07:00,23.1,91,24.6,0.00,0.00,0.00
2025-09-27T08:00,23.7,90,25.0,0.00,0.00,0.00
2025-09-27T09:00,25.1,82,26.6,0.10,0.10,0.00
2025-09-27T10:00,25.6,82,27.6,0.10,0.10,0.00
2025-09-27T11:00,27.2,73,29.1,0.10,0.10,0.00
2025-09-27T12:00,24.9,88,27.9,2.70,2.70,0.00
2025-09-27T13:00,23.9,94,26.9,0.80,0.80,0.00
2025-09-27T14:00,24.7,92,28.1,0.80,0.80,0.00
2025-09-27T15:00,24.5,87,26.4,2.10,2.10,0.00
2025-09-27T16:00,24.2,91,27.4,2.20,2.20,0.00
2025-09-27T17:00,23.7,92,26.4,1.30,1.30,0.00
2025-09-27T18:00,23.7,94,27.0,0.00,0.00,0.00
2025-09-27T19:00,23.4,95,26.5,0.10,0.10,0.00
2025-09-27T20:00,23.1,96,26.3,0.00,0.00,0.00
2025-09-27T21:00,23.0,96,25.9,0.20,0.20,0.00
2025-09-27T22:00,22.8,97,25.7,0.40,0.40,0.00
2025-09-27T23:00,22.9,98,26.0,0.20,0.20,0.00
2025-09-28T00:00,22.9,97,25.7,0.10,0.10,0.00
2025-09-28T01:00,22.7,98,25.1,0.10,0.10,0.00
2025-09-28T02:00,22.5,100,25.1,0.10,0.10,0.00
2025-09-28T03:00,22.4,99,24.8,0.40,0.40,0.00
2025-09-28T04:00,22.3,99,25.0,0.50,0.50,0.00
2025-09-28T05:00,22.2,99,24.5,1.20,1.20,0.00
2025-09-28T06:00,22.7,99,25.6,0.20,0.20,0.00
2025-09-28T07:00,22.9,98,25.4,0.10,0.10,0.00
2025-09-28T08:00,23.2,96,25.7,0.10,0.10,0.00
2025-09-28T09:00,24.2,90,26.5,0.20,0.20,0.00
2025-09-28T10:00,25.0,85,27.2,0.30,0.30,0.00
2025-09-28T11:00,25.9,82,28.0,0.40,0.40,0.00
2025-09-28T12:00,26.8,76,29.5,0.00,0.00,0.00
2025-09-28T13:00,27.3,76,30.8,0.10,0.10,0.00
2025-09-28T14:00,27.4,75,30.5,0.00,0.00,0.00
2025-09-28T15:00,26.7,77,29.3,0.10,0.10,0.00
2025-09-28T16:00,26.7,75,29.3,0.10,0.10,0.00
2025-09-28T17:00,25.5,81,28.1,0.30,0.30,0.00
2025-09-28T18:00,24.2,87,27.2,0.00,0.00,0.00
2025-09-28T19:00,23.5,90,26.1,0.10,0.10,0.00
2025-09-28T20:00,23.0,93,26.1,0.00,0.00,0.00
2025-09-28T21:00,22.8,94,26.0,0.00,0.00,0.00
2025-09-28T22:00,22.6,96,26.0,0.10,0.10,0.00
2025-09-28T23:00,22.2,98,25.8,0.00,0.00,0.00
2025-09-29T00:00,21.9,99,25.4,0.00,0.00,0.00
2025-09-29T01:00,21.7,100,24.9,0.00,0.00,0.00
2025-09-29T02:00,21.6,99,24.6,0.10,0.10,0.00
2025-09-29T03:00,21.6,99,24.7,0.00,0.00,0.00
2025-09-29T04:00,21.5,98,24.5,0.00,0.00,0.00
2025-09-29T05:00,21.3,99,24.4,0.00,0.00,0.00
2025-09-29T06:00,21.9,99,25.0,0.00,0.00,0.00
2025-09-29T07:00,22.5,94,25.6,0.00,0.00,0.00
2025-09-29T08:00,23.5,89,26.6,0.00,0.00,0.00
2025-09-29T09:00,24.3,86,27.6,0.50,0.50,0.00
2025-09-29T10:00,25.4,80,28.7,0.30,0.30,0.00
2025-09-29T11:00,26.5,78,30.3,0.20,0.20,0.00
2025-09-29T12:00,27.3,75,31.7,0.00,0.00,0.00
2025-09-29T13:00,28.1,72,33.1,0.00,0.00,0.00
2025-09-29T14:00,27.7,72,31.2,0.10,0.10,0.00
2025-09-29T15:00,27.1,73,30.4,0.30,0.30,0.00
2025-09-29T16:00,26.8,73,30.2,0.30,0.30,0.00
2025-09-29T17:00,25.7,80,29.1,0.10,0.10,0.00
2025-09-29T18:00,24.3,84,28.1,0.00,0.00,0.00
2025-09-29T19:00,23.7,88,27.5,0.00,0.00,0.00
2025-09-29T20:00,23.3,90,27.1,0.00,0.00,0.00
2025-09-29T21:00,23.1,90,26.7,0.00,0.00,0.00
2025-09-29T22:00,22.9,91,26.2,0.00,0.00,0.00
2025-09-29T23:00,22.4,94,26.0,0.00,0.00,0.00
2025-09-30T00:00,22.1,95,25.7,0.00,0.00,0.00
2025-09-30T01:00,21.9,95,25.3,0.00,0.00,0.00
2025-09-30T02:00,21.7,95,25.1,0.00,0.00,0.00
2025-09-30T03:00,21.5,95,24.6,0.00,0.00,0.00
2025-09-30T04:00,21.2,95,24.2,0.00,0.00,0.00
2025-09-30T05:00,21.2,94,23.9,0.00,0.00,0.00
2025-09-30T06:00,22.6,89,25.2,0.00,0.00,0.00
2025-09-30T07:00,24.1,85,26.9,0.00,0.00,0.00
2025-09-30T08:00,25.5,79,28.7,0.00,0.00,0.00
2025-09-30T09:00,26.9,71,30.2,0.00,0.00,0.00
2025-09-30T10:00,27.5,68,31.7,0.10,0.10,0.00
2025-09-30T11:00,28.1,66,33.4,0.10,0.10,0.00
2025-09-30T12:00,28.7,67,34.9,0.00,0.00,0.00
2025-09-30T13:00,28.8,66,34.7,0.10,0.10,0.00
2025-09-30T14:00,27.8,71,32.1,0.60,0.60,0.00
2025-09-30T15:00,24.8,84,28.4,2.00,2.00,0.00
2025-09-30T16:00,25.6,80,29.4,0.10,0.10,0.00
2025-09-30T17:00,25.3,80,29.2,0.00,0.00,0.00
2025-09-30T18:00,24.2,88,28.7,0.00,0.00,0.00
2025-09-30T19:00,23.8,90,28.2,0.00,0.00,0.00
2025-09-30T20:00,23.7,91,28.2,0.10,0.10,0.00
2025-09-30T21:00,22.6,95,26.6,7.20,7.20,0.00
2025-09-30T22:00,22.4,96,26.7,0.50,0.50,0.00
2025-09-30T23:00,22.1,96,25.4,0.10,0.10,0.00
2025-10-01T00:00,22.0,96,25.2,0.10,0.10,0.00
2025-10-01T01:00,21.9,96,25.4,0.00,0.00,0.00
2025-10-01T02:00,21.9,96,25.0,0.00,0.00,0.00
2025-10-01T03:00,21.7,96,24.5,0.00,0.00,0.00
2025-10-01T04:00,21.7,95,24.0,0.00,0.00,0.00
2025-10-01T05:00,22.2,90,24.4,0.00,0.00,0.00
2025-10-01T06:00,22.4,89,24.6,0.00,0.00,0.00
2025-10-01T07:00,23.6,86,26.1,0.00,0.00,0.00
2025-10-01T08:00,25.2,77,27.5,0.00,0.00,0.00
2025-10-01T09:00,26.5,72,29.0,0.00,0.00,0.00
2025-10-01T10:00,27.7,65,30.6,0.10,0.10,0.00
2025-10-01T11:00,28.0,64,31.8,0.10,0.10,0.00
2025-10-01T12:00,28.4,64,32.6,0.30,0.30,0.00
2025-10-01T13:00,29.0,62,33.4,0.10,0.10,0.00
2025-10-01T14:00,28.9,62,32.5,0.00,0.00,0.00
2025-10-01T15:00,27.5,63,29.4,0.30,0.30,0.00
2025-10-01T16:00,27.1,69,30.8,0.40,0.40,0.00
2025-10-01T17:00,25.1,81,28.8,0.00,0.00,0.00
2025-10-01T18:00,24.1,89,28.8,0.00,0.00,0.00
2025-10-01T19:00,23.4,91,27.9,0.00,0.00,0.00
2025-10-01T20:00,23.0,92,26.7,0.00,0.00,0.00
2025-10-01T21:00,22.9,91,26.7,0.00,0.00,0.00
2025-10-01T22:00,22.9,90,26.4,0.00,0.00,0.00
2025-10-01T23:00,22.5,95,26.3,0.00,0.00,0.00
2025-10-02T00:00,22.5,94,26.1,0.00,0.00,0.00
2025-10-02T01:00,22.3,94,25.8,0.00,0.00,0.00
2025-10-02T02:00,21.9,93,25.1,0.00,0.00,0.00
2025-10-02T03:00,21.8,92,24.4,0.00,0.00,0.00
2025-10-02T04:00,21.8,90,24.2,0.00,0.00,0.00
2025-10-02T05:00,22.1,88,24.2,0.00,0.00,0.00
2025-10-02T06:00,22.4,86,24.7,0.00,0.00,0.00
2025-10-02T07:00,24.0,84,26.7,0.00,0.00,0.00
2025-10-02T08:00,25.8,75,28.1,0.00,0.00,0.00
2025-10-02T09:00,27.3,66,29.1,0.00,0.00,0.00
2025-10-02T10:00,28.3,60,30.5,0.10,0.10,0.00
2025-10-02T11:00,28.3,64,31.6,0.20,0.20,0.00
2025-10-02T12:00,28.0,64,30.7,0.10,0.10,0.00
2025-10-02T13:00,28.8,63,32.3,0.10,0.10,0.00
2025-10-02T14:00,28.7,64,32.0,0.00,0.00,0.00
2025-10-02T15:00,28.6,63,30.9,0.00,0.00,0.00
2025-10-02T16:00,28.0,63,30.1,0.00,0.00,0.00
2025-10-02T17:00,26.4,77,30.3,0.00,0.00,0.00
2025-10-02T18:00,25.3,80,28.9,0.00,0.00,0.00
2025-10-02T19:00,24.6,83,27.7,0.00,0.00,0.00
2025-10-02T20:00,24.1,85,27.2,0.00,0.00,0.00
2025-10-02T21:00,23.8,87,26.7,0.00,0.00,0.00
2025-10-02T22:00,23.5,87,26.5,0.00,0.00,0.00
2025-10-02T23:00,23.6,87,26.5,0.00,0.00,0.00
2025-10-03T00:00,23.5,89,26.4,0.00,0.00,0.00
2025-10-03T01:00,23.3,90,26.2,0.00,0.00,0.00
2025-10-03T02:00,23.2,90,26.1,0.00,0.00,0.00
2025-10-03T03:00,22.9,90,25.5,0.00,0.00,0.00
2025-10-03T04:00,22.7,90,25.2,0.00,0.00,0.00
2025-10-03T05:00,22.7,94,25.7,0.00,0.00,0.00
2025-10-03T06:00,23.1,92,26.2,0.00,0.00,0.00
2025-10-03T07:00,24.0,87,26.9,0.00,0.00,0.00
2025-10-03T08:00,25.4,80,27.6,0.00,0.00,0.00
2025-10-03T09:00,26.7,72,28.8,0.00,0.00,0.00
2025-10-03T10:00,27.9,66,30.0,0.00,0.00,0.00
2025-10-03T11:00,28.8,62,31.7,0.00,0.00,0.00
2025-10-03T12:00,29.4,58,32.3,0.00,0.00,0.00
2025-10-03T13:00,29.0,59,30.9,0.00,0.00,0.00
2025-10-03T14:00,28.3,62,30.6,0.10,0.10,0.00
2025-10-03T15:00,27.2,72,30.0,0.60,0.60,0.00
2025-10-03T16:00,26.5,77,29.5,0.80,0.80,0.00
2025-10-03T17:00,26.7,69,28.9,0.00,0.00,0.00
2025-10-03T18:00,25.7,74,28.5,0.00,0.00,0.00
2025-10-03T19:00,25.0,80,28.1,0.00,0.00,0.00
2025-10-03T20:00,24.4,84,27.8,0.00,0.00,0.00
2025-10-03T21:00,24.1,86,27.3,0.00,0.00,0.00
2025-10-03T22:00,23.8,88,26.9,0.00,0.00,0.00
2025-10-03T23:00,23.6,87,26.5,0.00,0.00,0.00
2025-10-04T00:00,23.6,87,26.6,0.00,0.00,0.00
2025-10-04T01:00,23.0,90,26.1,0.00,0.00,0.00
2025-10-04T02:00,22.5,93,25.0,0.00,0.00,0.00
2025-10-04T03:00,22.0,94,24.5,0.00,0.00,0.00
2025-10-04T04:00,22.0,93,24.4,0.00,0.00,0.00
2025-10-04T05:00,22.4,95,25.6,0.00,0.00,0.00
2025-10-04T06:00,22.6,94,25.5,0.00,0.00,0.00
2025-10-04T07:00,23.9,87,26.5,0.00,0.00,0.00
2025-10-04T08:00,25.6,78,27.6,0.00,0.00,0.00
2025-10-04T09:00,27.1,71,29.5,0.00,0.00,0.00
2025-10-04T10:00,28.2,65,30.9,0.00,0.00,0.00
2025-10-04T11:00,29.2,59,31.9,0.00,0.00,0.00
2025-10-04T12:00,29.1,61,32.5,0.00,0.00,0.00
2025-10-04T13:00,27.3,67,29.5,0.50,0.50,0.00
2025-10-04T14:00,27.3,67,28.8,0.30,0.30,0.00
2025-10-04T15:00,28.2,67,30.8,0.00,0.00,0.00
2025-10-04T16:00,27.3,69,29.8,0.30,0.30,0.00
2025-10-04T17:00,27.1,69,30.2,0.00,0.00,0.00
2025-10-04T18:00,25.5,75,28.7,0.00,0.00,0.00
2025-10-04T19:00,25.1,78,27.8,0.00,0.00,0.00
2025-10-04T20:00,24.7,80,27.2,0.00,0.00,0.00
2025-10-04T21:00,24.1,84,26.6,0.00,0.00,0.00
2025-10-04T22:00,23.6,87,25.8,0.00,0.00,0.00
2025-10-04T23:00,23.3,88,25.6,0.00,0.00,0.00
2025-10-05T00:00,22.9,90,25.4,0.00,0.00,0.00
2025-10-05T01:00,22.7,90,25.2,0.00,0.00,0.00
2025-10-05T02:00,22.6,91,25.0,0.00,0.00,0.00
2025-10-05T03:00,22.6,91,25.2,0.00,0.00,0.00
2025-10-05T04:00,22.4,92,24.9,0.00,0.00,0.00
2025-10-05T05:00,22.8,94,25.6,0.00,0.00,0.00
2025-10-05T06:00,23.0,91,25.5,0.00,0.00,0.00
2025-10-05T07:00,24.3,84,27.3,0.00,0.00,0.00
2025-10-05T08:00,25.8,78,28.8,0.00,0.00,0.00
2025-10-05T09:00,26.9,73,29.9,0.10,0.10,0.00
2025-10-05T10:00,27.9,70,31.3,0.20,0.20,0.00
2025-10-05T11:00,28.8,64,33.0,0.20,0.20,0.00
2025-10-05T12:00,28.6,60,31.3,0.10,0.10,0.00
2025-10-05T13:00,26.2,74,29.9,1.00,1.00,0.00
2025-10-05T14:00,24.0,84,27.7,4.20,4.20,0.00
2025-10-05T15:00,24.9,83,29.0,0.20,0.20,0.00
2025-10-05T16:00,25.6,81,29.6,0.10,0.10,0.00
2025-10-05T17:00,25.0,86,29.0,0.00,0.00,0.00
2025-10-05T18:00,24.1,90,28.3,0.00,0.00,0.00
2025-10-05T19:00,23.7,91,28.0,0.00,0.00,0.00
2025-10-05T20:00,23.4,92,27.5,0.00,0.00,0.00
2025-10-05T21:00,23.2,92,27.0,0.00,0.00,0.00
2025-10-05T22:00,22.8,93,27.0,0.00,0.00,0.00
2025-10-05T23:00,22.3,98,26.9,0.00,0.00,0.00
2025-10-06T00:00,22.0,99,26.6,0.00,0.00,0.00
2025-10-06T01:00,21.7,100,26.0,0.00,0.00,0.00
2025-10-06T02:00,21.7,98,25.8,1.10,1.10,0.00
2025-10-06T03:00,21.9,98,25.6,0.00,0.00,0.00
2025-10-06T04:00,21.7,97,25.2,0.00,0.00,0.00
2025-10-06T05:00,22.2,93,25.0,0.00,0.00,0.00
2025-10-06T06:00,22.4,91,25.0,0.00,0.00,0.00
2025-10-06T07:00,23.6,85,25.9,0.00,0.00,0.00
2025-10-06T08:00,24.9,80,27.7,0.00,0.00,0.00
2025-10-06T09:00,26.0,77,29.4,0.10,0.10,0.00
2025-10-06T10:00,27.0,70,30.8,0.30,0.30,0.00
2025-10-06T11:00,25.7,74,28.7,0.10,0.10,0.00
2025-10-06T12:00,21.8,90,24.3,12.50,12.50,0.00
2025-10-06T13:00,23.5,85,27.0,0.30,0.30,0.00
2025-10-06T14:00,25.2,78,29.0,0.20,0.20,0.00
2025-10-06T15:00,26.3,71,29.7,0.10,0.10,0.00
2025-10-06T16:00,26.3,71,29.5,0.00,0.00,0.00
2025-10-06T17:00,25.4,78,29.4,0.00,0.00,0.00
2025-10-06T18:00,23.8,86,27.6,0.00,0.00,0.00
2025-10-06T19:00,23.0,90,27.1,0.00,0.00,0.00
2025-10-06T20:00,22.4,93,26.4,0.00,0.00,0.00
2025-10-06T21:00,21.8,94,25.6,0.00,0.00,0.00
2025-10-06T22:00,21.4,95,24.9,0.00,0.00,0.00
2025-10-06T23:00,21.7,96,25.4,0.00,0.00,0.00
2025-10-07T00:00,21.8,96,25.2,0.00,0.00,0.00
2025-10-07T01:00,21.5,96,24.9,0.00,0.00,0.00
2025-10-07T02:00,21.1,96,24.3,0.00,0.00,0.00
2025-10-07T03:00,21.0,94,23.8,0.00,0.00,0.00
2025-10-07T04:00,20.7,93,23.3,0.00,0.00,0.00
2025-10-07T05:00,20.6,93,22.9,0.00,0.00,0.00
2025-10-07T06:00,20.7,92,22.9,0.00,0.00,0.00
2025-10-07T07:00,22.4,88,25.0,0.00,0.00,0.00
2025-10-07T08:00,24.4,77,26.9,0.00,0.00,0.00
2025-10-07T09:00,25.9,70,28.5,0.00,0.00,0.00
2025-10-07T10:00,27.0,63,30.4,0.00,0.00,0.00
2025-10-07T11:00,28.2,54,31.3,0.10,0.10,0.00
2025-10-07T12:00,28.6,53,32.1,0.00,0.00,0.00
2025-10-07T13:00,28.9,51,32.1,0.00,0.00,0.00
2025-10-07T14:00,28.8,51,31.3,0.00,0.00,0.00
2025-10-07T15:00,28.4,54,29.7,0.00,0.00,0.00
2025-10-07T16:00,27.6,57,28.9,0.00,0.00,0.00
2025-10-07T17:00,26.1,66,28.3,0.00,0.00,0.00
2025-10-07T18:00,24.7,70,26.6,0.00,0.00,0.00
2025-10-07T19:00,23.9,73,25.7,0.00,0.00,0.00
2025-10-07T20:00,23.1,76,25.1,0.00,0.00,0.00
2025-10-07T21:00,22.3,80,24.4,0.00,0.00,0.00
2025-10-07T22:00,21.8,82,24.0,0.00,0.00,0.00
2025-10-07T23:00,21.2,85,23.3,0.00,0.00,0.00
2025-10-08T00:00,21.0,85,23.0,0.00,0.00,0.00
2025-10-08T01:00,20.6,86,22.5,0.00,0.00,0.00
2025-10-08T02:00,20.3,86,22.0,0.00,0.00,0.00
2025-10-08T03:00,20.1,86,21.6,0.00,0.00,0.00
2025-10-08T04:00,19.8,87,21.3,0.00,0.00,0.00
2025-10-08T05:00,20.6,81,21.5,0.00,0.00,0.00
2025-10-08T06:00,21.3,79,22.2,0.00,0.00,0.00
2025-10-08T07:00,22.8,79,24.3,0.00,0.00,0.00
2025-10-08T08:00,24.9,70,26.7,0.00,0.00,0.00
2025-10-08T09:00,26.2,63,28.3,0.00,0.00,0.00
2025-10-08T10:00,27.1,59,30.6,0.00,0.00,0.00
2025-10-08T11:00,27.8,56,31.9,0.10,0.10,0.00
2025-10-08T12:00,28.4,53,32.2,0.20,0.20,0.00
2025-10-08T13:00,28.2,55,30.9,0.30,0.30,0.00
2025-10-08T14:00,27.3,64,30.0,0.80,0.80,0.00
2025-10-08T15:00,27.4,62,29.6,0.00,0.00,0.00
2025-10-08T16:00,25.7,73,28.4,0.50,0.50,0.00
2025-10-08T17:00,22.7,84,25.4,0.00,0.00,0.00
2025-10-08T18:00,22.4,87,25.3,0.00,0.00,0.00
2025-10-08T19:00,22.2,87,25.3,0.00,0.00,0.00
2025-10-08T20:00,21.8,89,24.9,0.00,0.00,0.00
2025-10-08T21:00,21.5,89,24.3,0.00,0.00,0.00
2025-10-08T22:00,21.4,84,23.2,0.00,0.00,0.00
2025-10-08T23:00,21.4,72,21.8,0.00,0.00,0.00
2025-10-09T00:00,21.1,72,21.5,0.00,0.00,0.00
2025-10-09T01:00,21.2,72,21.4,0.00,0.00,0.00
2025-10-09T02:00,20.8,71,20.7,0.00,0.00,0.00
2025-10-09T03:00,20.5,68,20.0,0.00,0.00,0.00
2025-10-09T04:00,20.0,70,19.4,0.00,0.00,0.00
2025-10-09T05:00,19.9,75,20.0,0.00,0.00,0.00
2025-10-09T06:00,20.3,82,20.6,0.00,0.00,0.00
2025-10-09T07:00,21.9,84,23.2,0.00,0.00,0.00
2025-10-09T08:00,24.0,75,25.6,0.00,0.00,0.00
2025-10-09T09:00,25.8,63,26.7,0.00,0.00,0.00
2025-10-09T10:00,26.9,57,28.7,0.00,0.00,0.00
2025-10-09T11:00,27.5,53,30.3,0.00,0.00,0.00
2025-10-09T12:00,28.1,51,31.1,0.00,0.00,0.00
2025-10-09T13:00,28.4,49,30.9,0.00,0.00,0.00
2025-10-09T14:00,28.5,49,30.4,0.00,0.00,0.00
2025-10-09T15:00,28.4,48,29.5,0.00,0.00,0.00
2025-10-09T16:00,27.9,48,28.7,0.00,0.00,0.00
2025-10-09T17:00,26.4,58,28.2,0.00,0.00,0.00
2025-10-09T18:00,24.7,62,25.5,0.00,0.00,0.00
2025-10-09T19:00,23.3,69,24.9,0.00,0.00,0.00
2025-10-09T20:00,22.7,70,23.9,0.00,0.00,0.00
2025-10-09T21:00,22.1,68,22.7,0.00,0.00,0.00
2025-10-09T22:00,21.9,64,21.9,0.00,0.00,0.00
2025-10-09T23:00,21.2,64,21.0,0.00,0.00,0.00
2025-10-10T00:00,20.9,63,20.5,0.00,0.00,0.00
2025-10-10T01:00,20.5,64,20.1,0.00,0.00,0.00
2025-10-10T02:00,20.1,65,19.7,0.00,0.00,0.00
2025-10-10T03:00,19.7,67,19.1,0.00,0.00,0.00
2025-10-10T04:00,19.5,69,18.7,0.00,0.00,0.00
2025-10-10T05:00,20.3,70,20.1,0.00,0.00,0.00
2025-10-10T06:00,20.2,73,20.2,0.00,0.00,0.00
2025-10-10T07:00,21.6,74,22.3,0.00,0.00,0.00
2025-10-10T08:00,23.8,70,24.9,0.00,0.00,0.00
2025-10-10T09:00,25.5,62,26.4,0.00,0.00,0.00
2025-10-10T10:00,26.2,58,27.6,0.00,0.00,0.00
2025-10-10T11:00,26.7,55,29.2,0.00,0.00,0.00
2025-10-10T12:00,27.1,54,30.0,0.00,0.00,0.00
2025-10-10T13:00,27.2,53,29.6,0.10,0.10,0.00
2025-10-10T14:00,27.2,52,29.2,0.10,0.10,0.00
2025-10-10T15:00,27.1,53,28.3,0.00,0.00,0.00
2025-10-10T16:00,26.6,55,27.4,0.00,0.00,0.00
2025-10-10T17:00,24.6,63,25.5,0.00,0.00,0.00
2025-10-10T18:00,23.4,68,24.2,0.00,0.00,0.00
2025-10-10T19:00,22.5,71,23.4,0.00,0.00,0.00
2025-10-10T20:00,21.7,75,22.5,0.00,0.00,0.00
2025-10-10T21:00,21.2,76,21.9,0.00,0.00,0.00
2025-10-10T22:00,20.7,79,21.7,0.00,0.00,0.00
2025-10-10T23:00,20.2,82,21.2,0.00,0.00,0.00
2025-10-11T00:00,19.8,83,20.7,0.00,0.00,0.00
2025-10-11T01:00,19.6,83,20.4,0.00,0.00,0.00
2025-10-11T02:00,19.3,83,20.0,0.00,0.00,0.00
2025-10-11T03:00,19.1,83,19.7,0.00,0.00,0.00
2025-10-11T04:00,18.9,83,19.4,0.00,0.00,0.00
2025-10-11T05:00,18.9,85,19.7,0.00,0.00,0.00
2025-10-11T06:00,19.5,82,20.2,0.00,0.00,0.00
2025-10-11T07:00,21.5,77,22.4,0.00,0.00,0.00
2025-10-11T08:00,23.8,67,24.5,0.00,0.00,0.00
2025-10-11T09:00,25.5,58,25.5,0.00,0.00,0.00
2025-10-11T10:00,26.7,54,28.0,0.00,0.00,0.00
2025-10-11T11:00,27.1,51,28.6,0.00,0.00,0.00
2025-10-11T12:00,27.9,47,29.5,0.00,0.00,0.00
2025-10-11T13:00,28.1,45,29.1,0.00,0.00,0.00
2025-10-11T14:00,27.9,44,28.0,0.00,0.00,0.00
2025-10-11T15:00,27.9,44,27.8,0.00,0.00,0.00
2025-10-11T16:00,27.1,46,26.8,0.00,0.00,0.00
2025-10-11T17:00,25.1,55,25.9,0.00,0.00,0.00
2025-10-11T18:00,23.5,60,23.7,0.00,0.00,0.00
2025-10-11T19:00,22.3,65,22.4,0.00,0.00,0.00
2025-10-11T20:00,21.4,68,21.5,0.00,0.00,0.00
2025-10-11T21:00,20.7,69,20.8,0.00,0.00,0.00
2025-10-11T22:00,20.1,71,20.2,0.00,0.00,0.00
2025-10-11T23:00,19.7,74,20.0,0.00,0.00,0.00
2025-10-12T00:00,19.1,77,19.5,0.00,0.00,0.00
2025-10-12T01:00,18.5,81,19.0,0.00,0.00,0.00
2025-10-12T02:00,18.2,83,18.7,0.00,0.00,0.00
2025-10-12T03:00,18.0,83,18.5,0.00,0.00,0.00
2025-10-12T04:00,17.6,84,18.0,0.00,0.00,0.00
2025-10-12T05:00,17.6,87,18.0,0.00,0.00,0.00
2025-10-12T06:00,18.2,86,18.6,0.00,0.00,0.00
2025-10-12T07:00,20.4,79,21.1,0.00,0.00,0.00
2025-10-12T08:00,23.3,63,23.7,0.00,0.00,0.00
2025-10-12T09:00,25.4,47,24.7,0.00,0.00,0.00
2025-10-12T10:00,26.5,42,26.8,0.00,0.00,0.00
2025-10-12T11:00,27.0,41,28.6,0.00,0.00,0.00
2025-10-12T12:00,27.6,41,29.7,0.00,0.00,0.00
2025-10-12T13:00,27.9,41,29.7,0.00,0.00,0.00
2025-10-12T14:00,27.9,41,28.9,0.00,0.00,0.00
2025-10-12T15:00,27.6,42,27.3,0.00,0.00,0.00
2025-10-12T16:00,26.7,42,26.2,0.00,0.00,0.00
2025-10-12T17:00,25.1,51,25.2,0.00,0.00,0.00
2025-10-12T18:00,23.3,56,23.3,0.00,0.00,0.00
2025-10-12T19:00,22.0,62,21.5,0.00,0.00,0.00
2025-10-12T20:00,21.2,64,20.6,0.00,0.00,0.00
2025-10-12T21:00,20.9,63,20.2,0.00,0.00,0.00
2025-10-12T22:00,20.3,64,19.7,0.00,0.00,0.00
2025-10-12T23:00,19.7,67,19.4,0.00,0.00,0.00
2025-10-13T00:00,19.2,68,18.8,0.00,0.00,0.00
2025-10-13T01:00,18.8,69,18.4,0.00,0.00,0.00
2025-10-13T02:00,18.5,71,18.1,0.00,0.00,0.00
2025-10-13T03:00,18.2,72,17.7,0.00,0.00,0.00
2025-10-13T04:00,17.9,72,17.3,0.00,0.00,0.00
2025-10-13T05:00,18.4,76,18.2,0.00,0.00,0.00
2025-10-13T06:00,18.7,75,18.4,0.00,0.00,0.00
2025-10-13T07:00,20.7,70,20.7,0.00,0.00,0.00
2025-10-13T08:00,23.7,60,24.1,0.00,0.00,0.00
2025-10-13T09:00,25.8,54,26.1,0.00,0.00,0.00
2025-10-13T10:00,27.0,51,28.7,0.00,0.00,0.00
2025-10-13T11:00,27.8,46,30.3,0.00,0.00,0.00
2025-10-13T12:00,28.7,43,31.6,0.00,0.00,0.00
2025-10-13T13:00,29.2,41,31.9,0.00,0.00,0.00
2025-10-13T14:00,29.6,39,31.6,0.00,0.00,0.00
2025-10-13T15:00,29.3,38,29.6,0.00,0.00,0.00
2025-10-13T16:00,28.4,39,27.8,0.00,0.00,0.00
2025-10-13T17:00,26.5,54,28.2,0.00,0.00,0.00
2025-10-13T18:00,24.9,52,26.1,0.00,0.00,0.00
2025-10-13T19:00,23.5,62,24.7,0.00,0.00,0.00
2025-10-13T20:00,22.1,66,23.3,0.00,0.00,0.00
2025-10-13T21:00,21.5,66,21.7,0.00,0.00,0.00
2025-10-13T22:00,21.2,69,21.7,0.00,0.00,0.00
2025-10-13T23:00,20.6,76,21.5,0.00,0.00,0.00
2025-10-14T00:00,20.3,75,20.9,0.00,0.00,0.00
2025-10-14T01:00,20.0,72,20.2,0.00,0.00,0.00
2025-10-14T02:00,19.8,71,19.7,0.00,0.00,0.00
2025-10-14T03:00,19.4,71,19.4,0.00,0.00,0.00
2025-10-14T04:00,19.2,73,19.1,0.00,0.00,0.00
2025-10-14T05:00,19.6,78,20.1,0.00,0.00,0.00
2025-10-14T06:00,20.5,76,21.2,0.00,0.00,0.00
2025-10-14T07:00,22.2,74,23.8,0.00,0.00,0.00
2025-10-14T08:00,23.9,72,25.5,0.00,0.00,0.00
2025-10-14T09:00,24.9,69,26.3,0.20,0.20,0.00
2025-10-14T10:00,26.5,62,28.3,0.20,0.20,0.00
2025-10-14T11:00,27.9,55,30.0,0.00,0.00,0.00
2025-10-14T12:00,28.8,51,31.3,0.00,0.00,0.00
2025-10-14T13:00,29.2,48,31.4,0.00,0.00,0.00
2025-10-14T14:00,29.3,47,30.9,0.00,0.00,0.00
2025-10-14T15:00,29.1,48,30.1,0.00,0.00,0.00
2025-10-14T16:00,28.5,50,29.5,0.00,0.00,0.00
2025-10-14T17:00,26.9,55,28.1,0.00,0.00,0.00
2025-10-14T18:00,25.3,63,26.9,0.00,0.00,0.00
2025-10-14T19:00,24.4,67,26.2,0.00,0.00,0.00
2025-10-14T20:00,23.8,70,25.6,0.00,0.00,0.00
2025-10-14T21:00,22.7,76,25.0,0.00,0.00,0.00
2025-10-14T22:00,22.0,80,23.9,0.00,0.00,0.00
2025-10-14T23:00,21.5,87,24.1,0.00,0.00,0.00
2025-10-15T00:00,21.2,89,24.1,0.00,0.00,0.00
2025-10-15T01:00,20.7,92,23.5,0.00,0.00,0.00
2025-10-15T02:00,20.4,93,23.0,0.00,0.00,0.00
2025-10-15T03:00,20.3,93,22.9,0.00,0.00,0.00
2025-10-15T04:00,20.1,93,22.6,0.00,0.00,0.00
2025-10-15T05:00,20.3,91,22.7,0.00,0.00,0.00
2025-10-15T06:00,21.1,86,23.2,0.00,0.00,0.00
2025-10-15T07:00,23.0,78,25.5,0.00,0.00,0.00
2025-10-15T08:00,25.3,69,27.5,0.00,0.00,0.00
2025-10-15T09:00,26.9,60,28.5,0.00,0.00,0.00
2025-10-15T10:00,27.9,56,30.1,0.00,0.00,0.00
2025-10-15T11:00,27.9,59,31.2,0.00,0.00,0.00
2025-10-15T12:00,29.2,55,33.0,0.00,0.00,0.00
2025-10-15T13:00,29.6,53,32.9,0.00,0.00,0.00
2025-10-15T14:00,29.6,52,32.3,0.00,0.00,0.00
2025-10-15T15:00,29.2,52,31.4,0.00,0.00,0.00
2025-10-15T16:00,28.2,54,30.6,0.10,0.10,0.00
2025-10-15T17:00,26.1,60,28.3,0.50,0.50,0.00
2025-10-15T18:00,25.1,66,27.5,0.00,0.00,0.00
2025-10-15T19:00,24.6,68,26.7,0.00,0.00,0.00
2025-10-15T20:00,23.9,73,26.2,0.00,0.00,0.00
2025-10-15T21:00,23.1,79,25.6,0.00,0.00,0.00
2025-10-15T22:00,22.5,82,25.1,0.00,0.00,0.00
2025-10-15T23:00,21.9,90,25.2,0.00,0.00,0.00
2025-10-16T00:00,21.7,91,25.1,0.00,0.00,0.00
2025-10-16T01:00,21.3,93,24.5,0.00,0.00,0.00
2025-10-16T02:00,20.9,94,23.9,0.00,0.00,0.00
2025-10-16T03:00,20.5,95,23.3,0.00,0.00,0.00
2025-10-16T04:00,20.3,94,23.0,0.00,0.00,0.00
2025-10-16T05:00,20.5,90,23.1,0.00,0.00,0.00
2025-10-16T06:00,21.4,86,24.0,0.00,0.00,0.00
2025-10-16T07:00,23.1,79,26.1,0.00,0.00,0.00
2025-10-16T08:00,25.2,71,28.1,0.00,0.00,0.00
2025-10-16T09:00,26.8,65,29.5,0.00,0.00,0.00
2025-10-16T10:00,27.8,60,30.7,0.00,0.00,0.00
2025-10-16T11:00,27.9,57,30.8,0.00,0.00,0.00
2025-10-16T12:00,28.3,54,30.7,0.10,0.10,0.00
2025-10-16T13:00,28.9,51,31.7,0.00,0.00,0.00
2025-10-16T14:00,29.0,50,31.3,0.10,0.10,0.00
2025-10-16T15:00,28.6,51,30.6,0.00,0.00,0.00
2025-10-16T16:00,26.9,58,28.7,0.30,0.30,0.00
2025-10-16T17:00,26.1,62,28.5,0.00,0.00,0.00
2025-10-16T18:00,25.5,69,28.7,0.00,0.00,0.00
2025-10-16T19:00,25.3,68,28.2,0.00,0.00,0.00
2025-10-16T20:00,24.0,72,26.7,0.00,0.00,0.00
2025-10-16T21:00,23.1,77,25.8,0.00,0.00,0.00
2025-10-16T22:00,22.4,83,25.3,0.00,0.00,0.00
2025-10-16T23:00,21.5,93,25.0,0.00,0.00,0.00
2025-10-17T00:00,21.2,94,24.7,0.00,0.00,0.00
2025-10-17T01:00,20.9,94,24.1,0.00,0.00,0.00
2025-10-17T02:00,20.5,94,23.5,0.00,0.00,0.00
2025-10-17T03:00,20.2,93,23.0,0.00,0.00,0.00
2025-10-17T04:00,19.7,94,22.2,0.00,0.00,0.00
2025-10-17T05:00,20.1,90,22.7,0.00,0.00,0.00
2025-10-17T06:00,20.5,89,23.5,0.10,0.10,0.00
2025-10-17T07:00,22.5,79,25.3,0.00,0.00,0.00
2025-10-17T08:00,24.9,70,27.5,0.00,0.00,0.00
2025-10-17T09:00,26.5,63,28.6,0.00,0.00,0.00
2025-10-17T10:00,27.7,57,30.0,0.00,0.00,0.00
2025-10-17T11:00,28.1,56,31.2,0.00,0.00,0.00
2025-10-17T12:00,29.1,50,31.9,0.00,0.00,0.00
2025-10-17T13:00,29.6,47,31.6,0.00,0.00,0.00
2025-10-17T14:00,29.7,43,30.7,0.00,0.00,0.00
2025-10-17T15:00,29.6,41,29.9,0.00,0.00,0.00
2025-10-17T16:00,29.3,40,29.2,0.00,0.00,0.00
2025-10-17T17:00,27.8,47,28.7,0.00,0.00,0.00
2025-10-17T18:00,26.1,54,27.6,0.00,0.00,0.00
2025-10-17T19:00,24.4,67,26.6,0.00,0.00,0.00
2025-10-17T20:00,23.9,74,26.9,0.00,0.00,0.00
2025-10-17T21:00,23.3,74,25.9,0.00,0.00,0.00
2025-10-17T22:00,23.0,74,25.3,0.00,0.00,0.00
2025-10-17T23:00,21.7,85,24.6,0.00,0.00,0.00
2025-10-18T00:00,21.1,86,23.6,0.00,0.00,0.00
2025-10-18T01:00,20.3,87,22.4,0.00,0.00,0.00
2025-10-18T02:00,20.0,86,22.0,0.00,0.00,0.00
2025-10-18T03:00,19.8,84,21.6,0.00,0.00,0.00
2025-10-18T04:00,19.6,82,21.0,0.00,0.00,0.00
2025-10-18T05:00,19.8,82,21.3,0.00,0.00,0.00
2025-10-18T06:00,20.7,77,22.2,0.00,0.00,0.00
2025-10-18T07:00,22.6,71,23.9,0.00,0.00,0.00
2025-10-18T08:00,24.9,61,26.1,0.00,0.00,0.00
2025-10-18T09:00,27.1,45,26.9,0.00,0.00,0.00
2025-10-18T10:00,28.4,40,28.8,0.00,0.00,0.00
2025-10-18T11:00,29.6,38,31.1,0.00,0.00,0.00
2025-10-18T12:00,30.2,36,31.0,0.00,0.00,0.00
2025-10-18T13:00,29.9,38,29.6,0.00,0.00,0.00
2025-10-18T14:00,29.2,40,28.5,0.10,0.10,0.00
2025-10-18T15:00,29.1,39,28.4,0.00,0.00,0.00
2025-10-18T16:00,28.6,40,27.9,0.00,0.00,0.00
2025-10-18T17:00,27.9,41,27.5,0.00,0.00,0.00
2025-10-18T18:00,26.3,47,26.3,0.00,0.00,0.00
2025-10-18T19:00,24.8,56,25.9,0.00,0.00,0.00
2025-10-18T20:00,23.9,60,25.6,0.00,0.00,0.00
2025-10-18T21:00,22.9,63,24.5,0.00,0.00,0.00
2025-10-18T22:00,22.3,64,23.7,0.00,0.00,0.00
2025-10-18T23:00,22.0,68,23.7,0.00,0.00,0.00
2025-10-19T00:00,21.5,68,22.7,0.00,0.00,0.00
2025-10-19T01:00,20.6,72,21.8,0.00,0.00,0.00
2025-10-19T02:00,20.0,73,21.2,0.00,0.00,0.00
2025-10-19T03:00,19.7,75,20.4,0.00,0.00,0.00
2025-10-19T04:00,19.2,75,19.6,0.00,0.00,0.00
2025-10-19T05:00,19.4,77,20.1,0.00,0.00,0.00
2025-10-19T06:00,20.2,73,20.9,0.00,0.00,0.00
2025-10-19T07:00,22.0,68,23.0,0.00,0.00,0.00
2025-10-19T08:00,24.7,54,25.2,0.00,0.00,0.00
2025-10-19T09:00,26.7,44,26.4,0.00,0.00,0.00
2025-10-19T10:00,28.0,40,28.5,0.00,0.00,0.00
2025-10-19T11:00,28.9,38,30.1,0.00,0.00,0.00
2025-10-19T12:00,29.8,36,31.0,0.00,0.00,0.00
2025-10-19T13:00,30.5,33,31.0,0.00,0.00,0.00
2025-10-19T14:00,30.7,33,30.7,0.00,0.00,0.00
2025-10-19T15:00,30.0,34,28.8,0.00,0.00,0.00
2025-10-19T16:00,28.6,37,27.0,0.00,0.00,0.00
2025-10-19T17:00,27.1,42,26.5,0.00,0.00,0.00
2025-10-19T18:00,25.4,47,24.9,0.00,0.00,0.00
2025-10-19T19:00,24.0,53,23.8,0.00,0.00,0.00
2025-10-19T20:00,23.0,58,22.8,0.00,0.00,0.00
2025-10-19T21:00,22.4,59,22.3,0.00,0.00,0.00
2025-10-19T22:00,21.7,61,21.6,0.00,0.00,0.00
2025-10-19T23:00,21.0,66,21.2,0.00,0.00,0.00
2025-10-20T00:00,20.5,67,20.8,0.00,0.00,0.00
2025-10-20T01:00,20.3,67,20.4,0.00,0.00,0.00
2025-10-20T02:00,20.0,67,20.1,0.00,0.00,0.00
2025-10-20T03:00,19.8,67,19.8,0.00,0.00,0.00
2025-10-20T04:00,19.5,68,19.5,0.00,0.00,0.00
2025-10-20T05:00,19.4,71,19.5,0.00,0.00,0.00
2025-10-20T06:00,19.9,70,19.9,0.00,0.00,0.00
2025-10-20T07:00,22.2,63,22.0,0.00,0.00,0.00
2025-10-20T08:00,25.3,52,25.2,0.00,0.00,0.00
2025-10-20T09:00,27.4,41,26.6,0.00,0.00,0.00
2025-10-20T10:00,28.8,36,28.4,0.00,0.00,0.00
2025-10-20T11:00,29.5,34,29.5,0.00,0.00,0.00
2025-10-20T12:00,30.0,34,30.4,0.00,0.00,0.00
2025-10-20T13:00,30.2,35,30.6,0.00,0.00,0.00
2025-10-20T14:00,30.1,36,29.9,0.00,0.00,0.00
2025-10-20T15:00,29.5,38,28.5,0.00,0.00,0.00
2025-10-20T16:00,28.7,40,27.7,0.00,0.00,0.00
2025-10-20T17:00,27.6,43,27.3,0.00,0.00,0.00
2025-10-20T18:00,26.3,48,26.0,0.00,0.00,0.00
2025-10-20T19:00,25.0,54,25.6,0.00,0.00,0.00
2025-10-20T20:00,23.8,61,25.1,0.00,0.00,0.00
2025-10-20T21:00,23.4,66,24.4,0.00,0.00,0.00
2025-10-20T22:00,22.8,71,24.3,0.00,0.00,0.00
2025-10-20T23:00,22.5,79,24.6,0.00,0.00,0.00
2025-10-21T00:00,22.2,84,24.6,0.00,0.00,0.00
2025-10-21T01:00,21.9,88,24.5,0.00,0.00,0.00
2025-10-21T02:00,21.6,91,24.4,0.00,0.00,0.00
2025-10-21T03:00,21.3,94,24.2,0.00,0.00,0.00
2025-10-21T04:00,21.2,95,24.0,0.00,0.00,0.00
2025-10-21T05:00,21.4,96,24.6,0.00,0.00,0.00
2025-10-21T06:00,21.9,93,24.8,0.00,0.00,0.00
2025-10-21T07:00,23.6,85,26.5,0.00,0.00,0.00
2025-10-21T08:00,25.8,71,27.5,0.00,0.00,0.00
2025-10-21T09:00,27.0,63,28.0,0.10,0.10,0.00
2025-10-21T10:00,28.0,59,29.1,0.10,0.10,0.00
2025-10-21T11:00,29.0,53,30.4,0.00,0.00,0.00
2025-10-21T12:00,30.0,49,31.7,0.00,0.00,0.00
2025-10-21T13:00,30.4,47,31.5,0.00,0.00,0.00
2025-10-21T14:00,26.8,61,27.5,0.40,0.40,0.00
2025-10-21T15:00,28.0,57,29.9,0.00,0.00,0.00
2025-10-21T16:00,27.3,58,28.5,0.10,0.10,0.00
2025-10-21T17:00,26.7,60,28.3,0.00,0.00,0.00
2025-10-21T18:00,25.7,63,27.3,0.00,0.00,0.00
2025-10-21T19:00,25.1,67,26.7,0.00,0.00,0.00
2025-10-21T20:00,24.4,72,26.4,0.00,0.00,0.00
2025-10-21T21:00,23.8,76,26.2,0.00,0.00,0.00
2025-10-21T22:00,23.0,80,25.6,0.00,0.00,0.00
2025-10-21T23:00,22.7,86,25.8,0.00,0.00,0.00
2025-10-22T00:00,22.6,86,25.7,0.00,0.00,0.00
2025-10-22T01:00,22.2,88,25.3,0.00,0.00,0.00
2025-10-22T02:00,21.9,90,24.9,0.00,0.00,0.00
2025-10-22T03:00,21.6,91,24.4,0.00,0.00,0.00
2025-10-22T04:00,21.4,92,24.2,0.00,0.00,0.00
2025-10-22T05:00,21.5,89,24.0,0.00,0.00,0.00
2025-10-22T06:00,22.0,88,24.3,0.00,0.00,0.00
2025-10-22T07:00,23.5,81,26.0,0.00,0.00,0.00
2025-10-22T08:00,25.8,67,27.5,0.00,0.00,0.00
2025-10-22T09:00,27.3,60,28.8,0.00,0.00,0.00
2025-10-22T10:00,28.7,54,30.3,0.00,0.00,0.00
2025-10-22T11:00,29.7,51,32.0,0.00,0.00,0.00
2025-10-22T12:00,30.4,48,32.8,0.00,0.00,0.00
2025-10-22T13:00,30.7,46,32.3,0.00,0.00,0.00
2025-10-22T14:00,30.4,46,31.5,0.00,0.00,0.00
2025-10-22T15:00,29.7,47,30.6,0.00,0.00,0.00
2025-10-22T16:00,27.7,55,28.3,0.10,0.10,0.00
2025-10-22T17:00,25.9,65,27.8,0.00,0.00,0.00
2025-10-22T18:00,25.1,67,27.2,0.00,0.00,0.00
2025-10-22T19:00,24.8,68,27.1,0.00,0.00,0.00
2025-10-22T20:00,24.6,72,27.1,0.00,0.00,0.00
2025-10-22T21:00,23.9,77,26.7,0.00,0.00,0.00
2025-10-22T22:00,23.5,79,26.2,0.00,0.00,0.00
2025-10-22T23:00,23.3,80,25.8,0.00,0.00,0.00
2025-10-23T00:00,22.9,81,25.5,0.00,0.00,0.00
2025-10-23T01:00,21.9,86,24.8,0.00,0.00,0.00
2025-10-23T02:00,21.4,89,24.2,0.00,0.00,0.00
2025-10-23T03:00,21.2,89,24.0,0.00,0.00,0.00
2025-10-23T04:00,21.0,89,23.6,0.00,0.00,0.00
2025-10-23T05:00,21.2,89,23.9,0.00,0.00,0.00
2025-10-23T06:00,21.8,85,24.0,0.00,0.00,0.00
2025-10-23T07:00,23.5,77,25.8,0.00,0.00,0.00
2025-10-23T08:00,25.7,63,27.5,0.00,0.00,0.00
2025-10-23T09:00,27.4,54,28.5,0.00,0.00,0.00
2025-10-23T10:00,28.6,49,30.4,0.00,0.00,0.00
2025-10-23T11:00,29.3,48,32.0,0.00,0.00,0.00
2025-10-23T12:00,30.0,47,32.5,0.00,0.00,0.00
2025-10-23T13:00,30.2,47,32.6,0.00,0.00,0.00
2025-10-23T14:00,29.5,51,31.6,0.10,0.10,0.00
2025-10-23T15:00,28.8,52,30.5,0.00,0.00,0.00
2025-10-23T16:00,29.0,49,30.2,0.00,0.00,0.00
2025-10-23T17:00,27.3,55,29.1,0.00,0.00,0.00
2025-10-23T18:00,26.2,60,28.1,0.00,0.00,0.00
2025-10-23T19:00,25.5,62,27.1,0.00,0.00,0.00
2025-10-23T20:00,24.7,66,26.3,0.00,0.00,0.00
2025-10-23T21:00,24.0,69,25.9,0.00,0.00,0.00
2025-10-23T22:00,23.4,72,25.5,0.00,0.00,0.00
2025-10-23T23:00,23.1,76,25.3,0.00,0.00,0.00
2025-10-24T00:00,22.9,77,24.8,0.00,0.00,0.00
2025-10-24T01:00,22.3,80,24.4,0.00,0.00,0.00
2025-10-24T02:00,21.7,82,24.0,0.00,0.00,0.00
2025-10-24T03:00,21.1,84,23.3,0.00,0.00,0.00
2025-10-24T04:00,20.9,85,23.0,0.00,0.00,0.00
2025-10-24T05:00,21.0,86,23.2,0.00,0.00,0.00
2025-10-24T06:00,21.6,83,23.8,0.00,0.00,0.00
2025-10-24T07:00,23.3,76,25.4,0.00,0.00,0.00
2025-10-24T08:00,25.5,65,27.4,0.00,0.00,0.00
2025-10-24T09:00,27.3,56,28.4,0.00,0.00,0.00
2025-10-24T10:00,28.7,50,30.1,0.00,0.00,0.00
2025-10-24T11:00,29.4,47,31.4,0.00,0.00,0.00
2025-10-24T12:00,29.8,45,31.6,0.00,0.00,0.00
2025-10-24T13:00,30.3,44,32.1,0.10,0.10,0.00
2025-10-24T14:00,30.3,43,31.3,0.00,0.00,0.00
2025-10-24T15:00,30.0,44,30.4,0.00,0.00,0.00
2025-10-24T16:00,28.7,48,29.2,0.20,0.20,0.00
2025-10-24T17:00,27.3,53,28.6,0.10,0.10,0.00
2025-10-24T18:00,25.7,60,27.1,0.00,0.00,0.00
2025-10-24T19:00,24.7,67,26.3,0.00,0.00,0.00
2025-10-24T20:00,24.2,68,25.7,0.00,0.00,0.00
2025-10-24T21:00,23.8,68,25.5,0.00,0.00,0.00
2025-10-24T22:00,23.2,73,25.4,0.00,0.00,0.00
2025-10-24T23:00,22.7,78,25.4,0.00,0.00,0.00
2025-10-25T00:00,22.7,81,25.7,0.00,0.00,0.00
2025-10-25T01:00,22.4,84,25.4,0.00,0.00,0.00
2025-10-25T02:00,22.0,88,25.4,0.00,0.00,0.00
2025-10-25T03:00,22.0,90,25.8,0.00,0.00,0.00
2025-10-25T04:00,22.1,90,26.0,0.00,0.00,0.00
2025-10-25T05:00,22.2,95,26.2,0.00,0.00,0.00
2025-10-25T06:00,22.4,92,26.7,0.00,0.00,0.00
2025-10-25T07:00,23.1,88,27.3,0.00,0.00,0.00
2025-10-25T08:00,24.2,80,27.5,0.00,0.00,0.00
2025-10-25T09:00,24.9,73,27.6,0.00,0.00,0.00
2025-10-25T10:00,25.1,69,27.1,0.00,0.00,0.00
2025-10-25T11:00,23.9,76,25.8,0.00,0.00,0.00
2025-10-25T12:00,23.5,83,26.7,0.30,0.30,0.00
2025-10-25T13:00,24.2,74,27.3,0.10,0.10,0.00
2025-10-25T14:00,24.0,74,26.0,0.00,0.00,0.00
2025-10-25T15:00,24.1,72,25.7,0.00,0.00,0.00
2025-10-25T16:00,24.0,74,25.8,0.00,0.00,0.00
2025-10-25T17:00,22.9,89,26.2,0.00,0.00,0.00
2025-10-25T18:00,22.3,90,25.4,0.00,0.00,0.00
2025-10-25T19:00,22.2,89,25.0,0.00,0.00,0.00
2025-10-25T20:00,22.3,87,25.0,0.00,0.00,0.00
2025-10-25T21:00,22.2,89,25.3,0.00,0.00,0.00
2025-10-25T22:00,22.3,90,25.8,0.00,0.00,0.00
2025-10-25T23:00,21.6,90,24.4,0.20,0.20,0.00
2025-10-26T00:00,21.4,92,24.5,0.70,0.70,0.00
2025-10-26T01:00,21.2,94,24.4,0.50,0.50,0.00
2025-10-26T02:00,21.0,96,24.1,0.80,0.80,0.00
2025-10-26T03:00,20.9,97,23.7,0.50,0.50,0.00
2025-10-26T04:00,20.7,96,23.5,0.30,0.30,0.00
2025-10-26T05:00,20.6,95,23.3,0.50,0.50,0.00
2025-10-26T06:00,20.6,95,23.1,0.30,0.30,0.00
2025-10-26T07:00,20.7,94,23.0,0.00,0.00,0.00
2025-10-26T08:00,21.6,86,23.7,0.00,0.00,0.00
2025-10-26T09:00,22.3,82,24.6,0.00,0.00,0.00
2025-10-26T10:00,23.4,77,25.6,0.00,0.00,0.00
2025-10-26T11:00,24.9,72,27.1,0.00,0.00,0.00
2025-10-26T12:00,25.5,71,27.8,0.00,0.00,0.00
2025-10-26T13:00,26.4,67,29.0,0.00,0.00,0.00
2025-10-26T14:00,25.9,68,28.0,0.00,0.00,0.00
2025-10-26T15:00,24.2,79,26.3,1.50,1.50,0.00
2025-10-26T16:00,23.3,85,26.1,0.30,0.30,0.00
2025-10-26T17:00,22.0,93,25.2,0.10,0.10,0.00
2025-10-26T18:00,21.9,93,24.4,0.10,0.10,0.00
2025-10-26T19:00,21.6,95,24.6,0.00,0.00,0.00
2025-10-26T20:00,21.3,96,24.2,0.00,0.00,0.00
2025-10-26T21:00,21.3,96,24.0,0.00,0.00,0.00
2025-10-26T22:00,21.4,95,24.1,0.00,0.00,0.00
2025-10-26T23:00,21.0,97,23.9,0.00,0.00,0.00
2025-10-27T00:00,20.7,98,23.4,0.00,0.00,0.00
2025-10-27T01:00,20.6,98,23.4,0.00,0.00,0.00
2025-10-27T02:00,20.4,98,23.2,0.00,0.00,0.00
2025-10-27T03:00,20.2,98,22.9,0.00,0.00,0.00
2025-10-27T04:00,20.1,97,22.8,0.00,0.00,0.00
2025-10-27T05:00,20.1,97,23.0,0.00,0.00,0.00
2025-10-27T06:00,20.2,97,23.1,0.00,0.00,0.00
2025-10-27T07:00,21.7,93,24.6,0.00,0.00,0.00
2025-10-27T08:00,23.9,82,26.4,0.00,0.00,0.00
2025-10-27T09:00,25.8,71,27.3,0.10,0.10,0.00
2025-10-27T10:00,27.2,62,28.4,0.10,0.10,0.00
2025-10-27T11:00,27.8,58,29.2,0.00,0.00,0.00
2025-10-27T12:00,28.1,57,29.4,0.00,0.00,0.00
2025-10-27T13:00,28.7,54,30.1,0.10,0.10,0.00
2025-10-27T14:00,28.6,55,29.4,0.00,0.00,0.00
2025-10-27T15:00,28.2,56,28.9,0.00,0.00,0.00
2025-10-27T16:00,27.3,60,28.2,0.00,0.00,0.00
2025-10-27T17:00,25.6,67,27.7,0.00,0.00,0.00
2025-10-27T18:00,24.2,75,27.1,0.00,0.00,0.00
2025-10-27T19:00,23.8,78,26.3,0.00,0.00,0.00
2025-10-27T20:00,23.4,79,25.7,0.00,0.00,0.00
2025-10-27T21:00,22.8,81,25.2,0.00,0.00,0.00
2025-10-27T22:00,22.5,81,24.5,0.00,0.00,0.00
2025-10-27T23:00,22.1,86,23.9,0.00,0.00,0.00
2025-10-28T00:00,21.7,88,23.9,0.00,0.00,0.00
2025-10-28T01:00,21.3,91,23.9,0.00,0.00,0.00
2025-10-28T02:00,21.0,93,23.4,0.00,0.00,0.00
2025-10-28T03:00,20.8,94,23.2,0.00,0.00,0.00
2025-10-28T04:00,20.9,94,23.3,0.00,0.00,0.00
2025-10-28T05:00,21.0,93,23.5,0.00,0.00,0.00
2025-10-28T06:00,21.3,95,23.8,1.40,1.40,0.00
2025-10-28T07:00,21.6,97,24.2,1.10,1.10,0.00
2025-10-28T08:00,23.8,84,26.2,0.00,0.00,0.00
2025-10-28T09:00,25.2,75,27.0,0.00,0.00,0.00
2025-10-28T10:00,26.0,69,27.2,0.00,0.00,0.00
2025-10-28T11:00,25.9,67,26.6,0.00,0.00,0.00
2025-10-28T12:00,24.9,74,26.5,0.10,0.10,0.00
2025-10-28T13:00,25.9,71,27.6,0.00,0.00,0.00
2025-10-28T14:00,25.9,76,27.7,0.50,0.50,0.00
2025-10-28T15:00,26.4,71,27.8,0.10,0.10,0.00
2025-10-28T16:00,26.6,64,27.3,0.00,0.00,0.00
2025-10-28T17:00,25.6,64,26.4,0.00,0.00,0.00
2025-10-28T18:00,24.6,69,25.3,0.00,0.00,0.00
2025-10-28T19:00,24.3,70,25.0,0.00,0.00,0.00
2025-10-28T20:00,23.4,77,24.7,0.00,0.00,0.00
2025-10-28T21:00,22.9,87,24.5,0.00,0.00,0.00
2025-10-28T22:00,22.7,89,24.5,0.00,0.00,0.00
2025-10-28T23:00,23.0,89,24.8,0.00,0.00,0.00
2025-10-29T00:00,22.8,90,24.3,0.00,0.00,0.00
2025-10-29T01:00,22.3,90,23.4,0.00,0.00,0.00
2025-10-29T02:00,22.1,90,23.2,0.00,0.00,0.00
2025-10-29T03:00,21.8,92,23.0,0.00,0.00,0.00
2025-10-29T04:00,21.8,92,22.9,0.00,0.00,0.00
2025-10-29T05:00,21.6,95,23.0,0.00,0.00,0.00
2025-10-29T06:00,21.8,94,23.1,0.00,0.00,0.00
2025-10-29T07:00,22.7,89,23.9,0.00,0.00,0.00
2025-10-29T08:00,24.0,82,24.3,0.10,0.10,0.00
2025-10-29T09:00,24.2,81,24.6,0.20,0.20,0.00
2025-10-29T10:00,25.0,78,25.6,0.30,0.30,0.00
2025-10-29T11:00,25.7,73,25.9,0.30,0.30,0.00
2025-10-29T12:00,27.2,68,28.2,0.50,0.50,0.00
2025-10-29T13:00,27.6,64,28.4,0.10,0.10,0.00
2025-10-29T14:00,28.3,62,29.0,0.00,0.00,0.00
2025-10-29T15:00,26.2,73,27.7,0.30,0.30,0.00
2025-10-29T16:00,24.4,87,26.9,1.10,1.10,0.00
2025-10-29T17:00,25.6,74,27.0,2.60,2.60,0.00
2025-10-29T18:00,24.7,79,26.4,0.00,0.00,0.00
2025-10-29T19:00,23.9,83,25.2,0.00,0.00,0.00
2025-10-29T20:00,23.1,87,24.4,0.00,0.00,0.00
2025-10-29T21:00,22.2,89,23.3,0.00,0.00,0.00
2025-10-29T22:00,21.9,91,23.2,0.00,0.00,0.00
2025-10-29T23:00,22.4,92,23.9,0.00,0.00,0.00
2025-10-30T00:00,22.5,92,24.1,0.00,0.00,0.00
2025-10-30T01:00,22.5,92,23.9,0.50,0.50,0.00
2025-10-30T02:00,22.0,94,23.3,1.00,1.00,0.00
2025-10-30T03:00,21.8,96,23.5,1.00,1.00,0.00
2025-10-30T04:00,21.7,97,23.5,0.20,0.20,0.00
2025-10-30T05:00,21.7,97,23.8,0.30,0.30,0.00
2025-10-30T06:00,21.7,97,23.8,0.20,0.20,0.00
2025-10-30T07:00,22.1,95,23.8,0.10,0.10,0.00
2025-10-30T08:00,22.9,91,24.8,0.10,0.10,0.00
2025-10-30T09:00,24.1,82,25.7,0.10,0.10,0.00
2025-10-30T10:00,24.8,77,26.0,0.10,0.10,0.00
2025-10-30T11:00,23.9,80,25.2,0.20,0.20,0.00
2025-10-30T12:00,24.3,78,26.0,0.20,0.20,0.00
2025-10-30T13:00,24.6,78,27.0,0.30,0.30,0.00
2025-10-30T14:00,25.1,75,27.5,0.10,0.10,0.00
2025-10-30T15:00,25.4,72,28.6,0.00,0.00,0.00
2025-10-30T16:00,25.7,70,28.6,0.00,0.00,0.00
2025-10-30T17:00,24.3,80,27.5,0.00,0.00,0.00
2025-10-30T18:00,23.3,87,26.5,0.00,0.00,0.00
2025-10-30T19:00,22.7,91,25.7,0.00,0.00,0.00
2025-10-30T20:00,22.2,94,25.3,0.00,0.00,0.00
2025-10-30T21:00,21.7,96,25.0,0.00,0.00,0.00
2025-10-30T22:00,21.4,97,24.5,0.00,0.00,0.00
2025-10-30T23:00,21.5,96,24.4,0.00,0.00,0.00
2025-10-31T00:00,21.3,95,23.9,0.00,0.00,0.00
2025-10-31T01:00,21.0,96,23.9,0.00,0.00,0.00
2025-10-31T02:00,20.7,97,24.1,0.00,0.00,0.00
2025-10-31T03:00,20.2,98,23.7,0.00,0.00,0.00
2025-10-31T04:00,20.2,99,23.3,0.00,0.00,0.00
2025-10-31T05:00,21.1,97,24.2,0.00,0.00,0.00
2025-10-31T06:00,21.5,96,24.6,0.20,0.20,0.00
2025-10-31T07:00,22.6,90,25.3,0.00,0.00,0.00
2025-10-31T08:00,23.8,83,26.4,0.10,0.10,0.00
2025-10-31T09:00,25.5,74,28.6,0.00,0.00,0.00
2025-10-31T10:00,26.4,70,29.6,0.10,0.10,0.00
2025-10-31T11:00,26.2,70,28.6,0.40,0.40,0.00
2025-10-31T12:00,26.2,73,28.7,0.20,0.20,0.00
2025-10-31T13:00,23.8,87,26.1,6.80,6.80,0.00
2025-10-31T14:00,23.6,89,26.6,2.50,2.50,0.00
2025-10-31T15:00,23.6,90,26.7,1.40,1.40,0.00
2025-10-31T16:00,24.2,84,27.3,0.10,0.10,0.00
2025-10-31T17:00,23.8,85,26.5,0.00,0.00,0.00
2025-10-31T18:00,22.6,90,25.5,0.10,0.10,0.00
2025-10-31T19:00,22.3,92,25.5,0.10,0.10,0.00
2025-10-31T20:00,22.0,95,25.4,0.00,0.00,0.00
2025-10-31T21:00,22.0,95,25.4,0.00,0.00,0.00
2025-10-31T22:00,21.7,96,25.0,0.00,0.00,0.00
2025-10-31T23:00,21.2,97,24.4,0.00,0.00,0.00
2025-11-01T00:00,20.9,97,24.0,0.00,0.00,0.00
2025-11-01T01:00,20.7,97,23.5,0.00,0.00,0.00
2025-11-01T02:00,20.2,98,22.9,0.00,0.00,0.00
2025-11-01T03:00,19.9,98,22.8,0.00,0.00,0.00
2025-11-01T04:00,19.6,99,22.2,0.00,0.00,0.00
2025-11-01T05:00,19.8,100,22.6,0.00,0.00,0.00
2025-11-01T06:00,20.2,100,23.4,0.00,0.00,0.00
2025-11-01T07:00,20.9,98,24.4,0.00,0.00,0.00
2025-11-01T08:00,22.4,91,26.2,0.00,0.00,0.00
2025-11-01T09:00,24.7,80,28.8,0.00,0.00,0.00
2025-11-01T10:00,26.8,67,30.3,0.00,0.00,0.00
2025-11-01T11:00,27.3,63,30.7,0.00,0.00,0.00
2025-11-01T12:00,28.1,59,31.1,0.10,0.10,0.00
2025-11-01T13:00,28.8,55,31.3,0.00,0.00,0.00
2025-11-01T14:00,29.0,53,30.8,0.10,0.10,0.00
2025-11-01T15:00,28.9,53,30.4,0.10,0.10,0.00
2025-11-01T16:00,28.3,54,29.8,0.00,0.00,0.00
2025-11-01T17:00,26.0,68,29.0,0.00,0.00,0.00
2025-11-01T18:00,24.4,78,27.8,0.00,0.00,0.00
2025-11-01T19:00,24.0,81,27.9,0.00,0.00,0.00
2025-11-01T20:00,23.2,84,26.6,0.00,0.00,0.00
2025-11-01T21:00,22.7,87,26.0,0.00,0.00,0.00
2025-11-01T22:00,22.3,89,25.4,0.00,0.00,0.00
2025-11-01T23:00,21.7,95,25.0,0.00,0.00,0.00
2025-11-02T00:00,21.4,96,25.0,0.00,0.00,0.00
2025-11-02T01:00,21.1,97,24.5,0.00,0.00,0.00
2025-11-02T02:00,20.8,98,24.2,0.00,0.00,0.00
2025-11-02T03:00,20.6,98,23.7,0.00,0.00,0.00
2025-11-02T04:00,20.3,98,23.2,0.00,0.00,0.00
2025-11-02T05:00,20.7,98,23.7,0.00,0.00,0.00
2025-11-02T06:00,21.4,94,24.6,0.00,0.00,0.00
2025-11-02T07:00,23.0,87,26.5,0.00,0.00,0.00
2025-11-02T08:00,25.0,76,28.4,0.00,0.00,0.00
2025-11-02T09:00,26.1,70,29.1,0.10,0.10,0.00
2025-11-02T10:00,26.7,69,29.9,0.20,0.20,0.00
2025-11-02T11:00,27.0,66,29.5,0.00,0.00,0.00
2025-11-02T12:00,27.6,63,30.0,0.30,0.30,0.00
2025-11-02T13:00,27.7,65,30.6,0.60,0.60,0.00
2025-11-02T14:00,28.5,60,30.6,0.00,0.00,0.00
2025-11-02T15:00,26.5,70,28.6,0.20,0.20,0.00
2025-11-02T16:00,26.9,66,29.5,0.10,0.10,0.00
2025-11-02T17:00,25.6,72,28.9,0.00,0.00,0.00
2025-11-02T18:00,24.0,79,27.3,0.00,0.00,0.00
2025-11-02T19:00,23.0,85,26.5,0.00,0.00,0.00
2025-11-02T20:00,22.6,87,26.3,0.00,0.00,0.00
2025-11-02T21:00,22.4,87,25.9,0.00,0.00,0.00
2025-11-02T22:00,22.1,87,25.2,0.00,0.00,0.00
2025-11-02T23:00,21.2,96,24.7,0.00,0.00,0.00
2025-11-03T00:00,20.7,97,24.2,0.00,0.00,0.00
2025-11-03T01:00,20.4,97,23.7,0.00,0.00,0.00
2025-11-03T02:00,20.4,96,23.4,0.00,0.00,0.00
2025-11-03T03:00,20.4,95,23.2,0.00,0.00,0.00
2025-11-03T04:00,20.4,93,22.8,0.00,0.00,0.00
2025-11-03T05:00,20.8,94,23.3,0.00,0.00,0.00
2025-11-03T06:00,20.9,95,23.6,0.00,0.00,0.00
2025-11-03T07:00,22.4,90,25.4,0.00,0.00,0.00
2025-11-03T08:00,24.7,78,27.8,0.00,0.00,0.00
2025-11-03T09:00,26.1,67,28.1,0.00,0.00,0.00
2025-11-03T10:00,27.3,61,29.1,0.00,0.00,0.00
2025-11-03T11:00,28.3,54,30.6,0.00,0.00,0.00
2025-11-03T12:00,29.1,51,31.2,0.00,0.00,0.00
2025-11-03T13:00,29.3,49,30.9,0.00,0.00,0.00
2025-11-03T14:00,29.3,49,30.2,0.00,0.00,0.00
2025-11-03T15:00,28.9,49,29.6,0.00,0.00,0.00
2025-11-03T16:00,28.0,53,28.7,0.00,0.00,0.00
2025-11-03T17:00,26.0,60,27.1,0.00,0.00,0.00
2025-11-03T18:00,24.6,64,25.5,0.00,0.00,0.00
2025-11-03T19:00,23.8,68,25.1,0.00,0.00,0.00
2025-11-03T20:00,23.1,71,24.7,0.00,0.00,0.00
2025-11-03T21:00,22.3,76,24.1,0.00,0.00,0.00
2025-11-03T22:00,21.6,80,23.6,0.00,0.00,0.00
2025-11-03T23:00,21.2,84,23.5,0.00,0.00,0.00
2025-11-04T00:00,20.9,85,22.9,0.00,0.00,0.00
2025-11-04T01:00,20.5,87,22.6,0.00,0.00,0.00
2025-11-04T02:00,20.3,89,22.3,0.00,0.00,0.00
2025-11-04T03:00,20.4,88,22.3,0.00,0.00,0.00
2025-11-04T04:00,20.5,88,22.3,0.00,0.00,0.00
2025-11-04T05:00,20.7,87,22.1,0.00,0.00,0.00
2025-11-04T06:00,21.3,86,23.1,0.00,0.00,0.00
2025-11-04T07:00,22.5,83,24.6,0.00,0.00,0.00
2025-11-04T08:00,24.5,74,26.8,0.00,0.00,0.00
2025-11-04T09:00,26.0,66,27.9,0.00,0.00,0.00
2025-11-04T10:00,27.1,60,29.0,0.10,0.10,0.00
2025-11-04T11:00,27.4,58,30.1,0.20,0.20,0.00
2025-11-04T12:00,27.8,56,30.1,0.30,0.30,0.00
2025-11-04T13:00,27.6,59,30.1,0.40,0.40,0.00
2025-11-04T14:00,27.4,60,29.4,0.00,0.00,0.00
2025-11-04T15:00,27.6,58,29.7,0.00,0.00,0.00
2025-11-04T16:00,27.1,57,29.0,0.00,0.00,0.00
2025-11-04T17:00,24.8,75,27.9,0.00,0.00,0.00
2025-11-04T18:00,22.9,88,26.0,0.20,0.20,0.00
2025-11-04T19:00,22.4,89,25.8,0.00,0.00,0.00
2025-11-04T20:00,21.8,92,25.5,0.00,0.00,0.00
2025-11-04T21:00,21.1,95,24.5,0.00,0.00,0.00
2025-11-04T22:00,20.6,95,24.2,0.00,0.00,0.00
2025-11-04T23:00,20.2,97,23.2,0.00,0.00,0.00
2025-11-05T00:00,19.9,95,22.1,0.00,0.00,0.00
2025-11-05T01:00,19.5,92,21.1,0.00,0.00,0.00
2025-11-05T02:00,19.3,90,20.3,0.00,0.00,0.00
2025-11-05T03:00,19.3,88,19.7,0.00,0.00,0.00
2025-11-05T04:00,19.2,87,19.5,0.00,0.00,0.00
2025-11-05T05:00,18.8,84,19.1,0.00,0.00,0.00
2025-11-05T06:00,19.3,81,19.8,0.00,0.00,0.00
2025-11-05T07:00,21.0,77,21.8,0.00,0.00,0.00
2025-11-05T08:00,23.3,69,24.3,0.00,0.00,0.00
2025-11-05T09:00,25.0,62,25.9,0.00,0.00,0.00
2025-11-05T10:00,26.3,54,27.5,0.00,0.00,0.00
2025-11-05T11:00,27.4,50,29.3,0.00,0.00,0.00
2025-11-05T12:00,28.2,46,29.9,0.00,0.00,0.00
2025-11-05T13:00,28.6,43,29.3,0.00,0.00,0.00
2025-11-05T14:00,28.4,42,28.1,0.00,0.00,0.00
2025-11-05T15:00,27.9,41,27.1,0.00,0.00,0.00
2025-11-05T16:00,26.3,51,26.0,0.00,0.00,0.00
2025-11-05T17:00,24.4,63,25.1,0.00,0.00,0.00
2025-11-05T18:00,23.1,69,24.1,0.00,0.00,0.00
2025-11-05T19:00,22.4,71,23.3,0.00,0.00,0.00
2025-11-05T20:00,21.7,74,22.7,0.00,0.00,0.00
2025-11-05T21:00,21.3,74,22.0,0.00,0.00,0.00
2025-11-05T22:00,21.3,72,21.7,0.00,0.00,0.00
2025-11-05T23:00,21.3,74,21.9,0.00,0.00,0.00
2025-11-06T00:00,20.9,76,21.3,0.00,0.00,0.00
2025-11-06T01:00,20.7,75,20.8,0.00,0.00,0.00
2025-11-06T02:00,20.8,74,20.6,0.00,0.00,0.00
2025-11-06T03:00,20.3,75,20.2,0.00,0.00,0.00
2025-11-06T04:00,19.8,77,19.7,0.00,0.00,0.00
2025-11-06T05:00,19.9,79,20.2,0.00,0.00,0.00
2025-11-06T06:00,20.1,74,20.0,0.00,0.00,0.00
2025-11-06T07:00,21.6,71,21.6,0.00,0.00,0.00
2025-11-06T08:00,23.4,63,23.1,0.00,0.00,0.00
2025-11-06T09:00,25.1,49,23.7,0.00,0.00,0.00
2025-11-06T10:00,26.5,40,25.0,0.00,0.00,0.00
2025-11-06T11:00,27.3,38,27.0,0.00,0.00,0.00
2025-11-06T12:00,27.8,38,28.4,0.00,0.00,0.00
2025-11-06T13:00,28.2,37,28.7,0.00,0.00,0.00
2025-11-06T14:00,28.1,36,27.8,0.00,0.00,0.00
2025-11-06T15:00,27.6,37,26.4,0.00,0.00,0.00
2025-11-06T16:00,26.5,38,25.0,0.00,0.00,0.00
2025-11-06T17:00,23.9,48,22.8,0.00,0.00,0.00
2025-11-06T18:00,22.5,46,20.5,0.00,0.00,0.00
2025-11-06T19:00,21.2,47,19.2,0.00,0.00,0.00
2025-11-06T20:00,20.4,49,18.3,0.00,0.00,0.00
2025-11-06T21:00,19.7,50,17.5,0.00,0.00,0.00
2025-11-06T22:00,19.0,50,16.7,0.00,0.00,0.00
2025-11-06T23:00,18.6,52,16.5,0.00,0.00,0.00
2025-11-07T00:00,18.1,52,15.8,0.00,0.00,0.00
2025-11-07T01:00,17.7,52,15.4,0.00,0.00,0.00
2025-11-07T02:00,17.2,54,14.9,0.00,0.00,0.00
2025-11-07T03:00,16.5,58,14.2,0.00,0.00,0.00
2025-11-07T04:00,16.2,60,13.9,0.00,0.00,0.00
2025-11-07T05:00,16.3,66,14.5,0.00,0.00,0.00
2025-11-07T06:00,16.4,68,14.8,0.00,0.00,0.00
2025-11-07T07:00,18.1,66,16.6,0.00,0.00,0.00
2025-11-07T08:00,20.9,60,20.1,0.00,0.00,0.00
2025-11-07T09:00,23.5,50,22.5,0.00,0.00,0.00
2025-11-07T10:00,25.1,41,24.6,0.00,0.00,0.00
2025-11-07T11:00,26.0,35,26.8,0.00,0.00,0.00
2025-11-07T12:00,26.7,34,27.9,0.00,0.00,0.00
2025-11-07T13:00,27.0,34,28.0,0.00,0.00,0.00
2025-11-07T14:00,27.1,33,27.3,0.00,0.00,0.00
2025-11-07T15:00,26.9,34,26.2,0.00,0.00,0.00
2025-11-07T16:00,26.2,37,25.4,0.00,0.00,0.00
2025-11-07T17:00,23.4,44,22.4,0.00,0.00,0.00
2025-11-07T18:00,21.6,54,21.2,0.00,0.00,0.00
2025-11-07T19:00,20.3,66,20.0,0.00,0.00,0.00
2025-11-07T20:00,19.0,71,19.0,0.00,0.00,0.00
2025-11-07T21:00,18.2,71,18.0,0.00,0.00,0.00
2025-11-07T22:00,18.0,69,17.2,0.00,0.00,0.00
2025-11-07T23:00,17.6,70,17.1,0.00,0.00,0.00
2025-11-08T00:00,16.8,72,16.1,0.00,0.00,0.00
2025-11-08T01:00,16.4,70,15.2,0.00,0.00,0.00
2025-11-08T02:00,16.1,66,14.5,0.00,0.00,0.00
2025-11-08T03:00,15.8,65,14.0,0.00,0.00,0.00
2025-11-08T04:00,15.5,67,13.9,0.00,0.00,0.00
2025-11-08T05:00,14.8,75,13.8,0.00,0.00,0.00
2025-11-08T06:00,15.1,75,14.1,0.00,0.00,0.00
2025-11-08T07:00,17.1,70,16.0,0.00,0.00,0.00
2025-11-08T08:00,20.2,60,19.6,0.00,0.00,0.00
2025-11-08T09:00,22.9,47,21.9,0.00,0.00,0.00
2025-11-08T10:00,24.3,43,24.2,0.00,0.00,0.00
2025-11-08T11:00,25.4,37,25.9,0.00,0.00,0.00
2025-11-08T12:00,26.3,35,27.1,0.00,0.00,0.00
2025-11-08T13:00,26.8,33,27.2,0.00,0.00,0.00
2025-11-08T14:00,26.9,32,26.1,0.00,0.00,0.00
2025-11-08T15:00,26.5,31,24.5,0.00,0.00,0.00
2025-11-08T16:00,25.2,34,22.9,0.00,0.00,0.00
2025-11-08T17:00,22.2,48,21.0,0.00,0.00,0.00
2025-11-08T18:00,20.5,52,18.6,0.00,0.00,0.00
2025-11-08T19:00,19.2,53,16.8,0.00,0.00,0.00
2025-11-08T20:00,18.1,55,15.7,0.00,0.00,0.00
2025-11-08T21:00,17.3,57,15.0,0.00,0.00,0.00
2025-11-08T22:00,16.7,58,14.6,0.00,0.00,0.00
2025-11-08T23:00,16.0,63,14.4,0.00,0.00,0.00
2025-11-09T00:00,15.4,66,13.8,0.00,0.00,0.00
2025-11-09T01:00,15.0,68,13.3,0.00,0.00,0.00
2025-11-09T02:00,14.4,70,12.6,0.00,0.00,0.00
2025-11-09T03:00,14.0,70,12.1,0.00,0.00,0.00
2025-11-09T04:00,13.4,72,11.5,0.00,0.00,0.00
2025-11-09T05:00,12.7,76,10.9,0.00,0.00,0.00
2025-11-09T06:00,12.9,75,10.8,0.00,0.00,0.00
2025-11-09T07:00,15.1,67,12.9,0.00,0.00,0.00
2025-11-09T08:00,18.7,56,17.1,0.00,0.00,0.00
2025-11-09T09:00,21.5,37,18.7,0.00,0.00,0.00
2025-11-09T10:00,23.2,31,21.3,0.00,0.00,0.00
2025-11-09T11:00,24.5,29,23.7,0.00,0.00,0.00
2025-11-09T12:00,25.4,29,25.2,0.00,0.00,0.00
2025-11-09T13:00,25.8,29,25.4,0.00,0.00,0.00
2025-11-09T14:00,26.0,29,24.8,0.00,0.00,0.00
2025-11-09T15:00,25.7,30,23.6,0.00,0.00,0.00
2025-11-09T16:00,24.6,33,22.5,0.00,0.00,0.00
2025-11-09T17:00,21.4,45,19.7,0.00,0.00,0.00
2025-11-09T18:00,19.5,49,17.4,0.00,0.00,0.00
2025-11-09T19:00,18.1,53,15.9,0.00,0.00,0.00
2025-11-09T20:00,17.0,57,14.8,0.00,0.00,0.00
2025-11-09T21:00,16.2,59,14.2,0.00,0.00,0.00
2025-11-09T22:00,15.4,63,13.5,0.00,0.00,0.00
2025-11-09T23:00,14.5,66,12.8,0.00,0.00,0.00
2025-11-10T00:00,14.0,66,12.0,0.00,0.00,0.00
2025-11-10T01:00,13.7,66,11.7,0.00,0.00,0.00
2025-11-10T02:00,13.2,67,11.1,0.00,0.00,0.00
2025-11-10T03:00,13.0,66,11.0,0.00,0.00,0.00
2025-11-10T04:00,12.6,68,10.6,0.00,0.00,0.00
2025-11-10T05:00,12.2,70,10.2,0.00,0.00,0.00
2025-11-10T06:00,12.7,67,10.6,0.00,0.00,0.00
2025-11-10T07:00,15.2,60,12.9,0.00,0.00,0.00
2025-11-10T08:00,19.4,49,17.8,0.00,0.00,0.00
2025-11-10T09:00,22.0,35,19.8,0.00,0.00,0.00
2025-11-10T10:00,23.4,29,22.0,0.00,0.00,0.00
2025-11-10T11:00,24.4,25,23.7,0.00,0.00,0.00
2025-11-10T12:00,25.4,24,25.1,0.00,0.00,0.00
2025-11-10T13:00,25.9,23,25.3,0.00,0.00,0.00
2025-11-10T14:00,26.1,23,24.7,0.00,0.00,0.00
2025-11-10T15:00,25.8,23,23.7,0.00,0.00,0.00
2025-11-10T16:00,25.1,24,22.9,0.00,0.00,0.00
2025-11-10T17:00,22.1,36,20.6,0.00,0.00,0.00
2025-11-10T18:00,20.2,41,18.4,0.00,0.00,0.00
2025-11-10T19:00,18.4,55,16.7,0.00,0.00,0.00
2025-11-10T20:00,17.0,59,15.8,0.00,0.00,0.00
2025-11-10T21:00,16.5,60,15.0,0.00,0.00,0.00
2025-11-10T22:00,16.0,60,14.3,0.00,0.00,0.00
2025-11-10T23:00,15.5,61,13.7,0.00,0.00,0.00
2025-11-11T00:00,14.6,62,12.6,0.00,0.00,0.00
2025-11-11T01:00,13.9,64,12.0,0.00,0.00,0.00
2025-11-11T02:00,13.3,65,11.3,0.00,0.00,0.00
2025-11-11T03:00,12.9,65,10.8,0.00,0.00,0.00
2025-11-11T04:00,12.5,66,10.4,0.00,0.00,0.00
2025-11-11T05:00,12.6,64,10.6,0.00,0.00,0.00
2025-11-11T06:00,12.8,63,10.7,0.00,0.00,0.00
2025-11-11T07:00,14.9,58,12.6,0.00,0.00,0.00
2025-11-11T08:00,18.9,49,17.2,0.00,0.00,0.00
2025-11-11T09:00,21.7,39,19.7,0.00,0.00,0.00
2025-11-11T10:00,23.2,32,22.0,0.00,0.00,0.00
2025-11-11T11:00,24.1,28,23.7,0.00,0.00,0.00
2025-11-11T12:00,25.1,27,25.1,0.00,0.00,0.00
2025-11-11T13:00,25.6,26,25.2,0.00,0.00,0.00
2025-11-11T14:00,25.8,27,24.7,0.00,0.00,0.00
2025-11-11T15:00,25.6,28,23.8,0.00,0.00,0.00
2025-11-11T16:00,25.0,31,23.4,0.00,0.00,0.00
2025-11-11T17:00,21.9,42,20.8,0.00,0.00,0.00
2025-11-11T18:00,19.9,47,18.5,0.00,0.00,0.00
2025-11-11T19:00,18.5,53,16.6,0.00,0.00,0.00
2025-11-11T20:00,17.6,53,15.9,0.00,0.00,0.00
2025-11-11T21:00,16.7,54,14.8,0.00,0.00,0.00
2025-11-11T22:00,16.1,54,14.1,0.00,0.00,0.00
2025-11-11T23:00,15.4,57,13.8,0.00,0.00,0.00
2025-11-12T00:00,14.7,59,12.7,0.00,0.00,0.00
2025-11-12T01:00,14.0,59,11.8,0.00,0.00,0.00
2025-11-12T02:00,13.9,58,11.6,0.00,0.00,0.00
2025-11-12T03:00,13.9,59,11.6,0.00,0.00,0.00
2025-11-12T04:00,13.5,63,11.4,0.00,0.00,0.00
2025-11-12T05:00,13.2,68,11.3,0.00,0.00,0.00
2025-11-12T06:00,13.4,69,11.6,0.00,0.00,0.00
2025-11-12T07:00,15.6,63,13.7,0.00,0.00,0.00
2025-11-12T08:00,19.6,52,18.3,0.00,0.00,0.00
2025-11-12T09:00,22.4,37,20.1,0.00,0.00,0.00
2025-11-12T10:00,23.8,33,22.1,0.00,0.00,0.00
2025-11-12T11:00,25.1,30,24.1,0.00,0.00,0.00
2025-11-12T12:00,25.9,28,25.2,0.00,0.00,0.00
2025-11-12T13:00,26.4,27,25.3,0.00,0.00,0.00
2025-11-12T14:00,26.3,27,24.5,0.00,0.00,0.00
2025-11-12T15:00,25.9,27,23.4,0.00,0.00,0.00
2025-11-12T16:00,25.0,29,22.4,0.00,0.00,0.00
2025-11-12T17:00,21.8,39,19.9,0.00,0.00,0.00
2025-11-12T18:00,20.4,44,18.1,0.00,0.00,0.00
2025-11-12T19:00,18.8,49,16.7,0.00,0.00,0.00
2025-11-12T20:00,17.6,54,15.4,0.00,0.00,0.00
2025-11-12T21:00,16.7,57,14.6,0.00,0.00,0.00
2025-11-12T22:00,16.3,59,14.1,0.00,0.00,0.00
2025-11-12T23:00,15.6,64,13.8,0.00,0.00,0.00
2025-11-13T00:00,14.9,67,13.0,0.00,0.00,0.00
2025-11-13T01:00,14.3,68,12.4,0.00,0.00,0.00
2025-11-13T02:00,13.8,67,11.7,0.00,0.00,0.00
2025-11-13T03:00,13.3,65,11.0,0.00,0.00,0.00
2025-11-13T04:00,13.0,65,10.6,0.00,0.00,0.00
2025-11-13T05:00,12.7,70,10.5,0.00,0.00,0.00
2025-11-13T06:00,13.0,71,10.8,0.00,0.00,0.00
2025-11-13T07:00,15.1,64,12.7,0.00,0.00,0.00
2025-11-13T08:00,18.8,53,17.1,0.00,0.00,0.00
2025-11-13T09:00,21.9,37,19.2,0.00,0.00,0.00
2025-11-13T10:00,23.5,30,21.0,0.00,0.00,0.00
2025-11-13T11:00,24.8,28,23.0,0.00,0.00,0.00
2025-11-13T12:00,25.5,26,24.1,0.00,0.00,0.00
2025-11-13T13:00,26.0,26,24.4,0.00,0.00,0.00
2025-11-13T14:00,26.0,27,23.8,0.00,0.00,0.00
2025-11-13T15:00,25.6,28,22.7,0.00,0.00,0.00
2025-11-13T16:00,24.4,30,21.5,0.00,0.00,0.00
2025-11-13T17:00,21.6,39,19.2,0.00,0.00,0.00
2025-11-13T18:00,19.9,43,17.2,0.00,0.00,0.00
2025-11-13T19:00,18.7,48,16.2,0.00,0.00,0.00
2025-11-13T20:00,17.5,53,15.2,0.00,0.00,0.00
2025-11-13T21:00,16.5,58,14.5,0.00,0.00,0.00
2025-11-13T22:00,15.6,62,13.7,0.00,0.00,0.00
2025-11-13T23:00,15.1,65,13.4,0.00,0.00,0.00
2025-11-14T00:00,14.3,68,12.5,0.00,0.00,0.00
2025-11-14T01:00,14.0,68,12.2,0.00,0.00,0.00
2025-11-14T02:00,13.6,68,11.7,0.00,0.00,0.00
2025-11-14T03:00,13.3,67,11.3,0.00,0.00,0.00
2025-11-14T04:00,12.9,68,10.8,0.00,0.00,0.00
2025-11-14T05:00,12.8,68,10.7,0.00,0.00,0.00
2025-11-14T06:00,13.0,66,10.7,0.00,0.00,0.00
2025-11-14T07:00,15.1,59,12.6,0.00,0.00,0.00
2025-11-14T08:00,19.0,49,17.1,0.00,0.00,0.00
2025-11-14T09:00,22.0,38,19.5,0.00,0.00,0.00
2025-11-14T10:00,23.6,30,21.2,0.00,0.00,0.00
2025-11-14T11:00,24.8,28,23.1,0.00,0.00,0.00
2025-11-14T12:00,25.5,27,24.2,0.00,0.00,0.00
2025-11-14T13:00,25.9,26,24.4,0.00,0.00,0.00
2025-11-14T14:00,25.9,28,24.1,0.00,0.00,0.00
2025-11-14T15:00,25.6,29,23.3,0.00,0.00,0.00
2025-11-14T16:00,24.7,32,22.5,0.00,0.00,0.00
2025-11-14T17:00,21.7,43,20.2,0.00,0.00,0.00
2025-11-14T18:00,20.1,48,18.1,0.00,0.00,0.00
2025-11-14T19:00,18.9,52,16.7,0.00,0.00,0.00
2025-11-14T20:00,17.9,55,15.6,0.00,0.00,0.00
2025-11-14T21:00,17.1,57,15.0,0.00,0.00,0.00
2025-11-14T22:00,16.3,60,14.4,0.00,0.00,0.00
2025-11-14T23:00,15.5,65,13.9,0.00,0.00,0.00
2025-11-15T00:00,14.6,70,13.1,0.00,0.00,0.00
2025-11-15T01:00,14.2,71,12.5,0.00,0.00,0.00
2025-11-15T02:00,14.2,68,12.4,0.00,0.00,0.00
2025-11-15T03:00,13.8,68,11.7,0.00,0.00,0.00
2025-11-15T04:00,13.4,67,11.0,0.00,0.00,0.00
2025-11-15T05:00,13.3,65,10.8,0.00,0.00,0.00
2025-11-15T06:00,13.4,62,10.7,0.00,0.00,0.00
2025-11-15T07:00,15.2,56,12.3,0.00,0.00,0.00
2025-11-15T08:00,18.6,48,16.3,0.00,0.00,0.00
2025-11-15T09:00,21.5,39,18.9,0.00,0.00,0.00
2025-11-15T10:00,23.2,32,20.9,0.00,0.00,0.00
2025-11-15T11:00,24.5,28,22.9,0.00,0.00,0.00
2025-11-15T12:00,25.2,27,24.0,0.00,0.00,0.00
2025-11-15T13:00,25.6,27,24.4,0.00,0.00,0.00
2025-11-15T14:00,25.7,27,23.8,0.00,0.00,0.00
2025-11-15T15:00,25.4,27,22.9,0.00,0.00,0.00
2025-11-15T16:00,24.4,28,21.8,0.00,0.00,0.00
2025-11-15T17:00,21.4,37,19.3,0.00,0.00,0.00
2025-11-15T18:00,19.7,41,17.2,0.00,0.00,0.00
2025-11-15T19:00,18.1,45,15.4,0.00,0.00,0.00
2025-11-15T20:00,17.1,48,14.1,0.00,0.00,0.00
2025-11-15T21:00,16.3,51,13.6,0.00,0.00,0.00
2025-11-15T22:00,15.4,53,13.1,0.00,0.00,0.00
2025-11-15T23:00,14.8,56,12.5,0.00,0.00,0.00
2025-11-16T00:00,14.5,55,12.2,0.00,0.00,0.00
2025-11-16T01:00,14.4,53,11.7,0.00,0.00,0.00
2025-11-16T02:00,14.1,52,11.0,0.00,0.00,0.00
2025-11-16T03:00,13.5,51,10.4,0.00,0.00,0.00
2025-11-16T04:00,13.1,50,9.8,0.00,0.00,0.00
2025-11-16T05:00,12.6,54,9.3,0.00,0.00,0.00
2025-11-16T06:00,12.8,54,9.5,0.00,0.00,0.00
2025-11-16T07:00,14.7,50,11.3,0.00,0.00,0.00
2025-11-16T08:00,18.0,43,15.2,0.00,0.00,0.00
2025-11-16T09:00,20.7,34,17.3,0.00,0.00,0.00
2025-11-16T10:00,22.2,28,19.3,0.00,0.00,0.00
2025-11-16T11:00,23.5,25,21.2,0.00,0.00,0.00
2025-11-16T12:00,24.3,25,22.6,0.00,0.00,0.00
2025-11-16T13:00,24.8,25,22.9,0.00,0.00,0.00
2025-11-16T14:00,24.9,26,22.5,0.00,0.00,0.00
2025-11-16T15:00,24.6,26,21.4,0.00,0.00,0.00
2025-11-16T16:00,23.4,28,20.0,0.00,0.00,0.00
2025-11-16T17:00,20.6,37,17.5,0.00,0.00,0.00
2025-11-16T18:00,18.9,41,15.6,0.00,0.00,0.00
2025-11-16T19:00,17.4,47,14.5,0.00,0.00,0.00
2025-11-16T20:00,16.0,54,13.5,0.00,0.00,0.00
2025-11-16T21:00,15.2,59,13.0,0.00,0.00,0.00
2025-11-16T22:00,14.7,63,12.5,0.00,0.00,0.00
2025-11-16T23:00,14.2,67,12.0,0.00,0.00,0.00
2025-11-17T00:00,13.8,69,11.6,0.00,0.00,0.00
2025-11-17T01:00,13.3,70,11.0,0.00,0.00,0.00
2025-11-17T02:00,13.2,69,10.7,0.00,0.00,0.00
2025-11-17T03:00,13.1,70,10.5,0.00,0.00,0.00
2025-11-17T04:00,12.7,71,10.1,0.00,0.00,0.00
2025-11-17T05:00,12.3,72,9.7,0.00,0.00,0.00
2025-11-17T06:00,12.3,72,9.7,0.00,0.00,0.00
2025-11-17T07:00,14.0,65,11.3,0.00,0.00,0.00
2025-11-17T08:00,17.0,54,14.7,0.00,0.00,0.00
2025-11-17T09:00,19.5,42,16.2,0.00,0.00,0.00
2025-11-17T10:00,21.1,37,18.4,0.00,0.00,0.00
2025-11-17T11:00,22.8,32,21.0,0.00,0.00,0.00
2025-11-17T12:00,23.8,29,22.5,0.00,0.00,0.00
2025-11-17T13:00,24.5,27,23.1,0.00,0.00,0.00
2025-11-17T14:00,24.8,27,22.7,0.00,0.00,0.00
2025-11-17T15:00,24.4,28,21.8,0.00,0.00,0.00
2025-11-17T16:00,23.5,31,21.0,0.00,0.00,0.00
2025-11-17T17:00,20.2,41,18.4,0.00,0.00,0.00
2025-11-17T18:00,19.0,48,17.1,0.00,0.00,0.00
2025-11-17T19:00,17.5,59,15.8,0.00,0.00,0.00
2025-11-17T20:00,16.3,65,14.5,0.00,0.00,0.00
2025-11-17T21:00,15.6,66,13.7,0.00,0.00,0.00
2025-11-17T22:00,14.8,68,12.8,0.00,0.00,0.00
2025-11-17T23:00,14.0,70,12.0,0.00,0.00,0.00
2025-11-18T00:00,13.7,73,11.6,0.00,0.00,0.00
2025-11-18T01:00,13.6,75,11.6,0.00,0.00,0.00
2025-11-18T02:00,13.3,76,11.5,0.00,0.00,0.00
2025-11-18T03:00,13.0,77,11.1,0.00,0.00,0.00
2025-11-18T04:00,12.6,78,10.7,0.00,0.00,0.00
2025-11-18T05:00,12.2,78,10.2,0.00,0.00,0.00
2025-11-18T06:00,12.2,79,10.5,0.00,0.00,0.00
2025-11-18T07:00,13.9,72,12.2,0.00,0.00,0.00
2025-11-18T08:00,17.2,60,15.9,0.00,0.00,0.00
2025-11-18T09:00,19.9,49,18.2,0.00,0.00,0.00
2025-11-18T10:00,21.7,40,20.4,0.00,0.00,0.00
2025-11-18T11:00,23.3,34,22.8,0.00,0.00,0.00
2025-11-18T12:00,24.7,29,24.4,0.00,0.00,0.00
2025-11-18T13:00,25.5,27,24.9,0.00,0.00,0.00
2025-11-18T14:00,25.9,25,24.1,0.00,0.00,0.00
2025-11-18T15:00,25.7,24,23.0,0.00,0.00,0.00
2025-11-18T16:00,24.9,27,22.5,0.00,0.00,0.00
2025-11-18T17:00,21.8,37,19.9,0.00,0.00,0.00
2025-11-18T18:00,20.3,44,18.1,0.00,0.00,0.00
2025-11-18T19:00,18.8,55,16.9,0.00,0.00,0.00
2025-11-18T20:00,17.6,63,15.9,0.00,0.00,0.00
2025-11-18T21:00,16.6,65,15.2,0.00,0.00,0.00
2025-11-18T22:00,15.8,66,14.4,0.00,0.00,0.00
2025-11-18T23:00,15.2,68,13.7,0.00,0.00,0.00
2025-11-19T00:00,14.4,72,13.0,0.00,0.00,0.00
2025-11-19T01:00,14.0,75,12.5,0.00,0.00,0.00
2025-11-19T02:00,13.8,77,12.4,0.00,0.00,0.00
2025-11-19T03:00,13.4,78,12.0,0.00,0.00,0.00
2025-11-19T04:00,13.0,79,11.8,0.00,0.00,0.00
2025-11-19T05:00,12.8,79,11.5,0.00,0.00,0.00
2025-11-19T06:00,12.5,79,11.2,0.00,0.00,0.00
2025-11-19T07:00,14.5,69,12.7,0.00,0.00,0.00
2025-11-19T08:00,18.1,55,16.7,0.00,0.00,0.00
2025-11-19T09:00,21.0,44,19.4,0.00,0.00,0.00
2025-11-19T10:00,22.7,38,21.6,0.00,0.00,0.00
2025-11-19T11:00,23.7,36,23.6,0.00,0.00,0.00
2025-11-19T12:00,24.8,34,25.2,0.00,0.00,0.00
2025-11-19T13:00,25.6,31,25.8,0.00,0.00,0.00
2025-11-19T14:00,26.0,29,24.9,0.00,0.00,0.00
2025-11-19T15:00,25.8,28,23.9,0.00,0.00,0.00
2025-11-19T16:00,25.1,30,23.1,0.00,0.00,0.00
2025-11-19T17:00,21.8,39,20.2,0.00,0.00,0.00
2025-11-19T18:00,21.2,43,19.0,0.00,0.00,0.00
2025-11-19T19:00,19.4,55,17.6,0.00,0.00,0.00
2025-11-19T20:00,18.1,63,16.8,0.00,0.00,0.00
2025-11-19T21:00,17.0,66,15.8,0.00,0.00,0.00
2025-11-19T22:00,16.3,66,15.0,0.00,0.00,0.00
2025-11-19T23:00,15.7,67,14.5,0.00,0.00,0.00
2025-11-20T00:00,15.3,67,13.9,0.00,0.00,0.00
2025-11-20T01:00,15.1,66,13.6,0.00,0.00,0.00
2025-11-20T02:00,14.4,69,13.0,0.00,0.00,0.00
2025-11-20T03:00,14.1,70,12.7,0.00,0.00,0.00
2025-11-20T04:00,13.5,72,12.2,0.00,0.00,0.00
2025-11-20T05:00,12.9,72,11.4,0.00,0.00,0.00
2025-11-20T06:00,12.8,73,11.3,0.00,0.00,0.00
2025-11-20T07:00,14.8,66,12.9,0.00,0.00,0.00
2025-11-20T08:00,18.5,55,17.3,0.00,0.00,0.00
2025-11-20T09:00,21.3,47,20.3,0.00,0.00,0.00
2025-11-20T10:00,23.1,41,22.6,0.00,0.00,0.00
2025-11-20T11:00,24.2,36,24.3,0.00,0.00,0.00
2025-11-20T12:00,25.5,33,25.8,0.00,0.00,0.00
2025-11-20T13:00,26.2,31,26.0,0.00,0.00,0.00
2025-11-20T14:00,26.5,30,25.5,0.00,0.00,0.00
2025-11-20T15:00,26.4,31,24.8,0.00,0.00,0.00
2025-11-20T16:00,25.7,34,24.1,0.00,0.00,0.00
2025-11-20T17:00,22.6,46,21.6,0.00,0.00,0.00
2025-11-20T18:00,21.3,51,20.0,0.00,0.00,0.00
2025-11-20T19:00,19.8,58,18.4,0.00,0.00,0.00
2025-11-20T20:00,18.5,64,17.3,0.00,0.00,0.00
2025-11-20T21:00,17.6,67,16.4,0.00,0.00,0.00
2025-11-20T22:00,17.0,67,15.8,0.00,0.00,0.00
2025-11-20T23:00,16.5,69,15.5,0.00,0.00,0.00
2025-11-21T00:00,15.9,71,15.1,0.00,0.00,0.00
2025-11-21T01:00,15.5,73,14.6,0.00,0.00,0.00
2025-11-21T02:00,15.1,76,14.3,0.00,0.00,0.00
2025-11-21T03:00,14.6,79,13.9,0.00,0.00,0.00
2025-11-21T04:00,14.1,82,13.5,0.00,0.00,0.00
2025-11-21T05:00,13.6,83,13.0,0.00,0.00,0.00
2025-11-21T06:00,13.4,83,12.9,0.00,0.00,0.00
2025-11-21T07:00,15.3,75,14.5,0.00,0.00,0.00
2025-11-21T08:00,19.3,61,19.1,0.00,0.00,0.00
2025-11-21T09:00,22.3,50,22.1,0.00,0.00,0.00
2025-11-21T10:00,24.2,41,24.0,0.00,0.00,0.00
2025-11-21T11:00,25.6,35,25.3,0.00,0.00,0.00
2025-11-21T12:00,26.6,32,26.4,0.00,0.00,0.00
2025-11-21T13:00,27.1,30,26.6,0.00,0.00,0.00
2025-11-21T14:00,27.1,30,26.1,0.00,0.00,0.00
2025-11-21T15:00,26.8,30,25.4,0.00,0.00,0.00
2025-11-21T16:00,26.1,31,24.8,0.00,0.00,0.00
2025-11-21T17:00,22.7,43,21.7,0.00,0.00,0.00
2025-11-21T18:00,21.4,47,20.1,0.00,0.00,0.00
2025-11-21T19:00,19.6,53,18.8,0.00,0.00,0.00
2025-11-21T20:00,18.6,68,17.8,0.00,0.00,0.00
2025-11-21T21:00,18.1,74,17.7,0.00,0.00,0.00
2025-11-21T22:00,17.6,75,17.3,0.00,0.00,0.00
2025-11-21T23:00,16.7,78,16.5,0.00,0.00,0.00
2025-11-22T00:00,15.9,79,15.8,0.00,0.00,0.00
2025-11-22T01:00,15.3,80,15.2,0.00,0.00,0.00
2025-11-22T02:00,15.1,80,15.1,0.00,0.00,0.00
2025-11-22T03:00,14.8,80,14.7,0.00,0.00,0.00
2025-11-22T04:00,14.3,82,13.8,0.00,0.00,0.00
2025-11-22T05:00,13.6,84,13.2,0.00,0.00,0.00
2025-11-22T06:00,13.7,83,13.2,0.00,0.00,0.00
2025-11-22T07:00,16.0,72,15.3,0.00,0.00,0.00
2025-11-22T08:00,19.7,60,19.5,0.00,0.00,0.00
2025-11-22T09:00,22.5,51,22.4,0.00,0.00,0.00
2025-11-22T10:00,24.2,44,24.2,0.00,0.00,0.00
2025-11-22T11:00,25.3,40,25.8,0.00,0.00,0.00
2025-11-22T12:00,26.4,37,27.2,0.00,0.00,0.00
2025-11-22T13:00,27.0,35,27.6,0.00,0.00,0.00
2025-11-22T14:00,27.2,34,27.1,0.00,0.00,0.00
2025-11-22T15:00,27.0,34,26.3,0.00,0.00,0.00
2025-11-22T16:00,26.3,36,25.5,0.00,0.00,0.00
2025-11-22T17:00,22.7,50,22.4,0.00,0.00,0.00
2025-11-22T18:00,21.0,51,20.2,0.00,0.00,0.00
2025-11-22T19:00,20.3,46,18.9,0.00,0.00,0.00
2025-11-22T20:00,19.5,49,18.3,0.00,0.00,0.00
2025-11-22T21:00,18.1,62,17.0,0.00,0.00,0.00
2025-11-22T22:00,17.4,74,17.3,0.00,0.00,0.00
2025-11-22T23:00,16.6,81,16.9,0.00,0.00,0.00
2025-11-23T00:00,15.8,85,16.5,0.00,0.00,0.00
2025-11-23T01:00,15.6,85,16.2,0.00,0.00,0.00
2025-11-23T02:00,15.2,85,15.7,0.00,0.00,0.00
2025-11-23T03:00,15.1,84,15.4,0.00,0.00,0.00
2025-11-23T04:00,14.9,84,15.1,0.00,0.00,0.00
2025-11-23T05:00,14.4,85,14.4,0.00,0.00,0.00
2025-11-23T06:00,14.0,87,13.8,0.00,0.00,0.00
2025-11-23T07:00,16.0,77,15.7,0.00,0.00,0.00
2025-11-23T08:00,20.6,60,20.9,0.00,0.00,0.00
2025-11-23T09:00,23.4,49,23.8,0.00,0.00,0.00
2025-11-23T10:00,25.0,44,25.2,0.00,0.00,0.00
2025-11-23T11:00,26.1,42,26.8,0.00,0.00,0.00
2025-11-23T12:00,26.9,40,28.1,0.00,0.00,0.00
2025-11-23T13:00,28.0,38,28.7,0.00,0.00,0.00
2025-11-23T14:00,28.4,35,28.5,0.00,0.00,0.00
2025-11-23T15:00,28.6,34,27.8,0.00,0.00,0.00
2025-11-23T16:00,26.8,43,26.2,0.00,0.00,0.00
2025-11-23T17:00,23.9,54,24.4,0.00,0.00,0.00
2025-11-23T18:00,22.6,61,23.9,0.00,0.00,0.00
2025-11-23T19:00,21.3,64,21.5,0.00,0.00,0.00
2025-11-23T20:00,20.5,66,20.4,0.00,0.00,0.00
2025-11-23T21:00,19.5,70,19.5,0.00,0.00,0.00
2025-11-23T22:00,18.7,73,18.9,0.00,0.00,0.00
2025-11-23T23:00,18.0,77,18.8,0.00,0.00,0.00
2025-11-24T00:00,17.9,76,18.8,0.00,0.00,0.00
2025-11-24T01:00,17.5,77,18.3,0.00,0.00,0.00
2025-11-24T02:00,16.6,81,17.2,0.00,0.00,0.00
2025-11-24T03:00,16.0,84,16.5,0.00,0.00,0.00
2025-11-24T04:00,15.7,85,16.1,0.00,0.00,0.00
2025-11-24T05:00,15.7,83,16.2,0.00,0.00,0.00
2025-11-24T06:00,15.9,82,16.0,0.00,0.00,0.00
2025-11-24T07:00,17.5,76,17.3,0.00,0.00,0.00
2025-11-24T08:00,20.7,64,20.8,0.00,0.00,0.00
2025-11-24T09:00,23.1,53,23.1,0.00,0.00,0.00
2025-11-24T10:00,24.7,48,25.0,0.00,0.00,0.00
2025-11-24T11:00,25.6,48,27.1,0.00,0.00,0.00
2025-11-24T12:00,26.8,45,28.8,0.00,0.00,0.00
2025-11-24T13:00,27.1,43,27.9,0.00,0.00,0.00
2025-11-24T14:00,27.1,42,26.9,0.00,0.00,0.00
2025-11-24T15:00,26.6,43,26.0,0.00,0.00,0.00
2025-11-24T16:00,25.9,43,25.1,0.00,0.00,0.00
2025-11-24T17:00,24.5,48,24.5,0.00,0.00,0.00
2025-11-24T18:00,23.6,55,24.4,0.00,0.00,0.00
2025-11-24T19:00,22.7,57,23.1,0.00,0.00,0.00
2025-11-24T20:00,21.7,62,22.1,0.00,0.00,0.00
2025-11-24T21:00,20.3,68,20.6,0.00,0.00,0.00
2025-11-24T22:00,19.6,71,19.9,0.00,0.00,0.00
2025-11-24T23:00,18.7,76,19.1,0.00,0.00,0.00
2025-11-25T00:00,18.0,80,18.5,0.00,0.00,0.00
2025-11-25T01:00,17.3,84,18.0,0.00,0.00,0.00
2025-11-25T02:00,17.1,84,17.8,0.00,0.00,0.00
2025-11-25T03:00,16.7,86,17.2,0.00,0.00,0.00
2025-11-25T04:00,16.4,86,16.7,0.00,0.00,0.00
2025-11-25T05:00,16.3,86,16.7,0.00,0.00,0.00
2025-11-25T06:00,16.5,84,16.8,0.00,0.00,0.00
2025-11-25T07:00,17.8,77,17.9,0.00,0.00,0.00
2025-11-25T08:00,20.7,66,21.2,0.00,0.00,0.00
2025-11-25T09:00,22.9,58,23.3,0.00,0.00,0.00
2025-11-25T10:00,24.4,54,25.1,0.00,0.00,0.00
2025-11-25T11:00,25.5,51,27.2,0.00,0.00,0.00
2025-11-25T12:00,26.1,48,27.3,0.00,0.00,0.00
2025-11-25T13:00,26.5,47,27.2,0.00,0.00,0.00
2025-11-25T14:00,26.7,45,27.2,0.00,0.00,0.00
2025-11-25T15:00,26.5,44,26.6,0.00,0.00,0.00
2025-11-25T16:00,26.1,45,26.3,0.00,0.00,0.00
2025-11-25T17:00,24.6,55,26.1,0.00,0.00,0.00
2025-11-25T18:00,23.1,60,24.0,0.00,0.00,0.00
2025-11-25T19:00,22.3,68,24.2,0.00,0.00,0.00
2025-11-25T20:00,20.8,73,22.1,0.00,0.00,0.00
2025-11-25T21:00,19.9,77,21.3,0.00,0.00,0.00
2025-11-25T22:00,19.1,79,19.8,0.00,0.00,0.00
2025-11-25T23:00,18.4,78,18.7,0.00,0.00,0.00
2025-11-26T00:00,18.0,77,18.4,0.00,0.00,0.00
2025-11-26T01:00,17.6,78,17.8,0.00,0.00,0.00
2025-11-26T02:00,17.1,80,17.3,0.00,0.00,0.00
2025-11-26T03:00,16.5,81,16.8,0.00,0.00,0.00
2025-11-26T04:00,16.1,83,16.4,0.00,0.00,0.00
2025-11-26T05:00,16.0,83,16.2,0.00,0.00,0.00
2025-11-26T06:00,16.4,81,16.4,0.00,0.00,0.00
2025-11-26T07:00,17.6,75,17.4,0.00,0.00,0.00
2025-11-26T08:00,20.4,64,20.6,0.00,0.00,0.00
2025-11-26T09:00,22.8,58,23.2,0.00,0.00,0.00
2025-11-26T10:00,24.4,54,25.4,0.00,0.00,0.00
2025-11-26T11:00,25.1,53,27.5,0.00,0.00,0.00
2025-11-26T12:00,26.0,49,27.0,0.00,0.00,0.00
2025-11-26T13:00,26.3,47,27.2,0.00,0.00,0.00
2025-11-26T14:00,26.5,46,27.4,0.00,0.00,0.00
2025-11-26T15:00,26.2,45,26.7,0.00,0.00,0.00
2025-11-26T16:00,26.0,45,26.2,0.00,0.00,0.00
2025-11-26T17:00,24.1,55,24.9,0.00,0.00,0.00
2025-11-26T18:00,23.1,57,23.5,0.00,0.00,0.00
2025-11-26T19:00,22.2,61,22.7,0.00,0.00,0.00
2025-11-26T20:00,21.4,66,22.2,0.00,0.00,0.00
2025-11-26T21:00,20.2,70,20.6,0.00,0.00,0.00
2025-11-26T22:00,19.7,73,19.7,0.00,0.00,0.00
2025-11-26T23:00,18.8,75,18.8,0.00,0.00,0.00
2025-11-27T00:00,18.2,78,18.2,0.00,0.00,0.00
2025-11-27T01:00,17.5,80,17.6,0.00,0.00,0.00
2025-11-27T02:00,17.0,81,17.0,0.00,0.00,0.00
2025-11-27T03:00,16.6,81,16.5,0.00,0.00,0.00
2025-11-27T04:00,16.2,82,16.2,0.00,0.00,0.00
2025-11-27T05:00,15.9,85,16.1,0.00,0.00,0.00
2025-11-27T06:00,16.2,82,16.3,0.00,0.00,0.00
2025-11-27T07:00,17.6,76,17.1,0.00,0.00,0.00
2025-11-27T08:00,20.0,66,19.9,0.00,0.00,0.00
2025-11-27T09:00,22.4,58,22.2,0.00,0.00,0.00
2025-11-27T10:00,24.0,53,23.8,0.00,0.00,0.00
2025-11-27T11:00,25.2,50,25.3,0.00,0.00,0.00
2025-11-27T12:00,26.1,45,25.8,0.00,0.00,0.00
2025-11-27T13:00,26.4,44,25.8,0.00,0.00,0.00
2025-11-27T14:00,26.3,43,24.9,0.00,0.00,0.00
2025-11-27T15:00,25.9,43,24.3,0.00,0.00,0.00
2025-11-27T16:00,24.8,45,23.0,0.00,0.00,0.00
2025-11-27T17:00,22.8,53,21.7,0.00,0.00,0.00
2025-11-27T18:00,21.2,59,20.1,0.00,0.00,0.00
2025-11-27T19:00,20.1,64,19.2,0.00,0.00,0.00
2025-11-27T20:00,18.9,69,18.1,0.00,0.00,0.00
2025-11-27T21:00,18.3,72,17.4,0.00,0.00,0.00
2025-11-27T22:00,17.7,74,16.6,0.00,0.00,0.00
2025-11-27T23:00,16.8,77,15.8,0.00,0.00,0.00
2025-11-28T00:00,16.2,77,14.9,0.00,0.00,0.00
2025-11-28T01:00,15.7,74,13.9,0.00,0.00,0.00
2025-11-28T02:00,15.0,70,12.9,0.00,0.00,0.00
2025-11-28T03:00,14.4,66,11.9,0.00,0.00,0.00
2025-11-28T04:00,14.0,64,11.1,0.00,0.00,0.00
2025-11-28T05:00,13.6,61,10.4,0.00,0.00,0.00
2025-11-28T06:00,13.5,59,10.3,0.00,0.00,0.00
2025-11-28T07:00,14.5,57,11.1,0.00,0.00,0.00
2025-11-28T08:00,17.1,51,14.1,0.00,0.00,0.00
2025-11-28T09:00,19.6,44,16.9,0.00,0.00,0.00
2025-11-28T10:00,21.5,40,19.4,0.00,0.00,0.00
2025-11-28T11:00,22.9,35,21.2,0.00,0.00,0.00
2025-11-28T12:00,23.9,30,22.3,0.00,0.00,0.00
2025-11-28T13:00,24.7,29,22.9,0.00,0.00,0.00
2025-11-28T14:00,25.1,27,22.5,0.00,0.00,0.00
2025-11-28T15:00,25.0,25,21.4,0.00,0.00,0.00
2025-11-28T16:00,23.7,27,20.0,0.00,0.00,0.00
2025-11-28T17:00,20.7,38,18.0,0.00,0.00,0.00
2025-11-28T18:00,19.1,44,16.4,0.00,0.00,0.00
2025-11-28T19:00,17.3,53,14.9,0.00,0.00,0.00
2025-11-28T20:00,15.9,60,13.6,0.00,0.00,0.00
2025-11-28T21:00,14.9,66,12.8,0.00,0.00,0.00
2025-11-28T22:00,14.4,72,12.4,0.00,0.00,0.00
2025-11-28T23:00,13.9,77,12.2,0.00,0.00,0.00
2025-11-29T00:00,13.5,79,11.7,0.00,0.00,0.00
2025-11-29T01:00,13.0,80,11.3,0.00,0.00,0.00
2025-11-29T02:00,12.6,81,10.9,0.00,0.00,0.00
2025-11-29T03:00,12.4,80,10.6,0.00,0.00,0.00
2025-11-29T04:00,12.1,81,10.3,0.00,0.00,0.00
2025-11-29T05:00,11.7,82,9.9,0.00,0.00,0.00
2025-11-29T06:00,11.8,80,9.9,0.00,0.00,0.00
2025-11-29T07:00,13.3,73,11.1,0.00,0.00,0.00
2025-11-29T08:00,16.7,60,15.1,0.00,0.00,0.00
2025-11-29T09:00,19.6,48,17.6,0.00,0.00,0.00
2025-11-29T10:00,21.7,37,19.5,0.00,0.00,0.00
2025-11-29T11:00,23.2,31,21.5,0.00,0.00,0.00
2025-11-29T12:00,24.2,29,22.6,0.00,0.00,0.00
2025-11-29T13:00,24.8,28,23.1,0.00,0.00,0.00
2025-11-29T14:00,25.2,27,23.0,0.00,0.00,0.00
2025-11-29T15:00,25.1,27,22.3,0.00,0.00,0.00
2025-11-29T16:00,24.1,27,20.9,0.00,0.00,0.00
2025-11-29T17:00,20.7,38,18.2,0.00,0.00,0.00
2025-11-29T18:00,19.0,41,16.0,0.00,0.00,0.00
2025-11-29T19:00,17.6,49,15.0,0.00,0.00,0.00
2025-11-29T20:00,16.5,55,14.1,0.00,0.00,0.00
2025-11-29T21:00,15.7,59,13.6,0.00,0.00,0.00
2025-11-29T22:00,15.2,62,13.0,0.00,0.00,0.00
2025-11-29T23:00,14.8,66,12.6,0.00,0.00,0.00
2025-11-30T00:00,14.1,70,12.2,0.00,0.00,0.00
2025-11-30T01:00,13.8,72,11.9,0.00,0.00,0.00
2025-11-30T02:00,13.8,71,11.9,0.00,0.00,0.00
2025-11-30T03:00,13.7,70,11.7,0.00,0.00,0.00
2025-11-30T04:00,13.3,71,11.4,0.00,0.00,0.00
2025-11-30T05:00,12.8,75,10.7,0.00,0.00,0.00
2025-11-30T06:00,12.7,74,10.7,0.00,0.00,0.00
2025-11-30T07:00,14.1,68,11.6,0.00,0.00,0.00
2025-11-30T08:00,17.3,58,15.3,0.00,0.00,0.00
2025-11-30T09:00,20.2,47,17.9,0.00,0.00,0.00
2025-11-30T10:00,22.1,39,19.5,0.00,0.00,0.00
2025-11-30T11:00,23.3,34,21.1,0.00,0.00,0.00
2025-11-30T12:00,24.2,31,22.3,0.00,0.00,0.00
2025-11-30T13:00,24.6,30,22.7,0.00,0.00,0.00
2025-11-30T14:00,24.7,30,22.3,0.00,0.00,0.00
2025-11-30T15:00,24.4,31,21.9,0.00,0.00,0.00
2025-11-30T16:00,23.5,33,21.1,0.00,0.00,0.00
2025-11-30T17:00,20.4,43,18.5,0.00,0.00,0.00
2025-11-30T18:00,18.9,48,16.9,0.00,0.00,0.00
2025-11-30T19:00,18.2,51,15.7,0.00,0.00,0.00
2025-11-30T20:00,17.2,55,14.9,0.00,0.00,0.00
2025-11-30T21:00,16.4,59,14.2,0.00,0.00,0.00
2025-11-30T22:00,15.8,61,13.8,0.00,0.00,0.00
2025-11-30T23:00,15.0,66,13.3,0.00,0.00,0.00
2025-12-01T00:00,14.5,68,12.5,0.00,0.00,0.00
2025-12-01T01:00,14.3,68,12.4,0.00,0.00,0.00
2025-12-01T02:00,13.9,70,12.1,0.00,0.00,0.00
2025-12-01T03:00,13.7,72,11.8,0.00,0.00,0.00
2025-12-01T04:00,13.7,72,11.8,0.00,0.00,0.00
2025-12-01T05:00,13.5,72,11.5,0.00,0.00,0.00
2025-12-01T06:00,13.3,72,11.5,0.00,0.00,0.00
2025-12-01T07:00,14.6,68,12.5,0.00,0.00,0.00
2025-12-01T08:00,17.7,58,16.0,0.00,0.00,0.00
2025-12-01T09:00,20.5,49,18.6,0.00,0.00,0.00
2025-12-01T10:00,22.3,44,20.5,0.00,0.00,0.00
2025-12-01T11:00,23.5,39,22.5,0.00,0.00,0.00
2025-12-01T12:00,24.4,36,23.9,0.00,0.00,0.00
2025-12-01T13:00,24.8,34,24.2,0.00,0.00,0.00
2025-12-01T14:00,24.9,34,23.7,0.00,0.00,0.00
2025-12-01T15:00,24.6,36,23.3,0.00,0.00,0.00
2025-12-01T16:00,23.9,38,22.7,0.00,0.00,0.00
2025-12-01T17:00,20.8,51,20.0,0.00,0.00,0.00
2025-12-01T18:00,20.0,52,18.7,0.00,0.00,0.00
2025-12-01T19:00,18.7,59,17.3,0.00,0.00,0.00
2025-12-01T20:00,17.9,62,16.5,0.00,0.00,0.00
2025-12-01T21:00,16.9,64,15.5,0.00,0.00,0.00
2025-12-01T22:00,16.4,65,15.2,0.00,0.00,0.00
2025-12-01T23:00,15.5,70,14.6,0.00,0.00,0.00
2025-12-02T00:00,15.0,71,14.0,0.00,0.00,0.00
2025-12-02T01:00,14.0,74,12.8,0.00,0.00,0.00
2025-12-02T02:00,13.3,77,12.3,0.00,0.00,0.00
2025-12-02T03:00,13.3,76,12.0,0.00,0.00,0.00
2025-12-02T04:00,13.1,76,11.8,0.00,0.00,0.00
2025-12-02T05:00,12.6,78,11.2,0.00,0.00,0.00
2025-12-02T06:00,12.7,78,11.0,0.00,0.00,0.00
2025-12-02T07:00,14.1,73,12.2,0.00,0.00,0.00
2025-12-02T08:00,17.2,64,15.7,0.00,0.00,0.00
2025-12-02T09:00,20.2,52,18.7,0.00,0.00,0.00
2025-12-02T10:00,21.9,44,20.1,0.00,0.00,0.00
2025-12-02T11:00,23.1,42,22.0,0.00,0.00,0.00
2025-12-02T12:00,24.1,39,23.6,0.00,0.00,0.00
2025-12-02T13:00,24.6,38,23.9,0.00,0.00,0.00
2025-12-02T14:00,24.8,37,23.5,0.00,0.00,0.00
2025-12-02T15:00,24.5,37,23.0,0.00,0.00,0.00
2025-12-02T16:00,23.8,39,22.2,0.00,0.00,0.00
2025-12-02T17:00,20.6,50,19.5,0.00,0.00,0.00
2025-12-02T18:00,19.0,56,17.8,0.00,0.00,0.00
2025-12-02T19:00,17.6,61,16.6,0.00,0.00,0.00
2025-12-02T20:00,16.5,66,15.6,0.00,0.00,0.00
2025-12-02T21:00,15.7,68,14.7,0.00,0.00,0.00
2025-12-02T22:00,15.1,70,13.9,0.00,0.00,0.00
2025-12-02T23:00,14.6,72,13.4,0.00,0.00,0.00
2025-12-03T00:00,13.9,74,12.5,0.00,0.00,0.00
2025-12-03T01:00,13.6,73,12.0,0.00,0.00,0.00
2025-12-03T02:00,13.3,72,11.5,0.00,0.00,0.00
2025-12-03T03:00,13.0,72,11.0,0.00,0.00,0.00
2025-12-03T04:00,12.9,72,10.8,0.00,0.00,0.00
2025-12-03T05:00,12.9,76,10.9,0.00,0.00,0.00
2025-12-03T06:00,13.2,75,11.2,0.00,0.00,0.00
2025-12-03T07:00,14.5,71,12.4,0.00,0.00,0.00
2025-12-03T08:00,17.4,61,15.7,0.00,0.00,0.00
2025-12-03T09:00,20.4,47,18.2,0.00,0.00,0.00
2025-12-03T10:00,22.3,39,19.8,0.00,0.00,0.00
2025-12-03T11:00,23.2,37,21.3,0.00,0.00,0.00
2025-12-03T12:00,24.0,35,22.5,0.00,0.00,0.00
2025-12-03T13:00,24.4,34,23.0,0.00,0.00,0.00
2025-12-03T14:00,24.5,34,22.6,0.00,0.00,0.00
2025-12-03T15:00,24.2,34,21.9,0.00,0.00,0.00
2025-12-03T16:00,23.2,37,21.0,0.00,0.00,0.00
2025-12-03T17:00,20.1,48,18.5,0.00,0.00,0.00
2025-12-03T18:00,18.7,52,17.1,0.00,0.00,0.00
2025-12-03T19:00,17.6,56,15.9,0.00,0.00,0.00
2025-12-03T20:00,16.6,63,14.9,0.00,0.00,0.00
2025-12-03T21:00,16.3,65,14.5,0.00,0.00,0.00
2025-12-03T22:00,15.8,65,13.7,0.00,0.00,0.00
2025-12-03T23:00,15.5,67,13.5,0.00,0.00,0.00
2025-12-04T00:00,15.0,70,13.1,0.00,0.00,0.00
2025-12-04T01:00,14.6,72,12.8,0.00,0.00,0.00
2025-12-04T02:00,14.2,73,12.4,0.00,0.00,0.00
2025-12-04T03:00,13.9,74,12.1,0.00,0.00,0.00
2025-12-04T04:00,13.5,75,11.7,0.00,0.00,0.00
2025-12-04T05:00,13.3,75,11.5,0.00,0.00,0.00
2025-12-04T06:00,13.4,74,11.6,0.00,0.00,0.00
2025-12-04T07:00,14.5,70,12.3,0.00,0.00,0.00
2025-12-04T08:00,17.6,59,15.7,0.00,0.00,0.00
2025-12-04T09:00,20.5,47,18.5,0.00,0.00,0.00
2025-12-04T10:00,22.3,38,20.1,0.00,0.00,0.00
2025-12-04T11:00,23.3,35,22.0,0.00,0.00,0.00
2025-12-04T12:00,24.2,33,23.2,0.00,0.00,0.00
2025-12-04T13:00,24.6,32,23.5,0.00,0.00,0.00
2025-12-04T14:00,24.7,31,23.1,0.00,0.00,0.00
2025-12-04T15:00,24.4,32,22.4,0.00,0.00,0.00
2025-12-04T16:00,23.7,35,21.7,0.00,0.00,0.00
2025-12-04T17:00,20.0,48,18.7,0.00,0.00,0.00
2025-12-04T18:00,19.0,52,17.4,0.00,0.00,0.00
2025-12-04T19:00,17.8,58,16.2,0.00,0.00,0.00
2025-12-04T20:00,16.6,63,15.1,0.00,0.00,0.00
2025-12-04T21:00,15.9,66,14.3,0.00,0.00,0.00
2025-12-04T22:00,15.3,68,13.7,0.00,0.00,0.00
2025-12-04T23:00,14.7,72,13.3,0.00,0.00,0.00
2025-12-05T00:00,14.2,75,12.8,0.00,0.00,0.00
2025-12-05T01:00,13.7,79,12.4,0.00,0.00,0.00
2025-12-05T02:00,13.4,81,11.9,0.00,0.00,0.00
2025-12-05T03:00,13.3,79,11.6,0.00,0.00,0.00
2025-12-05T04:00,12.9,80,11.1,0.00,0.00,0.00
2025-12-05T05:00,12.5,79,10.7,0.00,0.00,0.00
2025-12-05T06:00,12.5,77,10.6,0.00,0.00,0.00
2025-12-05T07:00,13.5,71,11.2,0.00,0.00,0.00
2025-12-05T08:00,16.4,60,14.4,0.00,0.00,0.00
2025-12-05T09:00,19.2,52,17.0,0.00,0.00,0.00
2025-12-05T10:00,21.1,45,19.0,0.00,0.00,0.00
2025-12-05T11:00,22.4,41,21.0,0.00,0.00,0.00
2025-12-05T12:00,23.5,37,22.3,0.00,0.00,0.00
2025-12-05T13:00,24.1,34,22.7,0.00,0.00,0.00
2025-12-05T14:00,24.3,33,22.3,0.00,0.00,0.00
2025-12-05T15:00,24.1,33,21.5,0.00,0.00,0.00
2025-12-05T16:00,23.0,33,20.2,0.00,0.00,0.00
2025-12-05T17:00,20.1,41,17.5,0.00,0.00,0.00
2025-12-05T18:00,18.5,47,15.6,0.00,0.00,0.00
2025-12-05T19:00,16.8,55,14.2,0.00,0.00,0.00
2025-12-05T20:00,15.6,59,13.1,0.00,0.00,0.00
2025-12-05T21:00,14.7,62,12.4,0.00,0.00,0.00
2025-12-05T22:00,13.8,67,11.6,0.00,0.00,0.00
2025-12-05T23:00,13.0,72,11.0,0.00,0.00,0.00
2025-12-06T00:00,12.4,75,10.3,0.00,0.00,0.00
2025-12-06T01:00,12.1,76,9.8,0.00,0.00,0.00
2025-12-06T02:00,11.5,76,9.1,0.00,0.00,0.00
2025-12-06T03:00,11.1,73,8.4,0.00,0.00,0.00
2025-12-06T04:00,10.8,69,7.8,0.00,0.00,0.00
2025-12-06T05:00,11.0,62,7.5,0.00,0.00,0.00
2025-12-06T06:00,10.9,58,7.4,0.00,0.00,0.00
2025-12-06T07:00,11.8,53,8.1,0.00,0.00,0.00
2025-12-06T08:00,15.0,44,11.5,0.00,0.00,0.00
2025-12-06T09:00,18.0,35,14.6,0.00,0.00,0.00
2025-12-06T10:00,20.4,30,17.3,0.00,0.00,0.00
2025-12-06T11:00,22.1,29,20.1,0.00,0.00,0.00
2025-12-06T12:00,23.4,26,21.8,0.00,0.00,0.00
2025-12-06T13:00,24.1,25,22.6,0.00,0.00,0.00
2025-12-06T14:00,24.4,25,22.2,0.00,0.00,0.00
2025-12-06T15:00,24.4,25,22.0,0.00,0.00,0.00
2025-12-06T16:00,23.5,28,21.0,0.00,0.00,0.00
2025-12-06T17:00,19.7,35,17.1,0.00,0.00,0.00
2025-12-06T18:00,18.1,39,15.1,0.00,0.00,0.00
2025-12-06T19:00,16.6,44,13.4,0.00,0.00,0.00
2025-12-06T20:00,15.4,49,12.2,0.00,0.00,0.00
2025-12-06T21:00,14.3,49,11.1,0.00,0.00,0.00
2025-12-06T22:00,13.8,47,10.2,0.00,0.00,0.00
2025-12-06T23:00,13.2,52,9.7,0.00,0.00,0.00
2025-12-07T00:00,12.7,56,9.3,0.00,0.00,0.00
2025-12-07T01:00,12.7,57,9.5,0.00,0.00,0.00
2025-12-07T02:00,12.7,55,9.6,0.00,0.00,0.00
2025-12-07T03:00,12.7,54,9.5,0.00,0.00,0.00
2025-12-07T04:00,12.4,54,9.3,0.00,0.00,0.00
2025-12-07T05:00,12.4,54,9.3,0.00,0.00,0.00
2025-12-07T06:00,12.4,51,9.3,0.00,0.00,0.00
2025-12-07T07:00,13.6,47,10.2,0.00,0.00,0.00
2025-12-07T08:00,17.0,39,13.6,0.00,0.00,0.00
2025-12-07T09:00,20.1,32,17.0,0.00,0.00,0.00
2025-12-07T10:00,22.8,25,19.6,0.00,0.00,0.00
2025-12-07T11:00,24.6,23,21.8,0.00,0.00,0.00
2025-12-07T12:00,25.6,20,22.7,0.00,0.00,0.00
2025-12-07T13:00,26.0,19,22.7,0.00,0.00,0.00
2025-12-07T14:00,26.2,18,22.6,0.00,0.00,0.00
2025-12-07T15:00,25.9,18,22.1,0.00,0.00,0.00
2025-12-07T16:00,24.4,23,21.2,0.00,0.00,0.00
2025-12-07T17:00,20.4,32,17.7,0.00,0.00,0.00
2025-12-07T18:00,18.9,36,16.0,0.00,0.00,0.00
2025-12-07T19:00,17.6,44,14.8,0.00,0.00,0.00
2025-12-07T20:00,16.3,54,13.9,0.00,0.00,0.00
2025-12-07T21:00,15.2,59,13.0,0.00,0.00,0.00
2025-12-07T22:00,14.4,60,12.2,0.00,0.00,0.00
2025-12-07T23:00,13.8,60,11.4,0.00,0.00,0.00

time,temperature_2m_max (°C),temperature_2m_min (°C),temperature_2m_mean (°C)
2025-01-24,27.1,14.2,20.1
2025-01-25,27.6,13.5,19.8
2025-01-26,27.9,12.6,19.2
2025-01-27,27.5,12.3,19.0
2025-01-28,27.6,12.6,19.5
2025-01-29,27.9,15.7,21.3
2025-01-30,30.0,17.7,22.7
2025-01-31,28.7,15.9,22.0
2025-02-01,29.0,16.0,22.2
2025-02-02,29.0,16.1,22.2
2025-02-03,29.8,17.3,23.2
2025-02-04,30.2,18.0,23.7
2025-02-05,30.2,18.4,23.5
2025-02-06,26.1,15.6,20.0
2025-02-07,26.8,14.5,19.8
2025-02-08,29.3,14.7,21.1
2025-02-09,29.5,15.2,21.9
2025-02-10,29.9,17.2,23.2
2025-02-11,31.1,16.9,23.6
2025-02-12,29.9,17.4,23.0
2025-02-13,27.7,15.5,20.8
2025-02-14,28.5,13.9,20.9
2025-02-15,30.1,15.1,22.6
2025-02-16,30.7,17.8,23.8
2025-02-17,30.8,16.2,23.4
2025-02-18,31.4,16.9,23.6
2025-02-19,30.5,17.9,23.8
2025-02-20,30.9,17.6,23.8
2025-02-21,30.6,17.5,23.7
2025-02-22,29.6,18.3,23.2
2025-02-23,29.7,15.0,22.2
2025-02-24,29.3,16.1,22.5
2025-02-25,29.2,16.6,22.8
2025-02-26,30.8,16.7,23.5
2025-02-27,31.4,17.6,24.2
2025-02-28,32.2,19.5,25.3
2025-03-01,32.4,20.3,26.0
2025-03-02,33.1,19.6,25.8
2025-03-03,32.7,18.7,25.5
2025-03-04,32.7,19.1,25.5
2025-03-05,29.1,16.1,21.8
2025-03-06,30.5,14.6,22.1
2025-03-07,32.1,15.2,23.6
2025-03-08,33.0,18.6,25.6
2025-03-09,33.2,18.9,25.8
2025-03-10,32.9,19.8,26.0
2025-03-11,34.7,19.0,26.7
2025-03-12,36.2,20.5,28.1
2025-03-13,35.8,23.7,29.5
2025-03-14,35.9,23.7,29.2
2025-03-15,36.4,23.4,29.3
2025-03-16,35.5,22.2,28.9
2025-03-17,34.4,22.0,27.7
2025-03-18,35.2,20.0,27.0
2025-03-19,35.2,21.7,28.3
2025-03-20,35.2,24.0,29.0
2025-03-21,34.9,21.3,27.5
2025-03-22,33.7,19.8,26.2
2025-03-23,33.6,19.3,26.5
2025-03-24,34.2,19.1,26.2
2025-03-25,35.3,19.0,26.9
2025-03-26,36.1,20.6,28.3
2025-03-27,37.5,20.6,29.8
2025-03-28,37.8,25.8,30.7
2025-03-29,37.7,22.7,29.2
2025-03-30,37.8,21.5,29.3
2025-03-31,37.1,22.6,29.8
2025-04-01,32.6,24.0,27.9
2025-04-02,30.8,20.4,25.8
2025-04-03,32.0,21.4,26.0
2025-04-04,34.8,20.9,27.5
2025-04-05,36.9,21.7,28.7
2025-04-06,37.7,22.1,29.8
2025-04-07,38.4,21.7,30.4
2025-04-08,38.0,23.3,30.1
2025-04-09,36.7,23.6,29.6
2025-04-10,38.2,23.0,30.4
2025-04-11,38.0,24.4,30.7
2025-04-12,35.2,24.2,29.5
2025-04-13,36.8,22.9,29.6
2025-04-14,35.9,23.1,30.0
2025-04-15,36.8,23.0,30.2
2025-04-16,36.2,23.0,29.6
2025-04-17,39.2,24.6,31.0
2025-04-18,38.4,26.0,32.2
2025-04-19,39.9,28.6,33.4
2025-04-20,39.0,24.7,32.1
2025-04-21,39.3,26.6,32.7
2025-04-22,40.6,25.6,33.3
2025-04-23,40.8,25.5,33.3
2025-04-24,40.4,24.7,32.7
2025-04-25,40.4,25.6,32.8
2025-04-26,38.0,26.3,32.1
2025-04-27,34.7,24.8,29.2
2025-04-28,38.1,24.2,30.4
2025-04-29,38.4,22.6,30.4
2025-04-30,39.3,22.6,30.6
2025-05-01,37.5,22.8,29.6
2025-05-02,37.3,22.9,28.4
2025-05-03,37.3,23.9,29.4
2025-05-04,33.1,22.6,27.1
2025-05-05,35.4,23.6,28.6
2025-05-06,34.6,21.6,28.0
2025-05-07,33.3,22.3,27.5
2025-05-08,33.4,21.9,27.7
2025-05-09,33.9,22.5,28.5
2025-05-10,35.9,24.1,29.5
2025-05-11,35.0,24.4,29.3
2025-05-12,36.0,24.3,29.4
2025-05-13,35.2,25.9,30.4
2025-05-14,35.4,25.3,30.0
2025-05-15,33.9,25.5,29.5
2025-05-16,35.9,26.5,30.0
2025-05-17,36.9,25.5,29.3
2025-05-18,35.7,25.0,30.0
2025-05-19,35.7,26.1,30.2
2025-05-20,36.2,26.0,30.7
2025-05-21,36.2,24.0,29.9
2025-05-22,29.7,23.5,26.1
2025-05-23,33.2,22.3,27.9
2025-05-24,31.1,23.9,26.7
2025-05-25,33.2,23.1,26.6
2025-05-26,34.2,23.8,27.8
2025-05-27,35.1,23.7,28.3
2025-05-28,34.1,25.0,28.5
2025-05-29,34.9,25.9,29.5
2025-05-30,34.1,25.6,28.4
2025-05-31,34.5,25.5,29.5
2025-06-01,33.3,24.0,28.5
2025-06-02,32.8,24.4,28.1
2025-06-03,32.3,24.4,28.0
2025-06-04,32.4,24.2,27.5
2025-06-05,34.2,24.0,28.9
2025-06-06,35.9,24.2,29.9
2025-06-07,35.0,25.5,29.8
2025-06-08,36.7,26.9,31.6
2025-06-09,38.1,27.2,32.4
2025-06-10,38.8,26.8,32.4
2025-06-11,36.7,26.0,30.9
2025-06-12,35.8,26.1,31.0
2025-06-13,34.7,25.3,30.1
2025-06-14,35.1,25.8,29.7
2025-06-15,34.1,24.6,28.7
2025-06-16,33.1,23.3,27.7
2025-06-17,29.6,23.0,26.6
2025-06-18,33.1,25.1,27.8
2025-06-19,31.2,23.5,26.2
2025-06-20,30.5,21.7,25.5
2025-06-21,31.0,23.4,26.4
2025-06-22,29.2,23.0,25.2
2025-06-23,30.6,22.9,25.6
2025-06-24,29.8,22.8,24.7
2025-06-25,30.2,22.6,25.3
2025-06-26,27.2,22.9,24.4
2025-06-27,29.0,22.5,25.2
2025-06-28,28.8,23.0,25.3
2025-06-29,26.8,22.5,23.7
2025-06-30,29.3,22.3,24.8
2025-07-01,26.9,22.2,24.2
2025-07-02,27.8,23.0,24.8
2025-07-03,29.7,22.6,25.1
2025-07-04,24.1,22.7,23.3
2025-07-05,26.0,22.8,24.1
2025-07-06,25.6,22.4,23.7
2025-07-07,25.6,22.3,23.2
2025-07-08,27.2,21.8,23.8
2025-07-09,28.0,21.8,24.5
2025-07-10,29.2,22.6,25.5
2025-07-11,28.4,22.8,25.5
2025-07-12,30.2,22.6,25.1
2025-07-13,28.5,22.8,25.5
2025-07-14,30.1,22.7,25.5
2025-07-15,28.8,22.8,25.2
2025-07-16,29.5,22.6,25.4
2025-07-17,29.0,23.3,25.2
2025-07-18,30.4,22.8,26.0
2025-07-19,30.3,21.5,25.9
2025-07-20,30.4,23.8,26.4
2025-07-21,30.7,23.3,26.3
2025-07-22,28.8,23.5,26.0
2025-07-23,28.8,23.8,25.6
2025-07-24,27.0,22.8,24.4
2025-07-25,27.6,21.9,24.4
2025-07-26,26.0,22.8,23.8
2025-07-27,27.9,22.2,24.3
2025-07-28,27.1,22.2,24.2
2025-07-29,23.7,21.5,22.7
2025-07-30,27.2,21.4,23.9
2025-07-31,28.6,21.6,24.9
2025-08-01,29.6,22.2,25.3
2025-08-02,29.1,22.5,25.5
2025-08-03,29.8,22.8,25.7
2025-08-04,30.4,22.1,26.0
2025-08-05,30.6,22.7,26.2
2025-08-06,30.4,22.2,26.2
2025-08-07,30.2,23.3,25.9
2025-08-08,28.3,22.1,24.5
2025-08-09,28.4,22.1,24.7
2025-08-10,29.1,21.7,25.0
2025-08-11,29.6,22.5,25.5
2025-08-12,29.9,23.1,25.7
2025-08-13,27.0,23.2,24.7
2025-08-14,29.1,22.7,25.4
2025-08-15,28.8,22.1,24.8
2025-08-16,27.0,22.8,24.6
2025-08-17,28.7,22.7,25.0
2025-08-18,28.2,22.4,25.0
2025-08-19,28.4,22.8,24.7
2025-08-20,25.2,22.4,23.4
2025-08-21,27.5,22.2,23.9
2025-08-22,26.5,22.5,23.8
2025-08-23,26.4,22.1,23.3
2025-08-24,26.0,21.4,23.5
2025-08-25,27.1,21.7,23.9
2025-08-26,28.5,22.0,24.5
2025-08-27,28.5,22.3,24.9
2025-08-28,28.7,21.8,24.7
2025-08-29,28.1,21.9,24.6
2025-08-30,28.4,21.8,24.6
2025-08-31,27.6,22.7,24.6
2025-09-01,27.6,22.9,24.5
2025-09-02,28.0,22.1,24.6
2025-09-03,27.3,22.2,23.5
2025-09-04,27.4,21.6,23.9
2025-09-05,27.3,21.7,23.7
2025-09-06,26.8,21.9,23.6
2025-09-07,27.9,21.2,24.0
2025-09-08,28.6,21.4,24.1
2025-09-09,29.2,21.9,25.0
2025-09-10,28.6,22.4,25.0
2025-09-11,28.7,22.9,25.0
2025-09-12,28.4,22.5,24.9
2025-09-13,28.7,22.7,25.0
2025-09-14,28.0,22.7,24.9
2025-09-15,28.1,22.3,24.4
2025-09-16,28.5,22.2,24.0
2025-09-17,28.5,21.7,24.3
2025-09-18,27.9,22.1,24.7
2025-09-19,29.4,22.0,25.1
2025-09-20,29.4,22.0,24.8
2025-09-21,29.9,22.2,25.6
2025-09-22,30.3,22.7,26.1
2025-09-23,29.7,22.0,25.7
2025-09-24,29.7,22.7,25.9
2025-09-25,28.8,23.3,25.3
2025-09-26,29.9,23.2,26.0
2025-09-27,27.2,22.3,23.8
2025-09-28,27.4,22.2,24.0
2025-09-29,28.1,21.3,24.0
2025-09-30,28.8,21.2,24.3
2025-10-01,29.0,21.7,24.5
2025-10-02,28.8,21.8,25.1
2025-10-03,29.4,22.7,25.3
2025-10-04,29.2,22.0,25.2
2025-10-05,28.8,22.3,24.4
2025-10-06,27.0,21.4,23.4
2025-10-07,28.9,20.6,24.2
2025-10-08,28.4,19.8,23.4
2025-10-09,28.5,19.9,23.9
2025-10-10,27.2,19.5,23.1
2025-10-11,28.1,18.9,23.0
2025-10-12,27.9,17.6,22.5
2025-10-13,29.6,17.9,23.3
2025-10-14,29.3,19.2,24.0
2025-10-15,29.6,20.1,24.5
2025-10-16,29.0,20.3,24.4
2025-10-17,29.7,19.7,24.6
2025-10-18,30.2,19.6,24.6
2025-10-19,30.7,19.2,24.3
2025-10-20,30.2,19.4,24.7
2025-10-21,30.4,21.2,24.9
2025-10-22,30.7,21.4,25.3
2025-10-23,30.2,21.0,25.3
2025-10-24,30.3,20.9,25.2
2025-10-25,25.1,21.6,23.0
2025-10-26,26.4,20.6,22.3
2025-10-27,28.7,20.1,23.9
2025-10-28,26.6,20.8,23.6
2025-10-29,28.3,21.6,23.9
2025-10-30,25.7,21.4,23.1
2025-10-31,26.4,20.2,22.8
2025-11-01,29.0,19.6,23.8
2025-11-02,28.5,20.3,23.8
2025-11-03,29.3,20.4,24.1
2025-11-04,27.8,20.2,23.4
2025-11-05,28.6,18.8,23.0
2025-11-06,28.2,18.6,22.9
2025-11-07,27.1,16.2,21.0
2025-11-08,26.9,14.8,20.1
2025-11-09,26.0,12.7,18.7
2025-11-10,26.1,12.2,18.7
2025-11-11,25.8,12.5,18.7
2025-11-12,26.4,13.2,19.1
2025-11-13,26.0,12.7,18.8
2025-11-14,25.9,12.8,18.9
2025-11-15,25.7,13.3,18.7
2025-11-16,24.9,12.6,18.0
2025-11-17,24.8,12.3,17.6
2025-11-18,25.9,12.2,18.3
2025-11-19,26.0,12.5,18.8
2025-11-20,26.5,12.8,19.3
2025-11-21,27.1,13.4,19.9
2025-11-22,27.2,13.6,20.0
2025-11-23,28.6,14.0,20.8
2025-11-24,27.1,15.7,21.3
2025-11-25,26.7,16.3,21.2
2025-11-26,26.5,16.0,21.2
2025-11-27,26.4,15.9,20.5
2025-11-28,25.1,13.5,18.2
2025-11-29,25.2,11.7,17.7
2025-11-30,24.7,12.7,18.1
2025-12-01,24.9,13.3,18.5
2025-12-02,24.8,12.6,18.0
2025-12-03,24.5,12.9,18.0
2025-12-04,24.7,13.3,18.2
2025-12-05,24.3,12.5,17.3
2025-12-06,24.4,10.8,16.6
2025-12-07,26.2,12.4,17.9
